2026-01-07 02:19:22,481 [INFO] 設定檔載入成功: config.json
2026-01-07 02:19:23,074 [INFO]  數據源連線成功 (Real Market)
2026-01-07 02:19:23,075 [WARNING] [MODE] 啟動 Testnet 測試網模式
2026-01-07 02:19:23,077 [INFO]  已載入策略: ['TEST_LOOP']
2026-01-07 02:19:24,414 [INFO]  同步交易所槓桿: 5x
2026-01-07 02:19:24,839 [INFO]  [CONFIG] 成功設定 BTCUSDT 槓桿為 5x
2026-01-07 02:19:24,840 [INFO]  開始策略熱機 (Warm-up)...
2026-01-07 02:19:25,286 [INFO]  熱機完成
2026-01-07 02:19:25,286 [INFO] ----------------------------------------------------
2026-01-07 02:19:25,413 [INFO]  [SIGNAL] TEST_LOOP | LONG | 強制測試 [開倉] 訊號
2026-01-07 02:19:25,556 [INFO] 📋 [ORDER] 發送訂單 | BUY BTCUSDT | Qty: 0.005
2026-01-07 02:19:25,691 [INFO]  訂單已送出 (ID: 11437949059)，等待撮合...
2026-01-07 02:19:28,760 [INFO]  [DB] 交易已儲存: LONG 0.005 BTCUSDT
2026-01-07 02:19:30,109 [INFO]  [VERIFIED] 訂單確認完成 | 均價: 91786.72
2026-01-07 02:19:33,180 [WARNING]  用戶手動停止
2026-01-07 02:24:57,273 [INFO] 設定檔載入成功: config.json
2026-01-07 02:24:57,925 [INFO]  數據源連線成功 (Real Market)
2026-01-07 02:24:57,927 [WARNING] [MODE] 啟動 Testnet 測試網模式
2026-01-07 02:24:57,929 [INFO]  已載入策略: ['TEST_LOOP']
2026-01-07 02:24:59,289 [INFO]  同步交易所槓桿: 5x
2026-01-07 02:24:59,992 [INFO]  [CONFIG] 成功設定 BTCUSDT 槓桿為 5x
2026-01-07 02:24:59,992 [INFO]  開始策略熱機 (Warm-up)...
2026-01-07 02:25:00,459 [INFO]  熱機完成
2026-01-07 02:25:00,459 [INFO] ----------------------------------------------------
2026-01-07 02:25:00,630 [INFO]  [SIGNAL] TEST_LOOP | LONG | 強制測試 [開倉] 訊號
2026-01-07 02:25:00,761 [INFO] 📋 [ORDER] 發送訂單 | BUY BTCUSDT | Qty: 0.005
2026-01-07 02:25:00,886 [INFO]  訂單已送出 (ID: 11438046009)，等待撮合...
2026-01-07 02:25:04,017 [INFO]  [DB] 交易已儲存: LONG 0.005 BTCUSDT
2026-01-07 02:25:05,496 [INFO]  [VERIFIED] 訂單確認完成 | 均價: 91822.29999999999
2026-01-07 02:25:15,498 [INFO] ----------------------------------------------------
2026-01-07 02:25:15,623 [INFO]  [SNAPSHOT] BTCUSDT | 持倉: 0.005 | 均價: 91822.3 | PnL: 0.03843831 U
2026-01-07 02:25:15,623 [INFO]  [SIGNAL] TEST_LOOP | CLOSE | 強制測試 [平倉] 訊號
2026-01-07 02:25:15,628 [INFO] 📋 [ORDER] 發送訂單 | SELL BTCUSDT | Qty: 0.005
2026-01-07 02:25:15,685 [INFO]  訂單已送出 (ID: 11438053059)，等待撮合...
2026-01-07 02:25:18,828 [INFO]  [DB] 交易已儲存: CLOSE 0.005 BTCUSDT
2026-01-07 02:25:20,294 [INFO]  [VERIFIED] 訂單確認完成 | 均價: 91824.01999999999
2026-01-07 02:25:30,294 [INFO] ----------------------------------------------------
2026-01-07 02:25:30,577 [INFO]  [SIGNAL] TEST_LOOP | LONG | 強制測試 [開倉] 訊號
2026-01-07 02:25:30,583 [INFO] 📋 [ORDER] 發送訂單 | BUY BTCUSDT | Qty: 0.005
2026-01-07 02:25:30,701 [INFO]  訂單已送出 (ID: 11438059543)，等待撮合...
2026-01-07 02:25:33,762 [INFO]  [DB] 交易已儲存: LONG 0.005 BTCUSDT
2026-01-07 02:25:35,312 [INFO]  [VERIFIED] 訂單確認完成 | 均價: 91866.5
2026-01-07 02:25:45,313 [INFO] ----------------------------------------------------
2026-01-07 02:25:45,466 [INFO]  [SNAPSHOT] BTCUSDT | 持倉: 0.005 | 均價: 91866.5 | PnL: -0.03508288 U
2026-01-07 02:25:45,467 [INFO]  [SIGNAL] TEST_LOOP | CLOSE | 強制測試 [平倉] 訊號
2026-01-07 02:25:45,476 [INFO] 📋 [ORDER] 發送訂單 | SELL BTCUSDT | Qty: 0.005
2026-01-07 02:25:45,533 [INFO]  訂單已送出 (ID: 11438061404)，等待撮合...
2026-01-07 02:25:48,598 [INFO]  [DB] 交易已儲存: CLOSE 0.005 BTCUSDT
2026-01-07 02:25:50,163 [INFO]  [VERIFIED] 訂單確認完成 | 均價: 91863.3
2026-01-07 02:26:00,164 [INFO] ----------------------------------------------------
2026-01-07 02:26:00,290 [INFO]  [SIGNAL] TEST_LOOP | LONG | 強制測試 [開倉] 訊號
2026-01-07 02:26:00,295 [INFO] 📋 [ORDER] 發送訂單 | BUY BTCUSDT | Qty: 0.005
2026-01-07 02:26:00,355 [INFO]  訂單已送出 (ID: 11438065472)，等待撮合...
2026-01-07 02:26:03,417 [INFO]  [DB] 交易已儲存: LONG 0.005 BTCUSDT
2026-01-07 02:26:05,089 [INFO]  [VERIFIED] 訂單確認完成 | 均價: 91872.79999999999
2026-01-07 02:26:15,090 [INFO] ----------------------------------------------------
2026-01-07 02:26:15,223 [INFO]  [SNAPSHOT] BTCUSDT | 持倉: 0.005 | 均價: 91872.8 | PnL: -0.01447545 U
2026-01-07 02:26:15,225 [INFO]  [SIGNAL] TEST_LOOP | CLOSE | 強制測試 [平倉] 訊號
2026-01-07 02:26:15,231 [INFO] 📋 [ORDER] 發送訂單 | SELL BTCUSDT | Qty: 0.005
2026-01-07 02:26:15,288 [INFO]  訂單已送出 (ID: 11438071562)，等待撮合...
2026-01-07 02:26:18,350 [INFO]  [DB] 交易已儲存: CLOSE 0.005 BTCUSDT
2026-01-07 02:26:19,906 [INFO]  [VERIFIED] 訂單確認完成 | 均價: 91868.4
2026-01-07 02:26:29,907 [INFO] ----------------------------------------------------
2026-01-07 02:26:30,034 [INFO]  [SIGNAL] TEST_LOOP | LONG | 強制測試 [開倉] 訊號
2026-01-07 02:26:30,040 [INFO] 📋 [ORDER] 發送訂單 | BUY BTCUSDT | Qty: 0.005
2026-01-07 02:26:30,096 [INFO]  訂單已送出 (ID: 11438076951)，等待撮合...
2026-01-07 02:26:33,159 [INFO]  [DB] 交易已儲存: LONG 0.005 BTCUSDT
2026-01-07 02:26:34,643 [INFO]  [VERIFIED] 訂單確認完成 | 均價: 91879.42
2026-01-07 02:26:44,643 [INFO] ----------------------------------------------------
2026-01-07 02:26:44,778 [INFO]  [SNAPSHOT] BTCUSDT | 持倉: 0.005 | 均價: 91879.42 | PnL: -0.13282445 U
2026-01-07 02:26:44,778 [INFO]  [SIGNAL] TEST_LOOP | CLOSE | 強制測試 [平倉] 訊號
2026-01-07 02:26:44,784 [INFO] 📋 [ORDER] 發送訂單 | SELL BTCUSDT | Qty: 0.005
2026-01-07 02:26:44,840 [INFO]  訂單已送出 (ID: 11438079793)，等待撮合...
2026-01-07 02:26:47,904 [INFO]  [DB] 交易已儲存: CLOSE 0.005 BTCUSDT
2026-01-07 02:26:49,407 [INFO]  [VERIFIED] 訂單確認完成 | 均價: 91866.5
2026-01-07 02:26:59,408 [INFO] ----------------------------------------------------
2026-01-07 02:26:59,536 [INFO]  [SIGNAL] TEST_LOOP | LONG | 強制測試 [開倉] 訊號
2026-01-07 02:26:59,541 [INFO] 📋 [ORDER] 發送訂單 | BUY BTCUSDT | Qty: 0.005
2026-01-07 02:26:59,599 [INFO]  訂單已送出 (ID: 11438083014)，等待撮合...
2026-01-07 02:27:02,674 [INFO]  [DB] 交易已儲存: LONG 0.005 BTCUSDT
2026-01-07 02:27:04,207 [INFO]  [VERIFIED] 訂單確認完成 | 均價: 91881.1
2026-01-07 02:27:14,208 [INFO] ----------------------------------------------------
2026-01-07 02:27:14,334 [INFO]  [SNAPSHOT] BTCUSDT | 持倉: 0.005 | 均價: 91881.1 | PnL: 0.2225 U
2026-01-07 02:27:14,334 [INFO]  [SIGNAL] TEST_LOOP | CLOSE | 強制測試 [平倉] 訊號
2026-01-07 02:27:14,337 [INFO] 📋 [ORDER] 發送訂單 | SELL BTCUSDT | Qty: 0.005
2026-01-07 02:27:14,390 [INFO]  訂單已送出 (ID: 11438089644)，等待撮合...
2026-01-07 02:27:16,190 [WARNING]  用戶手動停止
2026-01-26 16:56:35,189 [INFO] 設定檔載入成功: config.json
2026-01-26 16:56:36,503 [INFO]  數據源連線成功 (Real Market)
2026-01-26 16:56:36,507 [WARNING] [MODE] 啟動 Testnet 測試網模式
2026-01-26 16:56:36,510 [INFO]  已載入策略: ['TEST_LOOP']
2026-01-26 16:56:39,159 [INFO]  同步交易所槓桿: 5x
2026-01-26 16:56:40,379 [INFO]  [CONFIG] 成功設定 BTCUSDT 槓桿為 5x
2026-01-26 16:56:40,379 [INFO]  開始策略熱機 (Warm-up)...
2026-01-26 16:56:42,122 [INFO]  熱機完成
2026-01-26 16:56:42,122 [INFO] ----------------------------------------------------
2026-01-26 16:56:42,409 [WARNING]  查詢持倉詳情失敗 (可能是 API 缺欄位): (400, -1021, "Timestamp for this request was 1000ms ahead of the server's time.", {'Content-Type': 'application/json', 'Content-Length': '88', 'Connection': 'keep-alive', 'Date': 'Mon, 26 Jan 2026 08:56:41 GMT', 'Access-Control-Allow-Methods': 'GET, POST, PUT, DELETE, OPTIONS', 'Server': 'Bengine', 'x-mbx-used-weight-1m': '203', 'x-response-time': '2ms', 'Access-Control-Allow-Origin': '*', 'X-Cache': 'Error from cloudfront', 'Via': '1.1 c3c63b7b4690e3ae5dc81c1d1c3ca24e.cloudfront.net (CloudFront)', 'X-Amz-Cf-Pop': 'TPE54-P2', 'X-Amz-Cf-Id': '9YVDf7K72jjQ3dRutAEwetZg8wv21NdQY5KtRXihSfrb08KCYsKhtw=='})
2026-01-26 16:56:42,410 [INFO]  [SIGNAL] TEST_LOOP | LONG | 強制測試 [開倉] 訊號
2026-01-26 16:56:42,654 [INFO]  [ORDER] 發送訂單 | BUY BTCUSDT | Qty: 0.005
2026-01-26 16:56:42,731 [ERROR] 下單失敗: (400, -1021, "Timestamp for this request was 1000ms ahead of the server's time.", {'Content-Type': 'application/json', 'Content-Length': '88', 'Connection': 'keep-alive', 'Date': 'Mon, 26 Jan 2026 08:56:41 GMT', 'Access-Control-Allow-Methods': 'GET, POST, PUT, DELETE, OPTIONS', 'Server': 'Bengine', 'x-mbx-used-weight-1m': '-1', 'x-response-time': '2ms', 'Access-Control-Allow-Origin': '*', 'X-Cache': 'Error from cloudfront', 'Via': '1.1 c3c63b7b4690e3ae5dc81c1d1c3ca24e.cloudfront.net (CloudFront)', 'X-Amz-Cf-Pop': 'TPE54-P2', 'X-Amz-Cf-Id': '5LtWtOFTYmd3ZGIHRYk4xxng4XiZcHWqbmxPR_NpDfBVLBgi9nyKKw=='})
2026-01-26 16:56:52,732 [INFO] ----------------------------------------------------
2026-01-26 16:56:53,081 [WARNING]  查詢持倉詳情失敗 (可能是 API 缺欄位): (400, -1021, "Timestamp for this request was 1000ms ahead of the server's time.", {'Content-Type': 'application/json', 'Content-Length': '88', 'Connection': 'keep-alive', 'Date': 'Mon, 26 Jan 2026 08:56:51 GMT', 'Access-Control-Allow-Methods': 'GET, POST, PUT, DELETE, OPTIONS', 'Server': 'Bengine', 'x-mbx-used-weight-1m': '284', 'x-response-time': '2ms', 'Access-Control-Allow-Origin': '*', 'X-Cache': 'Error from cloudfront', 'Via': '1.1 c3c63b7b4690e3ae5dc81c1d1c3ca24e.cloudfront.net (CloudFront)', 'X-Amz-Cf-Pop': 'TPE54-P2', 'X-Amz-Cf-Id': 'Dn2Bb7ugxkwBaGQyM4Kl9vucVNq1EYWthPFG_mVsK9O2iHqkUHHilw=='})
2026-01-26 16:56:53,083 [INFO]  [SIGNAL] TEST_LOOP | CLOSE | 強制測試 [平倉] 訊號
2026-01-26 16:57:03,088 [INFO] ----------------------------------------------------
2026-01-26 16:57:05,978 [WARNING]  查詢持倉詳情失敗 (可能是 API 缺欄位): (400, -1021, "Timestamp for this request was 1000ms ahead of the server's time.", {'Content-Type': 'application/json', 'Content-Length': '88', 'Connection': 'keep-alive', 'Date': 'Mon, 26 Jan 2026 08:57:04 GMT', 'Access-Control-Allow-Methods': 'GET, POST, PUT, DELETE, OPTIONS', 'Server': 'Bengine', 'x-mbx-used-weight-1m': '75', 'x-response-time': '0ms', 'Access-Control-Allow-Origin': '*', 'X-Cache': 'Error from cloudfront', 'Via': '1.1 c3c63b7b4690e3ae5dc81c1d1c3ca24e.cloudfront.net (CloudFront)', 'X-Amz-Cf-Pop': 'TPE54-P2', 'X-Amz-Cf-Id': '0jWNOnGc3OcS1GmbRncxvn0f6Whra40kCfq-Vo1f_bwonUA52qF0Hg=='})
2026-01-26 16:57:05,978 [INFO]  [SIGNAL] TEST_LOOP | LONG | 強制測試 [開倉] 訊號
2026-01-26 16:57:05,983 [INFO]  [ORDER] 發送訂單 | BUY BTCUSDT | Qty: 0.005
2026-01-26 16:57:06,085 [ERROR] 下單失敗: (400, -1021, "Timestamp for this request was 1000ms ahead of the server's time.", {'Content-Type': 'application/json', 'Content-Length': '88', 'Connection': 'keep-alive', 'Date': 'Mon, 26 Jan 2026 08:57:04 GMT', 'Access-Control-Allow-Methods': 'GET, POST, PUT, DELETE, OPTIONS', 'Server': 'Bengine', 'x-mbx-used-weight-1m': '-1', 'x-response-time': '2ms', 'Access-Control-Allow-Origin': '*', 'X-Cache': 'Error from cloudfront', 'Via': '1.1 c3c63b7b4690e3ae5dc81c1d1c3ca24e.cloudfront.net (CloudFront)', 'X-Amz-Cf-Pop': 'TPE54-P2', 'X-Amz-Cf-Id': 'zJyl1XheMOk_ZvSaj_sghC0fbfHQnbE1npbkCgm1vQUQUtcD4xX3rg=='})
2026-01-26 16:57:16,085 [INFO] ----------------------------------------------------
2026-01-26 16:57:16,317 [WARNING]  查詢持倉詳情失敗 (可能是 API 缺欄位): (400, -1021, "Timestamp for this request was 1000ms ahead of the server's time.", {'Content-Type': 'application/json', 'Content-Length': '88', 'Connection': 'keep-alive', 'Date': 'Mon, 26 Jan 2026 08:57:15 GMT', 'Access-Control-Allow-Methods': 'GET, POST, PUT, DELETE, OPTIONS', 'Server': 'Bengine', 'x-mbx-used-weight-1m': '66', 'x-response-time': '0ms', 'Access-Control-Allow-Origin': '*', 'X-Cache': 'Error from cloudfront', 'Via': '1.1 c3c63b7b4690e3ae5dc81c1d1c3ca24e.cloudfront.net (CloudFront)', 'X-Amz-Cf-Pop': 'TPE54-P2', 'X-Amz-Cf-Id': 'ez3SHRIT3nXyF1eNitzjdhRYggvtskzoSFq-01Wq5rmbVmT1T04MBA=='})
2026-01-26 16:57:16,318 [INFO]  [SIGNAL] TEST_LOOP | CLOSE | 強制測試 [平倉] 訊號
2026-01-26 16:57:26,324 [INFO] ----------------------------------------------------
2026-01-26 16:57:26,559 [WARNING]  查詢持倉詳情失敗 (可能是 API 缺欄位): (400, -1021, "Timestamp for this request was 1000ms ahead of the server's time.", {'Content-Type': 'application/json', 'Content-Length': '88', 'Connection': 'keep-alive', 'Date': 'Mon, 26 Jan 2026 08:57:25 GMT', 'Access-Control-Allow-Methods': 'GET, POST, PUT, DELETE, OPTIONS', 'Server': 'Bengine', 'x-mbx-used-weight-1m': '123', 'x-response-time': '0ms', 'Access-Control-Allow-Origin': '*', 'X-Cache': 'Error from cloudfront', 'Via': '1.1 c3c63b7b4690e3ae5dc81c1d1c3ca24e.cloudfront.net (CloudFront)', 'X-Amz-Cf-Pop': 'TPE54-P2', 'X-Amz-Cf-Id': '841H6BbR76t1UTy6yrOyObZbT1LdHGvRy7iVZKXWImcoWBhmg3DAfg=='})
2026-01-26 16:57:26,560 [INFO]  [SIGNAL] TEST_LOOP | LONG | 強制測試 [開倉] 訊號
2026-01-26 16:57:26,563 [INFO]  [ORDER] 發送訂單 | BUY BTCUSDT | Qty: 0.005
2026-01-26 16:57:26,652 [ERROR] 下單失敗: (400, -1021, "Timestamp for this request was 1000ms ahead of the server's time.", {'Content-Type': 'application/json', 'Content-Length': '88', 'Connection': 'keep-alive', 'Date': 'Mon, 26 Jan 2026 08:57:25 GMT', 'Access-Control-Allow-Methods': 'GET, POST, PUT, DELETE, OPTIONS', 'Server': 'Bengine', 'x-mbx-used-weight-1m': '-1', 'x-response-time': '0ms', 'Access-Control-Allow-Origin': '*', 'X-Cache': 'Error from cloudfront', 'Via': '1.1 c3c63b7b4690e3ae5dc81c1d1c3ca24e.cloudfront.net (CloudFront)', 'X-Amz-Cf-Pop': 'TPE54-P2', 'X-Amz-Cf-Id': '-2NMQxDCUgghbNe4Ttd628ipvM5SGrM26WkKhNVKFSzg55Cnw29CVg=='})
2026-01-26 16:57:36,653 [INFO] ----------------------------------------------------
2026-01-26 16:57:36,918 [WARNING]  查詢持倉詳情失敗 (可能是 API 缺欄位): (400, -1021, "Timestamp for this request was 1000ms ahead of the server's time.", {'Content-Type': 'application/json', 'Content-Length': '88', 'Connection': 'keep-alive', 'Date': 'Mon, 26 Jan 2026 08:57:35 GMT', 'Access-Control-Allow-Methods': 'GET, POST, PUT, DELETE, OPTIONS', 'Server': 'Bengine', 'x-mbx-used-weight-1m': '191', 'x-response-time': '0ms', 'Access-Control-Allow-Origin': '*', 'X-Cache': 'Error from cloudfront', 'Via': '1.1 c3c63b7b4690e3ae5dc81c1d1c3ca24e.cloudfront.net (CloudFront)', 'X-Amz-Cf-Pop': 'TPE54-P2', 'X-Amz-Cf-Id': '_jklAToCWQxLC_gTt2QpUjQ3gPfB-9xWwVhcX-8v3FWhQCCch9jpCw=='})
2026-01-26 16:57:36,919 [INFO]  [SIGNAL] TEST_LOOP | CLOSE | 強制測試 [平倉] 訊號
2026-01-26 16:57:46,924 [INFO] ----------------------------------------------------
2026-01-26 16:57:47,164 [WARNING]  用戶手動停止
2026-01-26 16:57:50,755 [INFO] 設定檔載入成功: config.json
2026-01-26 16:57:51,514 [INFO]  數據源連線成功 (Real Market)
2026-01-26 16:57:51,517 [WARNING] [MODE] 啟動 Testnet 測試網模式
2026-01-26 16:57:51,519 [INFO]  已載入策略: ['TEST_LOOP']
2026-01-26 16:57:52,994 [INFO]  同步交易所槓桿: 5x
2026-01-26 16:57:53,513 [INFO]  [CONFIG] 成功設定 BTCUSDT 槓桿為 5x
2026-01-26 16:57:53,513 [INFO]  開始策略熱機 (Warm-up)...
2026-01-26 16:57:54,203 [INFO]  熱機完成
2026-01-26 16:57:54,204 [INFO] ----------------------------------------------------
2026-01-26 16:57:54,381 [WARNING]  查詢持倉詳情失敗 (可能是 API 缺欄位): (400, -1021, "Timestamp for this request was 1000ms ahead of the server's time.", {'Content-Type': 'application/json', 'Content-Length': '88', 'Connection': 'keep-alive', 'Date': 'Mon, 26 Jan 2026 08:57:53 GMT', 'Access-Control-Allow-Methods': 'GET, POST, PUT, DELETE, OPTIONS', 'Server': 'Bengine', 'x-mbx-used-weight-1m': '311', 'x-response-time': '0ms', 'Access-Control-Allow-Origin': '*', 'X-Cache': 'Error from cloudfront', 'Via': '1.1 11e1b249c3f4c3cf7a6b973723c70d64.cloudfront.net (CloudFront)', 'X-Amz-Cf-Pop': 'TPE54-P2', 'X-Amz-Cf-Id': 'nSd17juZHCVJBHY4GRBpUhsUNIFy-iqPMGHV-3LZIQjXrEwBdpYBtQ=='})
2026-01-26 16:57:54,382 [INFO]  [SIGNAL] TEST_LOOP | LONG | 強制測試 [開倉] 訊號
2026-01-26 16:57:54,633 [INFO]  [ORDER] 發送訂單 | BUY BTCUSDT | Qty: 0.005
2026-01-26 16:57:54,721 [ERROR] 下單失敗: (400, -1021, "Timestamp for this request was 1000ms ahead of the server's time.", {'Content-Type': 'application/json', 'Content-Length': '88', 'Connection': 'keep-alive', 'Date': 'Mon, 26 Jan 2026 08:57:53 GMT', 'Access-Control-Allow-Methods': 'GET, POST, PUT, DELETE, OPTIONS', 'Server': 'Bengine', 'x-mbx-used-weight-1m': '-1', 'x-response-time': '0ms', 'Access-Control-Allow-Origin': '*', 'X-Cache': 'Error from cloudfront', 'Via': '1.1 11e1b249c3f4c3cf7a6b973723c70d64.cloudfront.net (CloudFront)', 'X-Amz-Cf-Pop': 'TPE54-P2', 'X-Amz-Cf-Id': '-qHsZm7GcPmkUZ8EVyXAeOisaK-AUQ0_zRT57xG-ruPuLxStEZOm4A=='})
2026-01-26 16:58:02,998 [WARNING]  用戶手動停止
2026-01-26 17:01:27,716 [INFO] 設定檔載入成功: config.json
2026-01-26 17:01:28,404 [INFO]  數據源連線成功 (Real Market)
2026-01-26 17:01:28,406 [WARNING] [MODE] 啟動 Testnet 測試網模式
2026-01-26 17:01:28,408 [INFO]  已載入策略: ['TEST_LOOP']
2026-01-26 17:01:29,774 [INFO]  同步交易所槓桿: 5x
2026-01-26 17:01:30,283 [INFO]  [CONFIG] 成功設定 BTCUSDT 槓桿為 5x
2026-01-26 17:01:30,283 [INFO]  開始策略熱機 (Warm-up)...
2026-01-26 17:01:30,823 [INFO]  熱機完成
2026-01-26 17:01:30,823 [INFO] ----------------------------------------------------
2026-01-26 17:01:30,937 [INFO]  [SIGNAL] TEST_LOOP | LONG | 強制測試 [開倉] 訊號
2026-01-26 17:01:31,062 [INFO]  [ORDER] 發送訂單 | BUY BTCUSDT | Qty: 0.005
2026-01-26 17:01:31,117 [INFO]  訂單已送出 (ID: 11972649822)，等待撮合...
2026-01-26 17:01:34,195 [INFO]  [DB] 交易已儲存: LONG 0.005 BTCUSDT
2026-01-26 17:01:35,498 [INFO]  [VERIFIED] 訂單確認完成 | 均價: 87937.9
2026-01-26 17:01:45,500 [INFO] ----------------------------------------------------
2026-01-26 17:01:45,624 [INFO]  [SNAPSHOT] BTCUSDT | 持倉: 0.005 | 均價: 87937.9 | PnL: -0.26827336 U
2026-01-26 17:01:45,625 [INFO]  [SIGNAL] TEST_LOOP | CLOSE | 強制測試 [平倉] 訊號
2026-01-26 17:01:45,631 [INFO]  [ORDER] 發送訂單 | SELL BTCUSDT | Qty: 0.005
2026-01-26 17:01:45,686 [INFO]  訂單已送出 (ID: 11972653973)，等待撮合...
2026-01-26 17:01:48,756 [INFO]  [DB] 交易已儲存: CLOSE 0.005 BTCUSDT
2026-01-26 17:01:50,084 [INFO]  [VERIFIED] 訂單確認完成 | 均價: 87924.84
2026-01-26 17:02:00,086 [INFO] ----------------------------------------------------
2026-01-26 17:02:00,222 [INFO]  [SIGNAL] TEST_LOOP | LONG | 強制測試 [開倉] 訊號
2026-01-26 17:02:00,227 [INFO]  [ORDER] 發送訂單 | BUY BTCUSDT | Qty: 0.005
2026-01-26 17:02:00,289 [INFO]  訂單已送出 (ID: 11972657851)，等待撮合...
2026-01-26 17:02:03,359 [INFO]  [DB] 交易已儲存: LONG 0.005 BTCUSDT
2026-01-26 17:02:04,647 [INFO]  [VERIFIED] 訂單確認完成 | 均價: 87884.1
2026-01-26 17:02:07,312 [WARNING]  用戶手動停止
2026-02-02 18:24:10,716 [INFO] 設定檔載入成功: config.json
2026-02-02 18:24:11,410 [INFO]  數據源連線成功 (Real Market)
2026-02-02 18:24:11,424 [WARNING] [MODE] 啟動 Testnet 測試網模式
2026-02-02 18:24:11,427 [INFO]  已載入策略: ['TEST_LOOP']
2026-02-02 18:24:12,748 [INFO]  同步交易所槓桿: 5x
2026-02-02 18:24:13,231 [INFO]  [CONFIG] 成功設定 BTCUSDT 槓桿為 5x
2026-02-02 18:24:13,231 [INFO]  開始策略熱機 (Warm-up)...
2026-02-02 18:24:13,663 [INFO]  熱機完成
2026-02-02 18:24:13,663 [INFO] ----------------------------------------------------
2026-02-02 18:24:13,739 [ERROR]  [SYSTEM ERROR] 主迴圈崩潰: 'DatabaseHandler' object has no attribute 'save_market_data'
Traceback (most recent call last):
  File "d:\investment\量化策略實裝\main.py", line 218, in run
    self.db.save_market_data(self.symbol, self.interval, raw_df)
    ^^^^^^^^^^^^^^^^^^^^^^^^
AttributeError: 'DatabaseHandler' object has no attribute 'save_market_data'
2026-02-02 18:24:45,062 [INFO] ----------------------------------------------------
2026-02-02 18:24:45,126 [ERROR]  [SYSTEM ERROR] 主迴圈崩潰: 'DatabaseHandler' object has no attribute 'save_market_data'
Traceback (most recent call last):
  File "d:\investment\量化策略實裝\main.py", line 218, in run
    self.db.save_market_data(self.symbol, self.interval, raw_df)
    ^^^^^^^^^^^^^^^^^^^^^^^^
AttributeError: 'DatabaseHandler' object has no attribute 'save_market_data'
2026-02-02 18:25:04,939 [INFO] 設定檔載入成功: config.json
2026-02-02 18:25:05,557 [INFO]  數據源連線成功 (Real Market)
2026-02-02 18:27:55,256 [INFO] 設定檔載入成功: config.json
2026-02-02 18:27:55,859 [INFO]  數據源連線成功 (Real Market)
2026-02-02 18:27:55,867 [WARNING] [MODE] 啟動 Testnet 測試網模式
2026-02-02 18:27:55,868 [INFO]  已載入策略: ['TEST_LOOP']
2026-02-02 18:27:57,188 [INFO]  同步交易所槓桿: 5x
2026-02-02 18:27:57,555 [INFO]  [CONFIG] 成功設定 BTCUSDT 槓桿為 5x
2026-02-02 18:27:57,555 [INFO]  開始策略熱機 (Warm-up)...
2026-02-02 18:27:57,997 [INFO]  熱機完成
2026-02-02 18:27:57,998 [INFO] ----------------------------------------------------
2026-02-02 18:27:58,068 [ERROR] ❌ [DB ERROR] 寫入市場數據失敗: 'open_time'
2026-02-02 18:27:58,071 [WARNING] ⚠️ 資料庫無數據，跳過本次循環
2026-02-02 18:28:08,072 [INFO] ----------------------------------------------------
2026-02-02 18:28:08,137 [ERROR] ❌ [DB ERROR] 寫入市場數據失敗: 'open_time'
2026-02-02 18:28:08,139 [WARNING] ⚠️ 資料庫無數據，跳過本次循環
2026-02-02 18:28:12,041 [WARNING]  用戶手動停止
2026-02-02 18:33:23,124 [INFO] 設定檔載入成功: config.json
2026-02-02 18:33:23,712 [INFO]  數據源連線成功 (Real Market)
2026-02-02 18:33:23,724 [WARNING] [MODE] 啟動 Testnet 測試網模式
2026-02-02 18:33:23,726 [INFO]  已載入策略: ['TEST_LOOP']
2026-02-02 18:33:25,147 [INFO]  同步交易所槓桿: 5x
2026-02-02 18:33:25,531 [INFO]  [CONFIG] 成功設定 BTCUSDT 槓桿為 5x
2026-02-02 18:33:25,531 [INFO]  開始策略熱機 (Warm-up)...
2026-02-02 18:33:26,072 [INFO]  熱機完成
2026-02-02 18:33:26,073 [INFO] ----------------------------------------------------
2026-02-02 18:33:26,138 [ERROR] [DB ERROR] 寫入市場數據失敗: int() argument must be a string, a bytes-like object or a real number, not 'Timestamp'
2026-02-02 18:33:26,140 [WARNING] ⚠️ 資料庫無數據，跳過本次循環
2026-02-02 18:33:36,142 [INFO] ----------------------------------------------------
2026-02-02 18:33:36,213 [ERROR] [DB ERROR] 寫入市場數據失敗: int() argument must be a string, a bytes-like object or a real number, not 'Timestamp'
2026-02-02 18:33:36,215 [WARNING] ⚠️ 資料庫無數據，跳過本次循環
2026-02-02 18:33:37,295 [WARNING]  用戶手動停止
2026-02-02 18:35:00,747 [INFO] 設定檔載入成功: config.json
2026-02-02 18:35:01,310 [INFO]  數據源連線成功 (Real Market)
2026-02-02 18:35:01,311 [WARNING] [MODE] 啟動 Testnet 測試網模式
2026-02-02 18:35:01,313 [INFO]  已載入策略: ['TEST_LOOP']
2026-02-02 18:35:02,656 [INFO]  同步交易所槓桿: 5x
2026-02-02 18:35:03,027 [INFO]  [CONFIG] 成功設定 BTCUSDT 槓桿為 5x
2026-02-02 18:35:03,028 [INFO]  開始策略熱機 (Warm-up)...
2026-02-02 18:35:03,506 [INFO]  熱機完成
2026-02-02 18:35:03,507 [INFO] ----------------------------------------------------
2026-02-02 18:35:03,572 [ERROR] [DB ERROR] 寫入市場數據失敗: int() argument must be a string, a bytes-like object or a real number, not 'Timestamp'
2026-02-02 18:35:03,574 [WARNING] ⚠️ 資料庫無數據，跳過本次循環
2026-02-02 18:35:13,575 [INFO] ----------------------------------------------------
2026-02-02 18:35:13,648 [ERROR] [DB ERROR] 寫入市場數據失敗: int() argument must be a string, a bytes-like object or a real number, not 'Timestamp'
2026-02-02 18:35:13,650 [WARNING] ⚠️ 資料庫無數據，跳過本次循環
2026-02-02 18:35:17,711 [WARNING]  用戶手動停止
2026-02-02 18:37:48,400 [INFO] 設定檔載入成功: config.json
2026-02-02 18:37:49,481 [INFO]  數據源連線成功 (Real Market)
2026-02-02 18:37:49,482 [WARNING] [MODE] 啟動 Testnet 測試網模式
2026-02-02 18:37:49,483 [INFO]  已載入策略: ['TEST_LOOP']
2026-02-02 18:37:50,846 [INFO]  同步交易所槓桿: 5x
2026-02-02 18:37:51,307 [INFO]  [CONFIG] 成功設定 BTCUSDT 槓桿為 5x
2026-02-02 18:37:51,308 [INFO]  開始策略熱機 (Warm-up)...
2026-02-02 18:37:51,829 [INFO]  熱機完成
2026-02-02 18:37:51,829 [INFO] ----------------------------------------------------
2026-02-02 18:37:51,907 [ERROR] [DB ERROR] 寫入市場數據失敗: 'volume'
2026-02-02 18:37:51,909 [WARNING] ⚠️ 資料庫無數據，跳過本次循環
2026-02-02 18:38:01,909 [INFO] ----------------------------------------------------
2026-02-02 18:38:01,977 [ERROR] [DB ERROR] 寫入市場數據失敗: 'volume'
2026-02-02 18:38:01,979 [WARNING] ⚠️ 資料庫無數據，跳過本次循環
2026-02-02 18:38:08,543 [WARNING]  用戶手動停止
2026-02-02 18:38:10,872 [INFO] 設定檔載入成功: config.json
2026-02-02 18:38:11,527 [INFO]  數據源連線成功 (Real Market)
2026-02-02 18:38:11,528 [WARNING] [MODE] 啟動 Testnet 測試網模式
2026-02-02 18:38:11,529 [INFO]  已載入策略: ['TEST_LOOP']
2026-02-02 18:38:12,867 [INFO]  同步交易所槓桿: 5x
2026-02-02 18:38:13,202 [INFO]  [CONFIG] 成功設定 BTCUSDT 槓桿為 5x
2026-02-02 18:38:13,202 [INFO]  開始策略熱機 (Warm-up)...
2026-02-02 18:38:13,629 [INFO]  熱機完成
2026-02-02 18:38:13,629 [INFO] ----------------------------------------------------
2026-02-02 18:38:13,778 [INFO]  [SIGNAL] TEST_LOOP | LONG | 強制測試 [開倉] 訊號
2026-02-02 18:38:13,871 [INFO]  [ORDER] 發送訂單 | BUY BTCUSDT | Qty: 0.006
2026-02-02 18:38:13,928 [INFO]  訂單已送出 (ID: 12082941901)，等待撮合...
2026-02-02 18:38:16,991 [INFO]  [DB] 交易已儲存: LONG 0.006 BTCUSDT
2026-02-02 18:38:18,314 [INFO]  [VERIFIED] 訂單確認完成 | 均價: 77561.79999999999
2026-02-02 18:38:28,315 [INFO] ----------------------------------------------------
2026-02-02 18:38:28,454 [INFO]  [SNAPSHOT] BTCUSDT | 持倉: 0.006 | 均價: 77561.8 | PnL: -0.16962554 U
2026-02-02 18:38:28,454 [INFO]  [SIGNAL] TEST_LOOP | CLOSE | 強制測試 [平倉] 訊號
2026-02-02 18:38:28,457 [INFO]  [ORDER] 發送訂單 | SELL BTCUSDT | Qty: 0.006
2026-02-02 18:38:28,510 [INFO]  訂單已送出 (ID: 12082942589)，等待撮合...
2026-02-02 18:38:31,601 [INFO]  [DB] 交易已儲存: CLOSE 0.006 BTCUSDT
2026-02-02 18:38:32,986 [INFO]  [VERIFIED] 訂單確認完成 | 均價: 77542.5
2026-02-02 18:38:42,987 [INFO] ----------------------------------------------------
2026-02-02 18:38:43,121 [INFO]  [SIGNAL] TEST_LOOP | LONG | 強制測試 [開倉] 訊號
2026-02-02 18:38:43,124 [INFO]  [ORDER] 發送訂單 | BUY BTCUSDT | Qty: 0.006
2026-02-02 18:38:43,202 [INFO]  訂單已送出 (ID: 12082943031)，等待撮合...
2026-02-02 18:38:46,282 [INFO]  [DB] 交易已儲存: LONG 0.006 BTCUSDT
2026-02-02 18:38:47,777 [INFO]  [VERIFIED] 訂單確認完成 | 均價: 77534.9
2026-02-02 18:38:57,777 [INFO] ----------------------------------------------------
2026-02-02 18:38:57,916 [INFO]  [SNAPSHOT] BTCUSDT | 持倉: 0.006 | 均價: 77534.9 | PnL: 0.00861771 U
2026-02-02 18:38:57,916 [INFO]  [SIGNAL] TEST_LOOP | CLOSE | 強制測試 [平倉] 訊號
2026-02-02 18:38:57,920 [INFO]  [ORDER] 發送訂單 | SELL BTCUSDT | Qty: 0.006
2026-02-02 18:38:57,974 [INFO]  訂單已送出 (ID: 12082944909)，等待撮合...
2026-02-02 18:39:01,046 [INFO]  [DB] 交易已儲存: CLOSE 0.006 BTCUSDT
2026-02-02 18:39:02,430 [INFO]  [VERIFIED] 訂單確認完成 | 均價: 77518.86666666667
2026-02-02 18:39:12,431 [INFO] ----------------------------------------------------
2026-02-02 18:39:12,570 [INFO]  [SIGNAL] TEST_LOOP | LONG | 強制測試 [開倉] 訊號
2026-02-02 18:39:12,574 [INFO]  [ORDER] 發送訂單 | BUY BTCUSDT | Qty: 0.006
2026-02-02 18:39:12,636 [INFO]  訂單已送出 (ID: 12082947422)，等待撮合...
2026-02-02 18:39:15,696 [INFO]  [DB] 交易已儲存: LONG 0.006 BTCUSDT
2026-02-02 18:39:17,076 [INFO]  [VERIFIED] 訂單確認完成 | 均價: 77556.7
2026-02-02 18:39:27,077 [INFO] ----------------------------------------------------
2026-02-02 18:39:27,211 [INFO]  [SNAPSHOT] BTCUSDT | 持倉: 0.006 | 均價: 77556.7 | PnL: -0.0474 U
2026-02-02 18:39:27,213 [INFO]  [SIGNAL] TEST_LOOP | CLOSE | 強制測試 [平倉] 訊號
2026-02-02 18:39:27,216 [INFO]  [ORDER] 發送訂單 | SELL BTCUSDT | Qty: 0.006
2026-02-02 18:39:27,270 [INFO]  訂單已送出 (ID: 12082948342)，等待撮合...
2026-02-02 18:39:30,339 [INFO]  [DB] 交易已儲存: CLOSE 0.006 BTCUSDT
2026-02-02 18:39:31,734 [INFO]  [VERIFIED] 訂單確認完成 | 均價: 77542.26666666666
2026-02-02 18:39:35,384 [WARNING]  用戶手動停止
2026-02-02 22:58:27,120 [INFO] 設定檔載入成功: config.json
2026-02-02 22:58:27,796 [INFO]  數據源連線成功 (Real Market)
2026-02-02 22:58:27,806 [WARNING] [MODE] 啟動 Testnet 測試網模式
2026-02-02 22:58:27,811 [INFO]  已載入策略: ['TEST_LOOP']
2026-02-02 22:58:29,223 [INFO]  同步交易所槓桿: 5x
2026-02-02 22:58:29,600 [INFO]  [CONFIG] 成功設定 BTCUSDT 槓桿為 5x
2026-02-02 22:58:29,601 [INFO]  開始策略熱機 (Warm-up)...
2026-02-02 22:58:30,188 [INFO]  熱機完成
2026-02-02 22:58:30,188 [INFO] ----------------------------------------------------
2026-02-02 22:58:30,335 [INFO]  [SIGNAL] TEST_LOOP | LONG | 強制測試 [開倉] 訊號
2026-02-02 22:58:30,551 [INFO]  [ORDER] 發送訂單 | BUY BTCUSDT | Qty: 0.006
2026-02-02 22:58:30,612 [INFO]  訂單已送出 (ID: 12085133882)，等待撮合...
2026-02-02 22:58:33,677 [INFO]  [DB] 交易已儲存: LONG 0.006 BTCUSDT
2026-02-02 22:58:35,050 [INFO]  [VERIFIED] 訂單確認完成 | 均價: 77823.3
2026-02-02 22:58:45,051 [INFO] ----------------------------------------------------
2026-02-02 22:58:45,181 [INFO]  [SNAPSHOT] BTCUSDT | 持倉: 0.006 | 均價: 77823.3 | PnL: 0.0408 U
2026-02-02 22:58:45,182 [INFO]  [SIGNAL] TEST_LOOP | CLOSE | 強制測試 [平倉] 訊號
2026-02-02 22:58:45,184 [INFO]  [ORDER] 發送訂單 | SELL BTCUSDT | Qty: 0.006
2026-02-02 22:58:45,243 [INFO]  訂單已送出 (ID: 12085138354)，等待撮合...
2026-02-02 22:58:48,313 [INFO]  [DB] 交易已儲存: CLOSE 0.006 BTCUSDT
2026-02-02 22:58:49,682 [INFO]  [VERIFIED] 訂單確認完成 | 均價: 77822.7
2026-02-02 22:58:57,333 [WARNING]  用戶手動停止
2026-02-03 03:31:27,118 [INFO] 設定檔載入成功: config.json
2026-02-03 03:31:27,772 [INFO]  數據源連線成功 (Real Market)
2026-02-03 03:31:27,778 [WARNING] [MODE] 啟動 Testnet 測試網模式
2026-02-03 03:31:27,780 [INFO]  已載入策略: ['TEST_LOOP']
2026-02-03 03:31:29,150 [INFO]  同步交易所槓桿: 5x
2026-02-03 03:31:29,577 [INFO]  [CONFIG] 成功設定 BTCUSDT 槓桿為 5x
2026-02-03 03:31:29,577 [INFO]  開始策略熱機 ...
2026-02-03 03:31:30,047 [INFO]  熱機完成
2026-02-03 03:31:30,047 [INFO] ----------------------------------------------------
2026-02-03 03:31:30,176 [INFO]  [SIGNAL] TEST_LOOP | LONG | 強制測試 [開倉] 訊號
2026-02-03 03:31:30,317 [INFO]  [ORDER] 發送訂單 | BUY BTCUSDT | Qty: 0.006
2026-02-03 03:31:30,373 [INFO]  訂單已送出 (ID: 12087294188)，等待撮合...
2026-02-03 03:31:33,439 [INFO]  [DB] 交易已儲存: LONG 0.006 BTCUSDT
2026-02-03 03:31:34,767 [INFO]  [VERIFIED] 訂單確認完成 | 均價: 78387.2
2026-02-03 03:31:35,106 [WARNING]  用戶手動停止
2026-02-03 17:40:29,693 [INFO] 設定檔載入成功: config.json
2026-02-03 17:40:29,694 [ERROR]  數據源連線失敗: DataLoader.__init__() missing 1 required positional argument: 'db'
2026-02-03 17:51:08,099 [INFO] 設定檔載入成功: config.json
2026-02-03 17:51:08,099 [ERROR]  數據源連線失敗: 'TradingBot' object has no attribute 'db'
2026-02-03 17:53:27,052 [INFO] 設定檔載入成功: config.json
2026-02-03 17:53:27,052 [ERROR]  數據源連線失敗: DataLoader.__init__() missing 1 required positional argument: 'db'
2026-02-03 17:53:42,951 [INFO] 設定檔載入成功: config.json
2026-02-03 17:53:42,952 [ERROR]  數據源連線失敗: 'TradingBot' object has no attribute 'db'
2026-02-03 17:56:11,425 [INFO] 設定檔載入成功: config.json
2026-02-03 17:56:11,440 [INFO]  數據源連線成功 (Real Market)
2026-02-03 17:56:12,209 [INFO] 載入外部數據源: ['fear_greed', 'google_trends', 'fred_macro', 'us_stock_qqq']
2026-02-03 17:56:12,209 [WARNING] [MODE] 啟動 Testnet 測試網模式
2026-02-03 17:56:12,212 [INFO]  已載入策略: ['TEST_LOOP']
2026-02-03 17:56:13,659 [INFO]  同步交易所槓桿: 5x
2026-02-03 17:56:14,031 [INFO]  [CONFIG] 成功設定 BTCUSDT 槓桿為 5x
2026-02-03 17:56:14,031 [INFO]  開始策略熱機 ...
2026-02-03 17:56:14,581 [INFO]  熱機完成
2026-02-03 17:56:14,582 [INFO] ----------------------------------------------------
2026-02-03 17:56:14,713 [INFO]  [SIGNAL] TEST_LOOP | LONG | 強制測試 [開倉] 訊號
2026-02-03 17:56:14,948 [INFO]  [ORDER] 發送訂單 | BUY BTCUSDT | Qty: 0.006
2026-02-03 17:56:15,013 [INFO]  訂單已送出 (ID: 12094032640)，等待撮合...
2026-02-03 17:56:18,078 [INFO]  [DB] 交易已儲存: LONG 0.006 BTCUSDT
2026-02-03 17:56:19,890 [INFO]  [VERIFIED] 訂單確認完成 | 均價: 78387.0
2026-02-03 17:56:24,095 [WARNING]  用戶手動停止
2026-02-03 17:56:44,856 [INFO] 設定檔載入成功: config.json
2026-02-03 17:56:44,859 [INFO]  數據源連線成功 (Real Market)
2026-02-03 17:56:45,804 [INFO] 載入外部數據源: ['fear_greed', 'google_trends', 'fred_macro', 'us_stock_qqq']
2026-02-03 17:56:45,805 [WARNING] [MODE] 啟動 Testnet 測試網模式
2026-02-03 17:56:45,808 [INFO]  已載入策略: ['TEST_LOOP']
2026-02-03 17:56:47,832 [INFO]  同步交易所槓桿: 5x
2026-02-03 17:56:48,388 [INFO]  [CONFIG] 成功設定 BTCUSDT 槓桿為 5x
2026-02-03 17:56:48,388 [INFO]  開始策略熱機 ...
2026-02-03 17:56:49,019 [INFO]  熱機完成
2026-02-03 17:56:49,019 [INFO] ----------------------------------------------------
2026-02-03 17:56:49,155 [INFO]  [SNAPSHOT] BTCUSDT | 持倉: 0.006 | 均價: 78387.0 | PnL: -0.1452 U
2026-02-03 17:56:49,157 [INFO]  [SIGNAL] TEST_LOOP | LONG | 強制測試 [開倉] 訊號
2026-02-03 17:56:49,161 [INFO]  [SKIP] TEST_LOOP 喊多，但已有持倉
2026-02-03 17:56:59,162 [INFO] ----------------------------------------------------
2026-02-03 17:56:59,300 [INFO]  [SNAPSHOT] BTCUSDT | 持倉: 0.006 | 均價: 78387.0 | PnL: -0.129 U
2026-02-03 17:56:59,300 [INFO]  [SIGNAL] TEST_LOOP | CLOSE | 強制測試 [平倉] 訊號
2026-02-03 17:56:59,494 [INFO]  [ORDER] 發送訂單 | SELL BTCUSDT | Qty: 0.006
2026-02-03 17:56:59,551 [INFO]  訂單已送出 (ID: 12094048955)，等待撮合...
2026-02-03 17:57:02,621 [INFO]  [DB] 交易已儲存: CLOSE 0.006 BTCUSDT
2026-02-03 17:57:04,376 [INFO]  [VERIFIED] 訂單確認完成 | 均價: 78365.5
2026-02-03 17:57:14,075 [WARNING]  用戶手動停止
2026-02-05 02:15:04,111 [INFO] 設定檔載入成功: config.json
2026-02-05 02:15:04,128 [INFO]  數據源連線成功 (Real Market)
2026-02-05 02:15:04,643 [INFO] 載入外部數據源: ['fear_greed', 'google_trends', 'fred_macro', 'us_stock_qqq']
2026-02-05 02:15:04,643 [WARNING] [MODE] 啟動 Testnet 測試網模式
2026-02-05 02:15:04,647 [INFO]  已載入策略: ['TEST_LOOP']
2026-02-05 02:15:05,982 [INFO]  同步交易所槓桿: 5x
2026-02-05 02:15:06,378 [INFO]  [CONFIG] 成功設定 BTCUSDT 槓桿為 5x
2026-02-05 02:15:06,379 [INFO]  開始策略熱機 ...
2026-02-05 02:15:06,826 [INFO]  熱機完成
2026-02-05 02:15:06,826 [INFO] 🚀 機器人啟動！等待新的 1h K 線收盤...
2026-02-05 02:15:06,882 [INFO] ----------------------------------------------------
2026-02-05 02:15:06,885 [INFO] [NEW CANDLE] 發現新收盤 K 線: 2026-02-04 17:00:00
2026-02-05 02:15:06,888 [INFO] 💾 已存檔 K 線數據 (截止至 2026-02-04 17:00:00)
2026-02-05 02:15:06,889 [INFO]  開始更新外部數據...
2026-02-05 02:15:07,839 [INFO] [fear_greed] 更新完成
2026-02-05 02:15:09,178 [INFO] [google_trends] 更新完成
2026-02-05 02:15:10,976 [INFO] [fred_macro] 更新完成
2026-02-05 02:15:11,782 [INFO] [us_stock_qqq] 更新完成
2026-02-05 02:15:11,843 [INFO]  [SIGNAL] TEST_LOOP | LONG | 強制測試 [開倉] 訊號
2026-02-05 02:15:11,990 [INFO]  [ORDER] 發送訂單 | BUY BTCUSDT | Qty: 0.006
2026-02-05 02:15:12,051 [INFO]  訂單已送出 (ID: 12116667589)，等待撮合...
2026-02-05 02:15:15,116 [INFO]  [DB] 交易已儲存: LONG 0.006 BTCUSDT
2026-02-05 02:15:16,483 [INFO]  [VERIFIED] 訂單確認完成 | 均價: 72874.0
2026-02-05 02:15:16,483 [INFO] 💤 本週期處理完畢，等待下一根 K 線...
2026-02-05 03:00:13,087 [INFO] ----------------------------------------------------
2026-02-05 03:00:13,127 [INFO] [NEW CANDLE] 發現新收盤 K 線: 2026-02-04 18:00:00
2026-02-05 03:00:13,165 [INFO] 💾 已存檔 K 線數據 (截止至 2026-02-04 18:00:00)
2026-02-05 03:00:13,166 [INFO]  開始更新外部數據...
2026-02-05 03:00:14,510 [INFO] [fear_greed] 更新完成
2026-02-05 03:00:16,358 [INFO] [google_trends] 更新完成
2026-02-05 03:00:19,030 [INFO] [fred_macro] 更新完成
2026-02-05 03:00:20,044 [INFO] [us_stock_qqq] 更新完成
2026-02-05 03:00:20,740 [INFO]  [SNAPSHOT] BTCUSDT | 持倉: 0.006 | 均價: 72874.0 | PnL: 3.03880391 U
2026-02-05 03:00:20,741 [INFO]  [SIGNAL] TEST_LOOP | CLOSE | 強制測試 [平倉] 訊號
2026-02-05 03:00:20,746 [INFO]  [ORDER] 發送訂單 | SELL BTCUSDT | Qty: 0.006
2026-02-05 03:00:20,812 [INFO]  訂單已送出 (ID: 12117224348)，等待撮合...
2026-02-05 03:00:23,878 [INFO]  [DB] 交易已儲存: CLOSE 0.006 BTCUSDT
2026-02-05 03:00:25,438 [INFO]  [VERIFIED] 訂單確認完成 | 均價: 73386.26666666666
2026-02-05 03:00:25,438 [INFO] 💤 本週期處理完畢，等待下一根 K 線...
2026-02-05 03:08:43,219 [WARNING]  用戶手動停止
2026-02-05 03:38:58,333 [INFO] 設定檔載入成功: config.json
2026-02-05 03:38:59,075 [INFO] 載入外部數據源: ['fear_greed', 'google_trends', 'fred_macro', 'us_stock_qqq']
2026-02-05 03:38:59,079 [INFO] 已掛載策略: ['TEST_LOOP']
2026-02-05 03:38:59,518 [INFO]  [CONFIG] 成功設定 BTCUSDT 槓桿為 5x
2026-02-05 03:39:00,049 [INFO] 開始策略熱機...
2026-02-05 03:39:00,049 [INFO] 熱機完成
2026-02-05 03:39:01,427 [INFO] 核心引擎啟動，監控 1h K 線...
2026-02-05 03:39:01,483 [INFO] [ETL] 處理新 K 線: 2026-02-04 18:00:00
2026-02-05 03:39:06,117 [INFO] [SNAPSHOT] 空手 | 現價: 78253.3
2026-02-05 03:39:06,117 [INFO] [SIGNAL] TEST_LOOP | LONG | 強制測試 [開倉] 訊號
2026-02-05 03:39:06,217 [INFO]  [ORDER] 發送訂單 | BUY BTCUSDT | Qty: 0.006
2026-02-05 03:39:06,276 [INFO] 訂單已發送 ID: 12117805130，等待撮合...
2026-02-05 03:39:09,347 [INFO]  [DB] 交易已儲存: LONG 0.006 BTCUSDT
2026-02-05 03:39:10,656 [INFO] [VERIFIED] 成交確認 | 均價: 73320.0
2026-02-05 03:39:10,656 [INFO] 本週期結束，等待下一次收盤...
2026-02-05 04:00:08,184 [INFO] [ETL] 處理新 K 線: 2026-02-04 19:00:00
2026-02-05 04:00:13,948 [INFO] [SNAPSHOT] 持倉: 0.006 | PnL: 3.2436 U
2026-02-05 04:00:13,949 [INFO] [SIGNAL] TEST_LOOP | CLOSE | 強制測試 [平倉] 訊號
2026-02-05 04:00:13,953 [INFO]  [ORDER] 發送訂單 | SELL BTCUSDT | Qty: 0.006
2026-02-05 04:00:14,011 [INFO] 訂單已發送 ID: 12118047246，等待撮合...
2026-02-05 04:00:17,074 [INFO]  [DB] 交易已儲存: CLOSE 0.006 BTCUSDT
2026-02-05 04:00:18,449 [INFO] [VERIFIED] 成交確認 | 均價: 73831.0
2026-02-05 04:00:18,449 [INFO] 本週期結束，等待下一次收盤...
2026-02-05 04:04:41,234 [WARNING] 停止運行
2026-02-07 03:19:46,620 [INFO] 設定檔載入成功: config.json
2026-02-07 03:19:47,210 [INFO] 載入外部數據源: ['fear_greed', 'google_trends', 'fred_macro', 'us_stock_qqq']
2026-02-07 03:19:47,212 [INFO] 已掛載策略: ['TEST_LOOP']
2026-02-07 03:19:47,719 [INFO]  [CONFIG] 成功設定 BTCUSDT 槓桿為 5x
2026-02-07 03:19:48,233 [INFO] 開始策略熱機...
2026-02-07 03:19:48,234 [INFO] 熱機完成
2026-02-07 03:19:49,537 [INFO] 監控 1h K 線...
2026-02-07 03:19:49,591 [INFO] [ETL] 處理新 K 線: 2026-02-06 18:00:00
2026-02-07 03:19:54,126 [INFO] [SNAPSHOT] 空手 | 現價: 69728.7
2026-02-07 03:19:54,127 [INFO] [SIGNAL] TEST_LOOP | LONG | 強制測試 [開倉] 訊號
2026-02-07 03:19:54,238 [INFO]  [ORDER] 發送訂單 | BUY BTCUSDT | Qty: 0.007
2026-02-07 03:19:54,296 [INFO] 訂單已發送 ID: 12141015262，等待撮合...
2026-02-07 03:19:57,357 [INFO]  [DB] 交易已儲存: LONG 0.007 BTCUSDT
2026-02-07 03:19:58,678 [INFO] [VERIFIED] 成交確認 | 均價: 69821.1
2026-02-07 03:19:58,678 [INFO] 本週期結束，等待下一次收盤...
2026-02-07 03:25:46,716 [WARNING] 停止運行
2026-02-07 03:25:51,664 [INFO] 設定檔載入成功: config.json
2026-02-07 03:25:52,073 [INFO] 載入外部數據源: ['fear_greed', 'google_trends', 'fred_macro', 'us_stock_qqq']
2026-02-07 03:25:52,075 [INFO] 已掛載策略: ['TEST_LOOP']
2026-02-07 03:25:52,465 [INFO]  [CONFIG] 成功設定 BTCUSDT 槓桿為 5x
2026-02-07 03:25:52,927 [INFO] 開始策略熱機...
2026-02-07 03:25:52,927 [INFO] 熱機完成
2026-02-07 03:25:54,247 [INFO] 監控 1h K 線...
2026-02-07 03:25:54,304 [INFO] [ETL] 處理新 K 線: 2026-02-06 18:00:00
2026-02-07 03:25:58,902 [INFO] [SNAPSHOT] 持倉: 0.007 | PnL: 3.57 U
2026-02-07 03:25:58,903 [INFO] [SIGNAL] TEST_LOOP | LONG | 強制測試 [開倉] 訊號
2026-02-07 03:25:58,906 [INFO] [SKIP] TEST_LOOP 喊多但已有持倉
2026-02-07 03:25:58,907 [INFO] 本週期結束，等待下一次收盤...
2026-02-07 03:29:48,848 [WARNING] 停止運行
2026-02-08 04:36:54,376 [INFO] 設定檔載入成功: config.json
2026-02-08 04:36:55,050 [INFO] 載入外部數據源: ['fear_greed', 'google_trends', 'fred_macro', 'us_stock_qqq']
2026-02-08 04:42:21,380 [INFO] 設定檔載入成功: config.json
2026-02-08 04:42:21,971 [INFO] 載入外部數據源: ['fear_greed', 'google_trends', 'fred_macro', 'us_stock_qqq']
2026-02-08 04:42:21,976 [INFO]  策略已掛載: TestStrategy2
2026-02-08 04:42:21,976 [INFO] 目前運行策略列表: ['TEST_LOOP']
2026-02-08 04:42:22,360 [INFO]  [CONFIG] 成功設定 BTCUSDT 槓桿為 5x
2026-02-08 04:42:22,886 [INFO] 開始為 1 個策略熱機...
2026-02-08 04:42:22,887 [INFO] 熱機完成
2026-02-08 04:42:24,240 [INFO] 監控 1h K 線...
2026-02-08 04:42:24,296 [INFO] [ETL] 處理新 K 線: 2026-02-07 19:00:00
2026-02-08 04:42:29,090 [INFO] [SNAPSHOT] 空手 | 現價: 69341.4
2026-02-08 04:42:29,091 [INFO] [SIGNAL] TEST_LOOP | LONG | 強制測試 [開倉] 訊號
2026-02-08 04:42:29,233 [INFO]  [ORDER] 發送訂單 | BUY BTCUSDT | Qty: 0.007
2026-02-08 04:42:29,295 [INFO] 訂單已發送 ID: 12152360202，等待撮合...
2026-02-08 04:42:32,364 [INFO]  [DB] 交易已儲存: LONG 0.007 BTCUSDT
2026-02-08 04:42:33,756 [INFO] [VERIFIED] 成交確認 | 均價: 69538.59999999999
2026-02-08 04:42:33,757 [INFO] 本週期結束，等待下一次收盤...
2026-02-08 04:42:45,538 [WARNING] 停止運行
2026-02-08 15:05:39,345 [INFO] 設定檔載入成功: config.json
2026-02-08 15:05:40,078 [INFO] 載入外部數據源: ['fear_greed', 'google_trends', 'fred_macro', 'us_stock_qqq']
2026-02-08 15:05:40,082 [INFO]  策略已掛載: PriceVolume2
2026-02-08 15:05:40,082 [INFO] 目前運行策略列表: ['Price_Volume2']
2026-02-08 15:05:40,473 [INFO]  [CONFIG] 成功設定 BTCUSDT 槓桿為 5x
2026-02-08 15:05:40,903 [INFO] 開始為 1 個策略熱機...
2026-02-08 15:05:40,903 [INFO] 熱機完成
2026-02-08 15:05:42,300 [INFO] 監控 1h K 線...
2026-02-08 15:05:42,358 [INFO] [ETL] 處理新 K 線: 2026-02-08 06:00:00
2026-02-08 15:05:47,202 [INFO] [SNAPSHOT] 空手 | 現價: 69321.8
2026-02-08 15:05:47,203 [ERROR] 策略 Price_Volume2 產生訊號時發生錯誤: 'vol'
2026-02-08 15:05:47,203 [INFO] 本週期結束，等待下一次收盤...
2026-02-08 15:05:52,008 [WARNING] 停止運行
2026-02-08 15:10:02,123 [INFO] 設定檔載入成功: config.json
2026-02-08 15:10:02,707 [INFO] 載入外部數據源: ['fear_greed', 'google_trends', 'fred_macro', 'us_stock_qqq']
2026-02-08 15:10:02,712 [INFO]  策略已掛載: PriceVolume2
2026-02-08 15:10:02,712 [INFO] 目前運行策略列表: ['Price_Volume2']
2026-02-08 15:10:03,443 [INFO]  [CONFIG] 成功設定 BTCUSDT 槓桿為 5x
2026-02-08 15:10:04,368 [INFO] 開始為 1 個策略熱機...
2026-02-08 15:10:04,369 [INFO] 熱機完成
2026-02-08 15:10:06,030 [INFO] 監控 1h K 線...
2026-02-08 15:10:06,207 [INFO] [ETL] 處理新 K 線: 2026-02-08 06:00:00
2026-02-08 15:10:15,602 [INFO] [SNAPSHOT] 空手 | 現價: 69321.8
2026-02-08 15:10:15,605 [INFO] [SIGNAL] Price_Volume2 | CLOSE | Exit: OBV(-587009.6)<MA or ATR<MA
2026-02-08 15:10:15,609 [INFO] 本週期結束，等待下一次收盤...
2026-02-08 15:10:24,740 [WARNING] 停止運行
2026-02-09 00:52:08,935 [INFO] 設定檔載入成功: config.json
2026-02-09 00:52:09,413 [INFO] 載入外部數據源: ['fear_greed', 'google_trends', 'fred_macro', 'us_stock_qqq']
2026-02-09 00:52:09,417 [INFO]  策略已掛載: PriceVolume2
2026-02-09 00:52:09,417 [INFO] 目前運行策略列表: ['Price_Volume2']
2026-02-09 00:52:09,794 [INFO]  [CONFIG] 成功設定 BTCUSDT 槓桿為 5x
2026-02-09 00:52:10,305 [INFO] 開始為 1 個策略熱機...
2026-02-09 00:52:10,305 [INFO] 熱機完成
2026-02-09 00:52:11,651 [INFO] 監控 1h K 線...
2026-02-09 00:52:11,713 [INFO] [ETL] 處理新 K 線: 2026-02-08 15:00:00
2026-02-09 00:52:16,372 [INFO] [SNAPSHOT] 空手 | 現價: 71152.6
2026-02-09 00:52:16,373 [INFO] [SIGNAL] Price_Volume2 | CLOSE | Exit: OBV(-595686.4)<MA or ATR<MA
2026-02-09 00:52:16,377 [INFO] 本週期結束，等待下一次收盤...
2026-02-09 00:57:28,335 [WARNING] 停止運行
2026-02-09 00:57:30,679 [INFO] 設定檔載入成功: config.json
2026-02-09 00:57:31,425 [INFO] 載入外部數據源: ['fear_greed', 'google_trends', 'fred_macro', 'us_stock_qqq']
2026-02-09 00:57:31,428 [INFO]  策略已掛載: PriceVolume2
2026-02-09 00:57:31,428 [INFO] 目前運行策略列表: ['Price_Volume2']
2026-02-09 00:57:31,824 [INFO]  [CONFIG] 成功設定 BTCUSDT 槓桿為 5x
2026-02-09 00:57:32,293 [INFO] 開始為 1 個策略熱機...
2026-02-09 00:57:32,294 [INFO] 熱機完成
2026-02-09 00:57:33,709 [INFO] 監控 1h K 線...
2026-02-09 00:57:33,766 [INFO] [ETL] 處理新 K 線: 2026-02-08 15:00:00
2026-02-09 00:57:38,499 [INFO] [SNAPSHOT] 空手 | 現價: 71152.6
2026-02-09 00:57:38,500 [INFO] [SIGNAL] Price_Volume2 | CLOSE | Exit: OBV(-595686.4)<MA or ATR<MA
2026-02-09 00:57:38,502 [INFO] 本週期結束，等待下一次收盤...
2026-02-09 01:00:01,751 [INFO] [ETL] 處理新 K 線: 2026-02-08 16:00:00
2026-02-09 01:00:08,038 [INFO] [SNAPSHOT] 空手 | 現價: 70388.7
2026-02-09 01:00:08,039 [INFO] [SIGNAL] Price_Volume2 | CLOSE | Exit: OBV(-592915.8)<MA or ATR<MA
2026-02-09 01:00:08,042 [INFO] 本週期結束，等待下一次收盤...
2026-02-09 02:00:04,125 [INFO] [ETL] 處理新 K 線: 2026-02-08 17:00:00
2026-02-09 02:00:09,020 [INFO] [SNAPSHOT] 空手 | 現價: 70754.5
2026-02-09 02:00:09,021 [INFO] [SIGNAL] Price_Volume2 | CLOSE | Exit: OBV(-588680.2)<MA or ATR<MA
2026-02-09 02:00:09,024 [INFO] 本週期結束，等待下一次收盤...
2026-02-09 02:17:52,840 [WARNING] 停止運行
2026-02-09 02:51:55,706 [INFO] 設定檔載入成功: config.json
2026-02-09 02:51:56,130 [INFO] [BG-TASK] 開始背景更新外部數據...
2026-02-09 02:51:56,130 [INFO]  外部數據背景更新
2026-02-09 02:51:56,132 [INFO] 載入外部數據源: ['fear_greed', 'google_trends', 'fred_macro', 'us_stock_qqq']
2026-02-09 02:51:56,137 [INFO]  策略已掛載: PriceVolume2
2026-02-09 02:51:56,138 [INFO] 目前運行策略列表: ['Price_Volume2']
2026-02-09 02:51:56,549 [INFO]  [CONFIG] 成功設定 BTCUSDT 槓桿為 5x
2026-02-09 02:51:57,159 [INFO] 開始為 1 個策略熱機...
2026-02-09 02:51:57,159 [INFO] 熱機完成
2026-02-09 02:51:58,565 [INFO] 監控 1h K 線...
2026-02-09 02:51:58,632 [INFO] [ETL] 處理新 K 線: 2026-02-08 17:00:00
2026-02-09 02:52:01,041 [INFO] [BG-TASK] 所有外部數據更新完成 (耗時 4.91s)
2026-02-09 02:52:02,877 [INFO] [SNAPSHOT] 空手 | 現價: 70754.5
2026-02-09 02:52:02,880 [INFO] [SIGNAL] Price_Volume2 | CLOSE | Exit: OBV(-588680.2)<MA or ATR<MA
2026-02-09 02:52:02,882 [INFO] 本週期結束，等待下一次收盤...
2026-02-09 03:00:03,135 [INFO] [ETL] 處理新 K 線: 2026-02-08 18:00:00
2026-02-09 03:19:46,623 [INFO] [SNAPSHOT] 空手 | 現價: 71103.1
2026-02-09 03:19:46,624 [INFO] [SIGNAL] Price_Volume2 | CLOSE | Exit: OBV(-597246.1)<MA or ATR<MA
2026-02-09 03:19:46,626 [INFO] 本週期結束，等待下一次收盤...
2026-02-09 03:20:24,785 [WARNING] 停止運行
2026-02-09 03:21:52,322 [INFO] 設定檔載入成功: config.json
2026-02-09 03:21:52,907 [INFO] [BG-TASK] 開始背景更新外部數據...
2026-02-09 03:21:52,907 [INFO]  外部數據背景更新
2026-02-09 03:21:52,907 [INFO] 載入外部數據源: ['fear_greed', 'google_trends', 'fred_macro', 'us_stock_qqq']
2026-02-09 03:21:52,911 [INFO]  策略已掛載: PriceVolume2
2026-02-09 03:21:52,911 [INFO]  策略已掛載: PriceVolume3
2026-02-09 03:21:52,912 [INFO] 目前運行策略列表: ['Price_Volume2', 'Strategy3_MAD_OBV_Quantile']
2026-02-09 03:25:42,944 [INFO] 設定檔載入成功: config.json
2026-02-09 03:25:43,594 [INFO] [BG-TASK] 開始背景更新外部數據...
2026-02-09 03:25:43,595 [INFO]  外部數據背景更新
2026-02-09 03:25:43,595 [INFO] 載入外部數據源: ['fear_greed', 'google_trends', 'fred_macro', 'us_stock_qqq']
2026-02-09 03:25:43,598 [INFO]  策略已掛載: PriceVolume2
2026-02-09 03:25:43,599 [INFO]  策略已掛載: PriceVolume3
2026-02-09 03:25:43,599 [INFO] 目前運行策略列表: ['Price_Volume2', 'Strategy3_MAD_OBV_Quantile']
2026-02-09 03:25:44,086 [INFO]  [CONFIG] 成功設定 BTCUSDT 槓桿為 5x
2026-02-09 03:25:44,623 [INFO] 開始為 2 個策略熱機...
2026-02-09 03:25:44,623 [INFO] 熱機完成
2026-02-09 03:25:46,211 [INFO] 監控 1h K 線...
2026-02-09 03:25:46,271 [INFO] [ETL] 處理新 K 線: 2026-02-08 18:00:00
2026-02-09 03:25:49,068 [INFO] [BG-TASK] 所有外部數據更新完成 (耗時 5.47s)
2026-02-09 03:25:50,301 [INFO] [SNAPSHOT] 交易所總持倉: 0.0 BTC | 現價: 71103.1
2026-02-09 03:25:50,305 [INFO] [SIGNAL] Price_Volume2 (0.0 BTC) | CLOSE | Exit: OBV(-597246.1)<MA or ATR<MA
2026-02-09 03:25:50,313 [INFO] [SKIP] Price_Volume2 目前空手，無法平倉
2026-02-09 03:25:50,314 [INFO] [SIGNAL] Strategy3_MAD_OBV_Quantile (0.0 BTC) | CLOSE | MAD_CoolDown or OBV_Weak
2026-02-09 03:25:50,318 [INFO] [SKIP] Strategy3_MAD_OBV_Quantile 目前空手，無法平倉
2026-02-09 03:25:50,318 [INFO] 本週期結束，等待下一次收盤...
2026-02-09 03:31:39,217 [WARNING] 停止運行
2026-02-09 03:35:14,493 [INFO] 設定檔載入成功: config.json
2026-02-09 03:35:35,958 [INFO] 設定檔載入成功: config.json
2026-02-09 03:35:36,654 [INFO] [BG-TASK] 開始背景更新外部數據...
2026-02-09 03:35:36,654 [INFO]  外部數據背景更新
2026-02-09 03:35:36,655 [INFO] 載入外部數據源: ['fear_greed', 'google_trends', 'fred_macro', 'us_stock_qqq']
2026-02-09 03:35:36,658 [INFO]  策略已掛載: PriceVolume2
2026-02-09 03:35:36,658 [INFO]  策略已掛載: PriceVolume3
2026-02-09 03:35:36,658 [INFO] 目前運行策略列表: ['Price_Volume2', 'Strategy3_MAD_OBV_Quantile']
2026-02-09 03:35:37,122 [INFO]  [CONFIG] 成功設定 BTCUSDT 槓桿為 5x
2026-02-09 03:35:37,684 [ERROR]  [DB ERROR] 儲存通用外部數據失敗: 'DatabaseHandler' object has no attribute '_connect'
2026-02-09 03:35:37,722 [INFO] 開始為 2 個策略熱機...
2026-02-09 03:35:37,723 [INFO] 熱機完成
2026-02-09 03:35:39,029 [ERROR]  [DB ERROR] 儲存通用外部數據失敗: 'DatabaseHandler' object has no attribute '_connect'
2026-02-09 03:35:39,055 [INFO] 監控 1h K 線...
2026-02-09 03:35:39,113 [INFO] [ETL] 處理新 K 線: 2026-02-08 18:00:00
2026-02-09 03:35:39,113 [ERROR] [DB ERROR] 寫入市場數據失敗: 'DatabaseHandler' object has no attribute '_connect'
2026-02-09 03:35:39,964 [ERROR]  [DB ERROR] 儲存通用外部數據失敗: 'DatabaseHandler' object has no attribute '_connect'
2026-02-09 03:35:40,905 [ERROR]  [DB ERROR] 儲存通用外部數據失敗: 'DatabaseHandler' object has no attribute '_connect'
2026-02-09 03:35:41,003 [ERROR]  [DB ERROR] 儲存通用外部數據失敗: 'DatabaseHandler' object has no attribute '_connect'
2026-02-09 03:35:41,634 [ERROR] [DB ERROR] 寫入市場數據失敗: 'DatabaseHandler' object has no attribute '_connect'
2026-02-09 03:35:41,635 [INFO] [BG-TASK] 所有外部數據更新完成 (耗時 4.98s)
2026-02-09 03:35:41,994 [ERROR]  [DB ERROR] 儲存通用外部數據失敗: 'DatabaseHandler' object has no attribute '_connect'
2026-02-09 03:35:42,681 [ERROR] [DB ERROR] 寫入市場數據失敗: 'DatabaseHandler' object has no attribute '_connect'
2026-02-09 03:35:42,682 [ERROR]  [DB ERROR] 讀取市場數據失敗: 'DatabaseHandler' object has no attribute '_connect'
2026-02-09 03:35:42,682 [INFO] 本週期結束，等待下一次收盤...
2026-02-09 03:35:49,290 [WARNING] 停止運行
2026-02-09 03:41:59,275 [INFO] 設定檔載入成功: config.json
2026-02-09 03:41:59,931 [INFO] [BG-TASK] 開始背景更新外部數據...
2026-02-09 03:41:59,931 [INFO]  外部數據背景更新
2026-02-09 03:41:59,933 [INFO] 載入外部數據源: ['fear_greed', 'google_trends', 'fred_macro', 'us_stock_qqq']
2026-02-09 03:41:59,935 [INFO]  策略已掛載: PriceVolume2
2026-02-09 03:41:59,936 [INFO]  策略已掛載: PriceVolume3
2026-02-09 03:41:59,936 [INFO] 目前運行策略列表: ['Price_Volume2', 'Strategy3_MAD_OBV_Quantile']
2026-02-09 03:42:00,344 [INFO]  [CONFIG] 成功設定 BTCUSDT 槓桿為 5x
2026-02-09 03:42:00,870 [INFO] 開始為 2 個策略熱機...
2026-02-09 03:42:00,870 [INFO] 熱機完成
2026-02-09 03:42:02,267 [INFO] 監控 1h K 線...
2026-02-09 03:42:02,324 [INFO] [ETL] 處理新 K 線: 2026-02-08 18:00:00
2026-02-09 03:42:04,698 [INFO] [BG-TASK] 所有外部數據更新完成 (耗時 4.77s)
2026-02-09 03:42:06,257 [INFO] [SNAPSHOT] 交易所總持倉: 0.0 BTC | 現價: 71103.1
2026-02-09 03:42:06,259 [INFO] [SIGNAL] Price_Volume2 (0.0 BTC) | CLOSE | Exit: OBV(-597246.1)<MA or ATR<MA
2026-02-09 03:42:06,260 [INFO] [SKIP] Price_Volume2 目前空手，無法平倉
2026-02-09 03:42:06,260 [INFO] [SIGNAL] Strategy3_MAD_OBV_Quantile (0.0 BTC) | CLOSE | MAD_CoolDown or OBV_Weak
2026-02-09 03:42:06,261 [INFO] [SKIP] Strategy3_MAD_OBV_Quantile 目前空手，無法平倉
2026-02-09 03:42:06,262 [INFO] 本週期結束，等待下一次收盤...
2026-02-09 04:00:01,606 [INFO] [ETL] 處理新 K 線: 2026-02-08 19:00:00
2026-02-09 04:00:06,472 [INFO] [SNAPSHOT] 交易所總持倉: 0.0 BTC | 現價: 71381.0
2026-02-09 04:00:06,474 [INFO] [SIGNAL] Price_Volume2 (0.0 BTC) | CLOSE | Exit: OBV(-585637.9)<MA or ATR<MA
2026-02-09 04:00:06,476 [INFO] [SKIP] Price_Volume2 目前空手，無法平倉
2026-02-09 04:00:06,477 [INFO] [SIGNAL] Strategy3_MAD_OBV_Quantile (0.0 BTC) | CLOSE | MAD_CoolDown or OBV_Weak
2026-02-09 04:00:06,478 [INFO] [SKIP] Strategy3_MAD_OBV_Quantile 目前空手，無法平倉
2026-02-09 04:00:06,478 [INFO] 本週期結束，等待下一次收盤...
2026-02-09 04:07:08,412 [WARNING] 停止運行
2026-02-09 04:08:53,425 [INFO] 設定檔載入成功: config.json
2026-02-09 04:08:54,096 [INFO] [BG-TASK] 開始背景更新外部數據...
2026-02-09 04:08:54,096 [INFO]  外部數據背景更新
2026-02-09 04:08:54,097 [INFO] 載入外部數據源: ['fear_greed', 'google_trends', 'fred_macro', 'us_stock_qqq']
2026-02-09 04:08:54,100 [INFO]  策略已掛載: PriceVolume1
2026-02-09 04:08:54,101 [INFO]  策略已掛載: PriceVolume2
2026-02-09 04:08:54,101 [INFO]  策略已掛載: PriceVolume3
2026-02-09 04:08:54,102 [INFO]  策略已掛載: PriceVolume4
2026-02-09 04:08:54,102 [INFO]  策略已掛載: PriceVolume5
2026-02-09 04:08:54,102 [INFO]  策略已掛載: PriceVolume6
2026-02-09 04:08:54,103 [INFO]  策略已掛載: PriceVolume7
2026-02-09 04:08:54,103 [INFO]  策略已掛載: PriceVolume8
2026-02-09 04:08:54,103 [INFO]  策略已掛載: PriceVolume9
2026-02-09 04:08:54,103 [INFO]  策略已掛載: SentimentStrategyV3
2026-02-09 04:08:54,104 [INFO]  策略已掛載: SentimentStrategyV2
2026-02-09 04:08:54,104 [INFO]  策略已掛載: PriceVolume10
2026-02-09 04:08:54,104 [INFO]  策略已掛載: QQQ_price
2026-02-09 04:08:54,104 [INFO] 目前運行策略列表: ['Strategy1_MAD_BSR', 'Price_Volume2', 'Strategy3_MAD_OBV_Quantile', 'Strategy4_High_Momentum', 'Strategy5_HighVol_Momentum', 'Strategy6_Climax_Momentum', 'Strategy7_Mom_LowVolFilter', 'Strategy8_Vol_BuyPressure', 'Strategy9_Mom_VROC_Shock', 'Strategy11_Trend_ZScore', 'Strategy12_GnF_Yield_Ratio', 'Strategy10_Volume_Diff_Reversion', 'Strategy13_QQQ_Wavelet_Trend']
2026-02-09 04:08:54,498 [INFO]  [CONFIG] 成功設定 BTCUSDT 槓桿為 5x
2026-02-09 04:08:55,027 [INFO] 開始為 13 個策略熱機...
2026-02-09 04:08:55,032 [INFO] 熱機完成
2026-02-09 04:08:56,408 [INFO] 監控 1h K 線...
2026-02-09 04:08:56,476 [INFO] [ETL] 處理新 K 線: 2026-02-08 19:00:00
2026-02-09 04:08:58,845 [INFO] [BG-TASK] 所有外部數據更新完成 (耗時 4.75s)
2026-02-09 04:09:00,633 [INFO] [SNAPSHOT] 交易所總持倉: 0.0 BTC | 現價: 71381.0
2026-02-09 04:09:00,634 [ERROR] 策略 Strategy1_MAD_BSR 產生訊號時發生錯誤: 'timestamp'
2026-02-09 04:09:00,637 [ERROR] 策略 Strategy6_Climax_Momentum 產生訊號時發生錯誤: 'volumeㄋ'
2026-02-09 04:09:00,639 [ERROR] 策略 Strategy12_GnF_Yield_Ratio 產生訊號時發生錯誤: 'vol'
2026-02-09 04:09:00,640 [ERROR] 策略 Strategy10_Volume_Diff_Reversion 產生訊號時發生錯誤: 'timestamp'
2026-02-09 04:09:00,641 [INFO] [SIGNAL] Price_Volume2 (0.0 BTC) | CLOSE | Exit: OBV(-585637.9)<MA or ATR<MA
2026-02-09 04:09:00,642 [INFO] [SKIP] Price_Volume2 目前空手，無法平倉
2026-02-09 04:09:00,642 [INFO] [SIGNAL] Strategy3_MAD_OBV_Quantile (0.0 BTC) | CLOSE | MAD_CoolDown or OBV_Weak
2026-02-09 04:09:00,643 [INFO] [SKIP] Strategy3_MAD_OBV_Quantile 目前空手，無法平倉
2026-02-09 04:09:00,643 [INFO] [SIGNAL] Strategy7_Mom_LowVolFilter (0.0 BTC) | LONG | Mom_Strong & Not_Dead_Fish
2026-02-09 04:09:00,885 [INFO]  [ORDER] 發送訂單 | BUY BTCUSDT | Qty: 0.007
2026-02-09 04:09:00,960 [INFO] [Strategy7_Mom_LowVolFilter] 訂單已發送 ID: 12154069880
2026-02-09 04:09:04,241 [INFO]  [DB] 交易已儲存: LONG 0.007 BTCUSDT
2026-02-09 04:09:05,671 [INFO] [VERIFIED] 成交確認 | 均價: 71078.29999999999
2026-02-09 04:09:05,671 [INFO] 本週期結束，等待下一次收盤...
2026-02-09 04:10:19,284 [WARNING] 停止運行
2026-02-09 04:20:43,408 [INFO] 設定檔載入成功: config.json
2026-02-09 04:20:44,136 [INFO] [BG-TASK] 開始背景更新外部數據...
2026-02-09 04:20:44,136 [INFO]  外部數據背景更新
2026-02-09 04:20:44,136 [INFO] 載入外部數據源: ['fear_greed', 'google_trends', 'fred_macro', 'us_stock_qqq']
2026-02-09 04:20:44,142 [INFO]  策略已掛載: PriceVolume1
2026-02-09 04:20:44,143 [INFO]  策略已掛載: PriceVolume2
2026-02-09 04:20:44,143 [INFO]  策略已掛載: PriceVolume3
2026-02-09 04:20:44,144 [INFO]  策略已掛載: PriceVolume4
2026-02-09 04:20:44,144 [INFO]  策略已掛載: PriceVolume5
2026-02-09 04:20:44,145 [INFO]  策略已掛載: PriceVolume6
2026-02-09 04:20:44,145 [INFO]  策略已掛載: PriceVolume7
2026-02-09 04:20:44,145 [INFO]  策略已掛載: PriceVolume8
2026-02-09 04:20:44,145 [INFO]  策略已掛載: PriceVolume9
2026-02-09 04:20:44,146 [INFO]  策略已掛載: SentimentStrategyV3
2026-02-09 04:20:44,146 [INFO]  策略已掛載: SentimentStrategyV2
2026-02-09 04:20:44,146 [INFO]  策略已掛載: PriceVolume10
2026-02-09 04:20:44,146 [INFO]  策略已掛載: QQQ_price
2026-02-09 04:20:44,147 [INFO] 目前運行策略列表: ['Strategy1_MAD_BSR', 'Price_Volume2', 'Strategy3_MAD_OBV_Quantile', 'Strategy4_High_Momentum', 'Strategy5_HighVol_Momentum', 'Strategy6_Climax_Momentum', 'Strategy7_Mom_LowVolFilter', 'Strategy8_Vol_BuyPressure', 'Strategy9_Mom_VROC_Shock', 'Strategy11_Trend_ZScore', 'Strategy12_GnF_Yield_Ratio', 'Strategy10_Volume_Diff_Reversion', 'Strategy13_QQQ_Wavelet_Trend']
2026-02-09 04:20:44,530 [INFO]  [CONFIG] 成功設定 BTCUSDT 槓桿為 5x
2026-02-09 04:20:45,162 [INFO] 開始為 13 個策略熱機...
2026-02-09 04:20:45,164 [INFO] 熱機完成
2026-02-09 04:20:46,579 [INFO] 監控 1h K 線...
2026-02-09 04:20:46,639 [INFO] [ETL] 處理新 K 線: 2026-02-08 19:00:00
2026-02-09 04:20:49,040 [INFO] [BG-TASK] 所有外部數據更新完成 (耗時 4.90s)
2026-02-09 04:20:50,707 [INFO] [SNAPSHOT] 交易所總持倉: 0.007 BTC | 現價: 71381.0
2026-02-09 04:20:54,618 [ERROR] 策略 Strategy10_Volume_Diff_Reversion 產生訊號時發生錯誤: 'vol'
2026-02-09 04:20:54,619 [INFO] [SIGNAL] Price_Volume2 (0.0 BTC) | CLOSE | Exit: OBV(-585637.9)<MA or ATR<MA
2026-02-09 04:20:54,620 [INFO] [SKIP] Price_Volume2 目前空手，無法平倉
2026-02-09 04:20:54,620 [INFO] [SIGNAL] Strategy3_MAD_OBV_Quantile (0.0 BTC) | CLOSE | MAD_CoolDown or OBV_Weak
2026-02-09 04:20:54,621 [INFO] [SKIP] Strategy3_MAD_OBV_Quantile 目前空手，無法平倉
2026-02-09 04:20:54,621 [INFO] [SIGNAL] Strategy6_Climax_Momentum (0.0 BTC) | CLOSE | Vol_CoolDown & OBV_Drop
2026-02-09 04:20:54,622 [INFO] [SKIP] Strategy6_Climax_Momentum 目前空手，無法平倉
2026-02-09 04:20:54,622 [INFO] [SIGNAL] Strategy7_Mom_LowVolFilter (0.007 BTC) | LONG | Mom_Strong & Not_Dead_Fish
2026-02-09 04:20:54,623 [INFO] [SKIP] Strategy7_Mom_LowVolFilter 已有持倉 0.007，跳過開倉
2026-02-09 04:20:54,623 [INFO] 本週期結束，等待下一次收盤...
2026-02-09 04:22:02,520 [WARNING] 停止運行
2026-02-10 01:36:10,480 [INFO] 設定檔載入成功: config.json
2026-02-10 01:36:10,939 [INFO] [BG-TASK] 開始背景更新外部數據...
2026-02-10 01:36:10,939 [INFO]  外部數據背景更新
2026-02-10 01:36:10,939 [INFO] 載入外部數據源: ['fear_greed', 'google_trends', 'fred_macro', 'us_stock_qqq']
2026-02-10 01:36:10,944 [INFO]  策略已掛載: PriceVolume1
2026-02-10 01:36:10,944 [INFO]  策略已掛載: PriceVolume2
2026-02-10 01:36:10,944 [INFO]  策略已掛載: PriceVolume3
2026-02-10 01:36:10,944 [INFO]  策略已掛載: PriceVolume4
2026-02-10 01:36:10,946 [INFO]  策略已掛載: PriceVolume5
2026-02-10 01:36:10,946 [INFO]  策略已掛載: PriceVolume6
2026-02-10 01:36:10,947 [INFO]  策略已掛載: PriceVolume7
2026-02-10 01:36:10,947 [INFO]  策略已掛載: PriceVolume8
2026-02-10 01:36:10,947 [INFO]  策略已掛載: PriceVolume9
2026-02-10 01:36:10,948 [INFO]  策略已掛載: SentimentStrategyV3
2026-02-10 01:36:10,948 [INFO]  策略已掛載: SentimentStrategyV2
2026-02-10 01:36:10,948 [INFO]  策略已掛載: PriceVolume10
2026-02-10 01:36:10,949 [INFO]  策略已掛載: QQQ_price
2026-02-10 01:36:10,949 [INFO] 目前運行策略列表: ['Strategy1_MAD_BSR', 'Price_Volume2', 'Strategy3_MAD_OBV_Quantile', 'Strategy4_High_Momentum', 'Strategy5_HighVol_Momentum', 'Strategy6_Climax_Momentum', 'Strategy7_Mom_LowVolFilter', 'Strategy8_Vol_BuyPressure', 'Strategy9_Mom_VROC_Shock', 'Strategy11_Trend_ZScore', 'Strategy12_GnF_Yield_Ratio', 'Strategy10_Volume_Diff_Reversion', 'Strategy13_QQQ_Wavelet_Trend']
2026-02-10 01:36:11,299 [INFO]  [CONFIG] 成功設定 BTCUSDT 槓桿為 5x
2026-02-10 01:36:11,764 [INFO] 開始為 13 個策略熱機...
2026-02-10 01:36:11,766 [INFO] 熱機完成
2026-02-10 01:36:13,211 [INFO] 監控 1h K 線...
2026-02-10 01:36:13,269 [INFO] [ETL] 處理新 K 線: 2026-02-09 16:00:00
2026-02-10 01:36:15,543 [INFO] [BG-TASK] 所有外部數據更新完成 (耗時 4.60s)
2026-02-10 01:36:20,874 [INFO] [SIGNAL] Strategy1_MAD_BSR (0.0 BTC) | CLOSE | MAD or BS fell below Threshold
2026-02-10 01:36:20,875 [INFO] [SKIP] Strategy1_MAD_BSR 目前空手，無法平倉
2026-02-10 01:36:20,875 [INFO] [SIGNAL] Price_Volume2 (0.0 BTC) | CLOSE | Exit: OBV(-603178.8)<MA or ATR<MA
2026-02-10 01:36:20,876 [INFO] [SKIP] Price_Volume2 目前空手，無法平倉
2026-02-10 01:36:20,876 [INFO] [SIGNAL] Strategy3_MAD_OBV_Quantile (0.0 BTC) | CLOSE | MAD_CoolDown or OBV_Weak
2026-02-10 01:36:20,877 [INFO] [SKIP] Strategy3_MAD_OBV_Quantile 目前空手，無法平倉
2026-02-10 01:36:20,877 [INFO] [SIGNAL] Strategy6_Climax_Momentum (0.0 BTC) | CLOSE | Vol_CoolDown & OBV_Drop
2026-02-10 01:36:20,878 [INFO] [SKIP] Strategy6_Climax_Momentum 目前空手，無法平倉
2026-02-10 01:36:20,878 [INFO] [SIGNAL] Strategy7_Mom_LowVolFilter (0.007 BTC) | LONG | Mom_Strong & Not_Dead_Fish
2026-02-10 01:36:20,879 [INFO] [SKIP] Strategy7_Mom_LowVolFilter 已有持倉 0.007，跳過開倉
2026-02-10 01:36:20,879 [INFO] [SIGNAL] Strategy8_Vol_BuyPressure (0.0 BTC) | CLOSE | Vol_Cool & Buy_Weak
2026-02-10 01:36:20,880 [INFO] [SKIP] Strategy8_Vol_BuyPressure 目前空手，無法平倉
2026-02-10 01:36:20,936 [INFO] [SNAPSHOT] 交易所總持倉: 0.0 BTC | 現價: 70049.1
2026-02-10 01:36:20,937 [INFO] 本週期結束，等待下一次收盤...
2026-02-10 01:36:30,463 [WARNING] 停止運行
2026-02-10 02:42:51,397 [INFO] 設定檔載入成功: config.json
2026-02-10 02:42:52,118 [INFO] [BG-TASK] 開始背景更新外部數據...
2026-02-10 02:42:52,118 [INFO]  外部數據背景更新
2026-02-10 02:42:52,118 [INFO] 載入外部數據源: ['fear_greed', 'google_trends', 'fred_macro', 'us_stock_qqq']
2026-02-10 02:42:52,123 [INFO]  策略已掛載: PriceVolume1
2026-02-10 02:42:52,123 [INFO]  策略已掛載: PriceVolume2
2026-02-10 02:42:52,124 [INFO]  策略已掛載: PriceVolume3
2026-02-10 02:42:52,124 [INFO]  策略已掛載: PriceVolume4
2026-02-10 02:42:52,124 [INFO]  策略已掛載: PriceVolume5
2026-02-10 02:42:52,124 [INFO]  策略已掛載: PriceVolume6
2026-02-10 02:42:52,126 [INFO]  策略已掛載: PriceVolume7
2026-02-10 02:42:52,126 [INFO]  策略已掛載: PriceVolume8
2026-02-10 02:42:52,126 [INFO]  策略已掛載: PriceVolume9
2026-02-10 02:42:52,126 [INFO]  策略已掛載: SentimentStrategyV3
2026-02-10 02:42:52,126 [INFO]  策略已掛載: SentimentStrategyV2
2026-02-10 02:42:52,126 [INFO]  策略已掛載: PriceVolume10
2026-02-10 02:42:52,126 [INFO]  策略已掛載: QQQ_price
2026-02-10 02:42:52,126 [INFO] 目前運行策略列表: ['Strategy1_MAD_BSR', 'Price_Volume2', 'Strategy3_MAD_OBV_Quantile', 'Strategy4_High_Momentum', 'Strategy5_HighVol_Momentum', 'Strategy6_Climax_Momentum', 'Strategy7_Mom_LowVolFilter', 'Strategy8_Vol_BuyPressure', 'Strategy9_Mom_VROC_Shock', 'Strategy11_Trend_ZScore', 'Strategy12_GnF_Yield_Ratio', 'Strategy10_Volume_Diff_Reversion', 'Strategy13_QQQ_Wavelet_Trend']
2026-02-10 02:42:52,493 [INFO]  [CONFIG] 成功設定 BTCUSDT 槓桿為 5x
2026-02-10 02:42:53,879 [INFO] 監控 1h K 線...
2026-02-10 02:42:54,389 [INFO] [ETL] 處理新 K 線: 2026-02-09 17:00:00
2026-02-10 02:42:56,502 [INFO] [BG-TASK] 所有外部數據更新完成 (耗時 4.38s)
2026-02-10 02:42:58,212 [ERROR] 策略 Strategy1_MAD_BSR 產生訊號時發生錯誤: BaseStrategy.update_data() takes 2 positional arguments but 3 were given
2026-02-10 02:42:58,213 [ERROR] 策略 Price_Volume2 產生訊號時發生錯誤: BaseStrategy.update_data() takes 2 positional arguments but 3 were given
2026-02-10 02:42:58,213 [ERROR] 策略 Strategy3_MAD_OBV_Quantile 產生訊號時發生錯誤: BaseStrategy.update_data() takes 2 positional arguments but 3 were given
2026-02-10 02:42:58,213 [ERROR] 策略 Strategy4_High_Momentum 產生訊號時發生錯誤: BaseStrategy.update_data() takes 2 positional arguments but 3 were given
2026-02-10 02:42:58,213 [ERROR] 策略 Strategy5_HighVol_Momentum 產生訊號時發生錯誤: BaseStrategy.update_data() takes 2 positional arguments but 3 were given
2026-02-10 02:42:58,213 [ERROR] 策略 Strategy6_Climax_Momentum 產生訊號時發生錯誤: BaseStrategy.update_data() takes 2 positional arguments but 3 were given
2026-02-10 02:42:58,214 [ERROR] 策略 Strategy7_Mom_LowVolFilter 產生訊號時發生錯誤: BaseStrategy.update_data() takes 2 positional arguments but 3 were given
2026-02-10 02:42:58,214 [ERROR] 策略 Strategy8_Vol_BuyPressure 產生訊號時發生錯誤: BaseStrategy.update_data() takes 2 positional arguments but 3 were given
2026-02-10 02:42:58,214 [ERROR] 策略 Strategy9_Mom_VROC_Shock 產生訊號時發生錯誤: BaseStrategy.update_data() takes 2 positional arguments but 3 were given
2026-02-10 02:42:58,214 [ERROR] 策略 Strategy11_Trend_ZScore 產生訊號時發生錯誤: BaseStrategy.update_data() takes 2 positional arguments but 3 were given
2026-02-10 02:42:58,214 [ERROR] 策略 Strategy12_GnF_Yield_Ratio 產生訊號時發生錯誤: BaseStrategy.update_data() takes 2 positional arguments but 3 were given
2026-02-10 02:42:58,214 [ERROR] 策略 Strategy10_Volume_Diff_Reversion 產生訊號時發生錯誤: BaseStrategy.update_data() takes 2 positional arguments but 3 were given
2026-02-10 02:42:58,215 [ERROR] 策略 Strategy13_QQQ_Wavelet_Trend 產生訊號時發生錯誤: BaseStrategy.update_data() takes 2 positional arguments but 3 were given
2026-02-10 02:42:58,276 [INFO] [SNAPSHOT] 交易所總持倉: 0.0 BTC | 現價: 70570.6
2026-02-10 02:42:58,276 [INFO] 本週期結束，等待下一次收盤...
2026-02-10 02:50:51,426 [WARNING] 停止運行
2026-02-10 02:50:53,699 [INFO] 設定檔載入成功: config.json
2026-02-10 02:50:54,316 [INFO] [BG-TASK] 開始背景更新外部數據...
2026-02-10 02:50:54,316 [INFO]  外部數據背景更新
2026-02-10 02:50:54,316 [INFO] 載入外部數據源: ['fear_greed', 'google_trends', 'fred_macro', 'us_stock_qqq']
2026-02-10 02:50:54,320 [INFO]  策略已掛載: PriceVolume1
2026-02-10 02:50:54,320 [INFO]  策略已掛載: PriceVolume2
2026-02-10 02:50:54,320 [INFO]  策略已掛載: PriceVolume3
2026-02-10 02:50:54,321 [INFO]  策略已掛載: PriceVolume4
2026-02-10 02:50:54,321 [INFO]  策略已掛載: PriceVolume5
2026-02-10 02:50:54,322 [INFO]  策略已掛載: PriceVolume6
2026-02-10 02:50:54,322 [INFO]  策略已掛載: PriceVolume7
2026-02-10 02:50:54,322 [INFO]  策略已掛載: PriceVolume8
2026-02-10 02:50:54,323 [INFO]  策略已掛載: PriceVolume9
2026-02-10 02:50:54,323 [INFO]  策略已掛載: SentimentStrategyV3
2026-02-10 02:50:54,323 [INFO]  策略已掛載: SentimentStrategyV2
2026-02-10 02:50:54,323 [INFO]  策略已掛載: PriceVolume10
2026-02-10 02:50:54,325 [INFO]  策略已掛載: QQQ_price
2026-02-10 02:50:54,325 [INFO] 目前運行策略列表: ['Strategy1_MAD_BSR', 'Price_Volume2', 'Strategy3_MAD_OBV_Quantile', 'Strategy4_High_Momentum', 'Strategy5_HighVol_Momentum', 'Strategy6_Climax_Momentum', 'Strategy7_Mom_LowVolFilter', 'Strategy8_Vol_BuyPressure', 'Strategy9_Mom_VROC_Shock', 'Strategy11_Trend_ZScore', 'Strategy12_GnF_Yield_Ratio', 'Strategy10_Volume_Diff_Reversion', 'Strategy13_QQQ_Wavelet_Trend']
2026-02-10 02:50:54,679 [INFO]  [CONFIG] 成功設定 BTCUSDT 槓桿為 5x
2026-02-10 02:50:56,029 [INFO] 監控 1h K 線...
2026-02-10 02:50:56,454 [INFO] [ETL] 處理新 K 線: 2026-02-09 17:00:00
2026-02-10 02:50:58,161 [INFO] [BG-TASK] 所有外部數據更新完成 (耗時 3.84s)
2026-02-10 02:51:01,202 [INFO] [SIGNAL] Strategy1_MAD_BSR (0.0 BTC) | CLOSE | MAD or BS fell below Threshold
2026-02-10 02:51:01,205 [INFO] [SKIP] Strategy1_MAD_BSR 目前空手，無法平倉
2026-02-10 02:51:01,205 [INFO] [SIGNAL] Price_Volume2 (0.0 BTC) | CLOSE | Exit: OBV(-910837.3)<MA or ATR<MA
2026-02-10 02:51:01,206 [INFO] [SKIP] Price_Volume2 目前空手，無法平倉
2026-02-10 02:51:01,206 [INFO] [SIGNAL] Strategy3_MAD_OBV_Quantile (0.0 BTC) | CLOSE | MAD_CoolDown or OBV_Weak
2026-02-10 02:51:01,206 [INFO] [SKIP] Strategy3_MAD_OBV_Quantile 目前空手，無法平倉
2026-02-10 02:51:01,206 [INFO] [SIGNAL] Strategy4_High_Momentum (0.0 BTC) | CLOSE | Momentum_Collapsed
2026-02-10 02:51:01,207 [INFO] [SKIP] Strategy4_High_Momentum 目前空手，無法平倉
2026-02-10 02:51:01,207 [INFO] [SIGNAL] Strategy6_Climax_Momentum (0.0 BTC) | CLOSE | Vol_CoolDown & OBV_Drop
2026-02-10 02:51:01,208 [INFO] [SKIP] Strategy6_Climax_Momentum 目前空手，無法平倉
2026-02-10 02:51:01,208 [INFO] [SIGNAL] Strategy7_Mom_LowVolFilter (0.007 BTC) | LONG | Mom_Strong & Not_Dead_Fish
2026-02-10 02:51:01,209 [INFO] [SKIP] Strategy7_Mom_LowVolFilter 已有持倉 0.007，跳過開倉
2026-02-10 02:51:01,209 [INFO] [SIGNAL] Strategy8_Vol_BuyPressure (0.0 BTC) | CLOSE | Vol_Cool & Buy_Weak
2026-02-10 02:51:01,210 [INFO] [SKIP] Strategy8_Vol_BuyPressure 目前空手，無法平倉
2026-02-10 02:51:01,268 [INFO] [SNAPSHOT] 交易所總持倉: 0.0 BTC | 現價: 70570.6
2026-02-10 02:51:01,268 [INFO] 本週期結束，等待下一次收盤...
2026-02-10 02:53:05,547 [WARNING] 停止運行
2026-02-10 02:53:07,645 [INFO] 設定檔載入成功: config.json
2026-02-10 02:53:08,250 [INFO] [BG-TASK] 開始背景更新外部數據...
2026-02-10 02:53:08,250 [INFO]  外部數據背景更新
2026-02-10 02:53:08,251 [INFO] 載入外部數據源: ['fear_greed', 'google_trends', 'fred_macro', 'us_stock_qqq']
2026-02-10 02:53:08,253 [INFO]  策略已掛載: PriceVolume1
2026-02-10 02:53:08,254 [INFO]  策略已掛載: PriceVolume2
2026-02-10 02:53:08,254 [INFO]  策略已掛載: PriceVolume3
2026-02-10 02:53:08,254 [INFO]  策略已掛載: PriceVolume4
2026-02-10 02:53:08,255 [INFO]  策略已掛載: PriceVolume5
2026-02-10 02:53:08,255 [INFO]  策略已掛載: PriceVolume6
2026-02-10 02:53:08,255 [INFO]  策略已掛載: PriceVolume7
2026-02-10 02:53:08,255 [INFO]  策略已掛載: PriceVolume8
2026-02-10 02:53:08,256 [INFO]  策略已掛載: PriceVolume9
2026-02-10 02:53:08,256 [INFO]  策略已掛載: SentimentStrategyV3
2026-02-10 02:53:08,256 [INFO]  策略已掛載: SentimentStrategyV2
2026-02-10 02:53:08,257 [INFO]  策略已掛載: PriceVolume10
2026-02-10 02:53:08,257 [INFO]  策略已掛載: QQQ_price
2026-02-10 02:53:08,257 [INFO] 目前運行策略列表: ['Strategy1_MAD_BSR', 'Price_Volume2', 'Strategy3_MAD_OBV_Quantile', 'Strategy4_High_Momentum', 'Strategy5_HighVol_Momentum', 'Strategy6_Climax_Momentum', 'Strategy7_Mom_LowVolFilter', 'Strategy8_Vol_BuyPressure', 'Strategy9_Mom_VROC_Shock', 'Strategy11_Trend_ZScore', 'Strategy12_GnF_Yield_Ratio', 'Strategy10_Volume_Diff_Reversion', 'Strategy13_QQQ_Wavelet_Trend']
2026-02-10 02:53:08,658 [INFO]  [CONFIG] 成功設定 BTCUSDT 槓桿為 5x
2026-02-10 02:53:10,016 [INFO] 監控 1h K 線...
2026-02-10 02:53:10,362 [INFO] [ETL] 處理新 K 線: 2026-02-09 17:00:00
2026-02-10 02:53:13,118 [INFO] [BG-TASK] 所有外部數據更新完成 (耗時 4.87s)
2026-02-10 02:53:14,337 [INFO] [SIGNAL] Strategy1_MAD_BSR (0.0 BTC) | CLOSE | MAD or BS fell below Threshold
2026-02-10 02:53:14,339 [INFO] [SKIP] Strategy1_MAD_BSR 目前空手，無法平倉
2026-02-10 02:53:14,339 [INFO] [SIGNAL] Price_Volume2 (0.0 BTC) | CLOSE | Exit: OBV(-910837.3)<MA or ATR<MA
2026-02-10 02:53:14,339 [INFO] [SKIP] Price_Volume2 目前空手，無法平倉
2026-02-10 02:53:14,340 [INFO] [SIGNAL] Strategy3_MAD_OBV_Quantile (0.0 BTC) | CLOSE | MAD_CoolDown or OBV_Weak
2026-02-10 02:53:14,340 [INFO] [SKIP] Strategy3_MAD_OBV_Quantile 目前空手，無法平倉
2026-02-10 02:53:14,340 [INFO] [SIGNAL] Strategy4_High_Momentum (0.0 BTC) | CLOSE | Momentum_Collapsed
2026-02-10 02:53:14,341 [INFO] [SKIP] Strategy4_High_Momentum 目前空手，無法平倉
2026-02-10 02:53:14,341 [INFO] [SIGNAL] Strategy6_Climax_Momentum (0.0 BTC) | CLOSE | Vol_CoolDown & OBV_Drop
2026-02-10 02:53:14,341 [INFO] [SKIP] Strategy6_Climax_Momentum 目前空手，無法平倉
2026-02-10 02:53:14,343 [INFO] [SIGNAL] Strategy7_Mom_LowVolFilter (0.007 BTC) | LONG | Mom_Strong & Not_Dead_Fish
2026-02-10 02:53:14,343 [INFO] [SKIP] Strategy7_Mom_LowVolFilter 已有持倉 0.007，跳過開倉
2026-02-10 02:53:14,344 [INFO] [SIGNAL] Strategy8_Vol_BuyPressure (0.0 BTC) | CLOSE | Vol_Cool & Buy_Weak
2026-02-10 02:53:14,344 [INFO] [SKIP] Strategy8_Vol_BuyPressure 目前空手，無法平倉
2026-02-10 02:53:14,401 [INFO] [SNAPSHOT] 交易所總持倉: 0.0 BTC | 現價: 70570.6
2026-02-10 02:53:14,401 [INFO] 本週期結束，等待下一次收盤...
2026-02-10 02:56:53,363 [WARNING] 停止運行
2026-02-10 02:56:55,219 [INFO] 設定檔載入成功: config.json
2026-02-10 02:56:55,818 [INFO] [BG-TASK] 開始背景更新外部數據...
2026-02-10 02:56:55,818 [INFO]  外部數據背景更新
2026-02-10 02:56:55,819 [INFO] 載入外部數據源: ['fear_greed', 'google_trends', 'fred_macro', 'us_stock_qqq']
2026-02-10 02:56:55,821 [INFO]  策略已掛載: PriceVolume1
2026-02-10 02:56:55,821 [INFO]  策略已掛載: PriceVolume2
2026-02-10 02:56:55,822 [INFO]  策略已掛載: PriceVolume3
2026-02-10 02:56:55,822 [INFO]  策略已掛載: PriceVolume4
2026-02-10 02:56:55,823 [INFO]  策略已掛載: PriceVolume5
2026-02-10 02:56:55,823 [INFO]  策略已掛載: PriceVolume6
2026-02-10 02:56:55,823 [INFO]  策略已掛載: PriceVolume7
2026-02-10 02:56:55,824 [INFO]  策略已掛載: PriceVolume8
2026-02-10 02:56:55,824 [INFO]  策略已掛載: PriceVolume9
2026-02-10 02:56:55,824 [INFO]  策略已掛載: SentimentStrategyV3
2026-02-10 02:56:55,824 [INFO]  策略已掛載: SentimentStrategyV2
2026-02-10 02:56:55,825 [INFO]  策略已掛載: PriceVolume10
2026-02-10 02:56:55,825 [INFO]  策略已掛載: QQQ_price
2026-02-10 02:56:55,825 [INFO] 目前運行策略列表: ['Strategy1_MAD_BSR', 'Price_Volume2', 'Strategy3_MAD_OBV_Quantile', 'Strategy4_High_Momentum', 'Strategy5_HighVol_Momentum', 'Strategy6_Climax_Momentum', 'Strategy7_Mom_LowVolFilter', 'Strategy8_Vol_BuyPressure', 'Strategy9_Mom_VROC_Shock', 'Strategy11_Trend_ZScore', 'Strategy12_GnF_Yield_Ratio', 'Strategy10_Volume_Diff_Reversion', 'Strategy13_QQQ_Wavelet_Trend']
2026-02-10 02:56:56,373 [INFO]  [CONFIG] 成功設定 BTCUSDT 槓桿為 5x
2026-02-10 02:56:57,770 [INFO] 監控 1h K 線...
2026-02-10 02:56:58,254 [INFO] [ETL] 處理新 K 線: 2026-02-09 17:00:00
2026-02-10 02:57:00,431 [INFO] [BG-TASK] 所有外部數據更新完成 (耗時 4.61s)
2026-02-10 02:57:02,245 [INFO] [SIGNAL] Strategy1_MAD_BSR (0.0 BTC) | CLOSE | MAD or BS fell below Threshold
2026-02-10 02:57:02,246 [INFO] [SKIP] Strategy1_MAD_BSR 目前空手，無法平倉
2026-02-10 02:57:02,246 [INFO] [SIGNAL] Price_Volume2 (0.0 BTC) | CLOSE | Exit: OBV(-910837.3)<MA or ATR<MA
2026-02-10 02:57:02,246 [INFO] [SKIP] Price_Volume2 目前空手，無法平倉
2026-02-10 02:57:02,246 [INFO] [SIGNAL] Strategy3_MAD_OBV_Quantile (0.0 BTC) | CLOSE | MAD_CoolDown or OBV_Weak
2026-02-10 02:57:02,247 [INFO] [SKIP] Strategy3_MAD_OBV_Quantile 目前空手，無法平倉
2026-02-10 02:57:02,247 [INFO] [SIGNAL] Strategy4_High_Momentum (0.0 BTC) | CLOSE | Momentum_Collapsed
2026-02-10 02:57:02,248 [INFO] [SKIP] Strategy4_High_Momentum 目前空手，無法平倉
2026-02-10 02:57:02,248 [INFO] [SIGNAL] Strategy6_Climax_Momentum (0.0 BTC) | CLOSE | Vol_CoolDown & OBV_Drop
2026-02-10 02:57:02,249 [INFO] [SKIP] Strategy6_Climax_Momentum 目前空手，無法平倉
2026-02-10 02:57:02,249 [INFO] [SIGNAL] Strategy7_Mom_LowVolFilter (0.007 BTC) | LONG | Mom_Strong & Not_Dead_Fish
2026-02-10 02:57:02,250 [INFO] [SKIP] Strategy7_Mom_LowVolFilter 已有持倉 0.007，跳過開倉
2026-02-10 02:57:02,250 [INFO] [SIGNAL] Strategy8_Vol_BuyPressure (0.0 BTC) | CLOSE | Vol_Cool & Buy_Weak
2026-02-10 02:57:02,251 [INFO] [SKIP] Strategy8_Vol_BuyPressure 目前空手，無法平倉
2026-02-10 02:57:02,306 [INFO] [SNAPSHOT] 交易所總持倉: 0.0 BTC | 現價: 70570.6
2026-02-10 02:57:02,307 [INFO] 本週期結束，等待下一次收盤...
2026-02-10 02:58:13,385 [WARNING] 停止運行
2026-02-10 02:58:19,455 [INFO] 設定檔載入成功: config.json
2026-02-10 02:58:20,098 [INFO] [BG-TASK] 開始背景更新外部數據...
2026-02-10 02:58:20,099 [INFO]  外部數據背景更新
2026-02-10 02:58:20,099 [INFO] 載入外部數據源: ['fear_greed', 'google_trends', 'fred_macro', 'us_stock_qqq']
2026-02-10 02:58:20,103 [INFO]  策略已掛載: PriceVolume1
2026-02-10 02:58:20,103 [INFO]  策略已掛載: PriceVolume2
2026-02-10 02:58:20,104 [INFO]  策略已掛載: PriceVolume3
2026-02-10 02:58:20,104 [INFO]  策略已掛載: PriceVolume4
2026-02-10 02:58:20,104 [INFO]  策略已掛載: PriceVolume5
2026-02-10 02:58:20,104 [INFO]  策略已掛載: PriceVolume6
2026-02-10 02:58:20,104 [INFO]  策略已掛載: PriceVolume7
2026-02-10 02:58:20,105 [INFO]  策略已掛載: PriceVolume8
2026-02-10 02:58:20,105 [INFO]  策略已掛載: PriceVolume9
2026-02-10 02:58:20,105 [INFO]  策略已掛載: SentimentStrategyV3
2026-02-10 02:58:20,105 [INFO]  策略已掛載: SentimentStrategyV2
2026-02-10 02:58:20,107 [INFO]  策略已掛載: PriceVolume10
2026-02-10 02:58:20,107 [INFO]  策略已掛載: QQQ_price
2026-02-10 02:58:20,107 [INFO] 目前運行策略列表: ['Strategy1_MAD_BSR', 'Price_Volume2', 'Strategy3_MAD_OBV_Quantile', 'Strategy4_High_Momentum', 'Strategy5_HighVol_Momentum', 'Strategy6_Climax_Momentum', 'Strategy7_Mom_LowVolFilter', 'Strategy8_Vol_BuyPressure', 'Strategy9_Mom_VROC_Shock', 'Strategy11_Trend_ZScore', 'Strategy12_GnF_Yield_Ratio', 'Strategy10_Volume_Diff_Reversion', 'Strategy13_QQQ_Wavelet_Trend']
2026-02-10 02:58:20,562 [INFO]  [CONFIG] 成功設定 BTCUSDT 槓桿為 5x
2026-02-10 02:58:21,879 [INFO] 監控 1h K 線...
2026-02-10 02:58:22,236 [INFO] [ETL] 處理新 K 線: 2026-02-09 17:00:00
2026-02-10 02:58:24,600 [INFO] [BG-TASK] 所有外部數據更新完成 (耗時 4.50s)
2026-02-10 02:58:26,182 [INFO] [SIGNAL] Strategy1_MAD_BSR (0.0 BTC) | CLOSE | MAD or BS fell below Threshold
2026-02-10 02:58:26,183 [INFO] [SKIP] Strategy1_MAD_BSR 目前空手，無法平倉
2026-02-10 02:58:26,183 [INFO] [SIGNAL] Price_Volume2 (0.0 BTC) | CLOSE | Exit: OBV(-910837.3)<MA or ATR<MA
2026-02-10 02:58:26,184 [INFO] [SKIP] Price_Volume2 目前空手，無法平倉
2026-02-10 02:58:26,184 [INFO] [SIGNAL] Strategy3_MAD_OBV_Quantile (0.0 BTC) | CLOSE | MAD_CoolDown or OBV_Weak
2026-02-10 02:58:26,185 [INFO] [SKIP] Strategy3_MAD_OBV_Quantile 目前空手，無法平倉
2026-02-10 02:58:26,185 [INFO] [SIGNAL] Strategy4_High_Momentum (0.0 BTC) | CLOSE | Momentum_Collapsed
2026-02-10 02:58:26,186 [INFO] [SKIP] Strategy4_High_Momentum 目前空手，無法平倉
2026-02-10 02:58:26,186 [INFO] [SIGNAL] Strategy6_Climax_Momentum (0.0 BTC) | CLOSE | Vol_CoolDown & OBV_Drop
2026-02-10 02:58:26,187 [INFO] [SKIP] Strategy6_Climax_Momentum 目前空手，無法平倉
2026-02-10 02:58:26,187 [INFO] [SIGNAL] Strategy7_Mom_LowVolFilter (0.007 BTC) | LONG | Mom_Strong & Not_Dead_Fish
2026-02-10 02:58:26,188 [INFO] [SKIP] Strategy7_Mom_LowVolFilter 已有持倉 0.007，跳過開倉
2026-02-10 02:58:26,188 [INFO] [SIGNAL] Strategy8_Vol_BuyPressure (0.0 BTC) | CLOSE | Vol_Cool & Buy_Weak
2026-02-10 02:58:26,188 [INFO] [SKIP] Strategy8_Vol_BuyPressure 目前空手，無法平倉
2026-02-10 02:58:26,241 [INFO] [SNAPSHOT] 交易所總持倉: 0.0 BTC | 現價: 70570.6
2026-02-10 02:58:26,241 [INFO] 本週期結束，等待下一次收盤...
2026-02-10 03:00:03,543 [INFO] [ETL] 處理新 K 線: 2026-02-09 18:00:00
2026-02-10 03:00:08,216 [INFO] [SIGNAL] Strategy1_MAD_BSR (0.0 BTC) | CLOSE | MAD or BS fell below Threshold
2026-02-10 03:00:08,217 [INFO] [SKIP] Strategy1_MAD_BSR 目前空手，無法平倉
2026-02-10 03:00:08,218 [INFO] [SIGNAL] Price_Volume2 (0.0 BTC) | CLOSE | Exit: OBV(-884181.3)<MA or ATR<MA
2026-02-10 03:00:08,219 [INFO] [SKIP] Price_Volume2 目前空手，無法平倉
2026-02-10 03:00:08,219 [INFO] [SIGNAL] Strategy3_MAD_OBV_Quantile (0.0 BTC) | CLOSE | MAD_CoolDown or OBV_Weak
2026-02-10 03:00:08,220 [INFO] [SKIP] Strategy3_MAD_OBV_Quantile 目前空手，無法平倉
2026-02-10 03:00:08,220 [INFO] [SIGNAL] Strategy4_High_Momentum (0.0 BTC) | CLOSE | Momentum_Collapsed
2026-02-10 03:00:08,221 [INFO] [SKIP] Strategy4_High_Momentum 目前空手，無法平倉
2026-02-10 03:00:08,221 [INFO] [SIGNAL] Strategy6_Climax_Momentum (0.0 BTC) | CLOSE | Vol_CoolDown & OBV_Drop
2026-02-10 03:00:08,222 [INFO] [SKIP] Strategy6_Climax_Momentum 目前空手，無法平倉
2026-02-10 03:00:08,222 [INFO] [SIGNAL] Strategy7_Mom_LowVolFilter (0.007 BTC) | LONG | Mom_Strong & Not_Dead_Fish
2026-02-10 03:00:08,222 [INFO] [SKIP] Strategy7_Mom_LowVolFilter 已有持倉 0.007，跳過開倉
2026-02-10 03:00:08,223 [INFO] [SIGNAL] Strategy8_Vol_BuyPressure (0.0 BTC) | CLOSE | Vol_Cool & Buy_Weak
2026-02-10 03:00:08,223 [INFO] [SKIP] Strategy8_Vol_BuyPressure 目前空手，無法平倉
2026-02-10 03:00:08,223 [INFO] [SIGNAL] Strategy9_Mom_VROC_Shock (0.0 BTC) | CLOSE | Mom_Fade & Vol_Normal
2026-02-10 03:00:08,224 [INFO] [SKIP] Strategy9_Mom_VROC_Shock 目前空手，無法平倉
2026-02-10 03:00:08,277 [INFO] [SNAPSHOT] 交易所總持倉: 0.0 BTC | 現價: 70379.9
2026-02-10 03:00:08,278 [INFO] 本週期結束，等待下一次收盤...
2026-02-10 03:08:49,271 [WARNING] 停止運行
2026-02-10 03:09:54,778 [INFO] 設定檔載入成功: config.json
2026-02-10 03:09:55,513 [INFO] [BG-TASK] 開始背景更新外部數據...
2026-02-10 03:09:55,513 [INFO]  外部數據背景更新
2026-02-10 03:09:55,514 [INFO] 載入外部數據源: ['fear_greed', 'google_trends', 'fred_macro', 'us_stock_qqq']
2026-02-10 03:09:55,517 [INFO]  策略已掛載: PriceVolume1
2026-02-10 03:09:55,517 [INFO]  策略已掛載: PriceVolume2
2026-02-10 03:09:55,517 [INFO]  策略已掛載: PriceVolume3
2026-02-10 03:09:55,518 [INFO]  策略已掛載: PriceVolume4
2026-02-10 03:09:55,518 [INFO]  策略已掛載: PriceVolume5
2026-02-10 03:09:55,519 [INFO]  策略已掛載: PriceVolume6
2026-02-10 03:09:55,519 [INFO]  策略已掛載: PriceVolume7
2026-02-10 03:09:55,520 [INFO]  策略已掛載: PriceVolume8
2026-02-10 03:09:55,520 [INFO]  策略已掛載: PriceVolume9
2026-02-10 03:09:55,520 [INFO]  策略已掛載: SentimentStrategyV3
2026-02-10 03:09:55,521 [INFO]  策略已掛載: SentimentStrategyV2
2026-02-10 03:09:55,521 [INFO]  策略已掛載: PriceVolume10
2026-02-10 03:09:55,521 [INFO]  策略已掛載: QQQ_price
2026-02-10 03:09:55,521 [INFO] 目前運行策略列表: ['Strategy1_MAD_BSR', 'Price_Volume2', 'Strategy3_MAD_OBV_Quantile', 'Strategy4_High_Momentum', 'Strategy5_HighVol_Momentum', 'Strategy6_Climax_Momentum', 'Strategy7_Mom_LowVolFilter', 'Strategy8_Vol_BuyPressure', 'Strategy9_Mom_VROC_Shock', 'Strategy11_Trend_ZScore', 'Strategy12_GnF_Yield_Ratio', 'Strategy10_Volume_Diff_Reversion', 'Strategy13_QQQ_Wavelet_Trend']
2026-02-10 03:09:55,942 [INFO]  [CONFIG] 成功設定 BTCUSDT 槓桿為 5x
2026-02-10 03:09:57,302 [INFO] 監控 1h K 線...
2026-02-10 03:09:57,689 [INFO] [ETL] 處理新 K 線: 2026-02-09 18:00:00
2026-02-10 03:09:59,844 [INFO] [BG-TASK] 所有外部數據更新完成 (耗時 4.33s)
2026-02-10 03:10:01,702 [INFO] [SIGNAL] Strategy1_MAD_BSR (0.0 BTC) | CLOSE | MAD or BS fell below Threshold
2026-02-10 03:10:01,703 [INFO] [SKIP] Strategy1_MAD_BSR 目前空手，無法平倉
2026-02-10 03:10:01,703 [INFO] [SIGNAL] Price_Volume2 (0.0 BTC) | CLOSE | Exit: OBV(-884181.3)<MA or ATR<MA
2026-02-10 03:10:01,703 [INFO] [SKIP] Price_Volume2 目前空手，無法平倉
2026-02-10 03:10:01,704 [INFO] [SIGNAL] Strategy3_MAD_OBV_Quantile (0.0 BTC) | CLOSE | MAD_CoolDown or OBV_Weak
2026-02-10 03:10:01,704 [INFO] [SKIP] Strategy3_MAD_OBV_Quantile 目前空手，無法平倉
2026-02-10 03:10:01,704 [INFO] [SIGNAL] Strategy4_High_Momentum (0.0 BTC) | CLOSE | Momentum_Collapsed
2026-02-10 03:10:01,705 [INFO] [SKIP] Strategy4_High_Momentum 目前空手，無法平倉
2026-02-10 03:10:01,705 [INFO] [SIGNAL] Strategy6_Climax_Momentum (0.0 BTC) | CLOSE | Vol_CoolDown & OBV_Drop
2026-02-10 03:10:01,706 [INFO] [SKIP] Strategy6_Climax_Momentum 目前空手，無法平倉
2026-02-10 03:10:01,706 [INFO] [SIGNAL] Strategy7_Mom_LowVolFilter (0.007 BTC) | LONG | Mom_Strong & Not_Dead_Fish
2026-02-10 03:10:01,707 [INFO] [SKIP] Strategy7_Mom_LowVolFilter 已有持倉 0.007，跳過開倉
2026-02-10 03:10:01,707 [INFO] [SIGNAL] Strategy8_Vol_BuyPressure (0.0 BTC) | CLOSE | Vol_Cool & Buy_Weak
2026-02-10 03:10:01,708 [INFO] [SKIP] Strategy8_Vol_BuyPressure 目前空手，無法平倉
2026-02-10 03:10:01,708 [INFO] [SIGNAL] Strategy9_Mom_VROC_Shock (0.0 BTC) | CLOSE | Mom_Fade & Vol_Normal
2026-02-10 03:10:01,708 [INFO] [SKIP] Strategy9_Mom_VROC_Shock 目前空手，無法平倉
2026-02-10 03:10:01,776 [INFO] [SNAPSHOT] 交易所總持倉: 0.0 BTC | 現價: 70379.9
2026-02-10 03:10:01,776 [INFO] 本週期結束，等待下一次收盤...
2026-02-10 03:11:43,995 [WARNING] 停止運行
2026-02-10 03:11:45,911 [INFO] 設定檔載入成功: config.json
2026-02-10 03:11:46,498 [INFO] [BG-TASK] 開始背景更新外部數據...
2026-02-10 03:11:46,498 [INFO]  外部數據背景更新
2026-02-10 03:11:46,499 [INFO] 載入外部數據源: ['fear_greed', 'google_trends', 'fred_macro', 'us_stock_qqq']
2026-02-10 03:11:46,501 [INFO]  策略已掛載: PriceVolume1
2026-02-10 03:11:46,502 [INFO]  策略已掛載: PriceVolume2
2026-02-10 03:11:46,502 [INFO]  策略已掛載: PriceVolume3
2026-02-10 03:11:46,502 [INFO]  策略已掛載: PriceVolume4
2026-02-10 03:11:46,502 [INFO]  策略已掛載: PriceVolume5
2026-02-10 03:11:46,502 [INFO]  策略已掛載: PriceVolume6
2026-02-10 03:11:46,504 [INFO]  策略已掛載: PriceVolume7
2026-02-10 03:11:46,504 [INFO]  策略已掛載: PriceVolume8
2026-02-10 03:11:46,504 [INFO]  策略已掛載: PriceVolume9
2026-02-10 03:11:46,504 [INFO]  策略已掛載: SentimentStrategyV3
2026-02-10 03:11:46,505 [INFO]  策略已掛載: SentimentStrategyV2
2026-02-10 03:11:46,505 [INFO]  策略已掛載: PriceVolume10
2026-02-10 03:11:46,505 [INFO]  策略已掛載: QQQ_price
2026-02-10 03:11:46,505 [INFO] 目前運行策略列表: ['Strategy1_MAD_BSR', 'Price_Volume2', 'Strategy3_MAD_OBV_Quantile', 'Strategy4_High_Momentum', 'Strategy5_HighVol_Momentum', 'Strategy6_Climax_Momentum', 'Strategy7_Mom_LowVolFilter', 'Strategy8_Vol_BuyPressure', 'Strategy9_Mom_VROC_Shock', 'Strategy11_Trend_ZScore', 'Strategy12_GnF_Yield_Ratio', 'Strategy10_Volume_Diff_Reversion', 'Strategy13_QQQ_Wavelet_Trend']
2026-02-10 03:11:46,896 [INFO]  [CONFIG] 成功設定 BTCUSDT 槓桿為 5x
2026-02-10 03:11:48,207 [INFO] 監控 1h K 線...
2026-02-10 03:11:48,574 [INFO] [ETL] 處理新 K 線: 2026-02-09 18:00:00
2026-02-10 03:11:51,101 [INFO] [BG-TASK] 所有外部數據更新完成 (耗時 4.60s)
2026-02-10 03:11:52,583 [INFO] [SIGNAL] Strategy1_MAD_BSR (0.0 BTC) | CLOSE | MAD or BS fell below Threshold
2026-02-10 03:11:52,584 [INFO] [SKIP] Strategy1_MAD_BSR 目前空手，無法平倉
2026-02-10 03:11:52,584 [INFO] [SIGNAL] Price_Volume2 (0.0 BTC) | CLOSE | Exit: OBV(-884181.3)<MA or ATR<MA
2026-02-10 03:11:52,585 [INFO] [SKIP] Price_Volume2 目前空手，無法平倉
2026-02-10 03:11:52,585 [INFO] [SIGNAL] Strategy3_MAD_OBV_Quantile (0.0 BTC) | CLOSE | MAD_CoolDown or OBV_Weak
2026-02-10 03:11:52,586 [INFO] [SKIP] Strategy3_MAD_OBV_Quantile 目前空手，無法平倉
2026-02-10 03:11:52,586 [INFO] [SIGNAL] Strategy4_High_Momentum (0.0 BTC) | CLOSE | Momentum_Collapsed
2026-02-10 03:11:52,586 [INFO] [SKIP] Strategy4_High_Momentum 目前空手，無法平倉
2026-02-10 03:11:52,587 [INFO] [SIGNAL] Strategy6_Climax_Momentum (0.0 BTC) | CLOSE | Vol_CoolDown & OBV_Drop
2026-02-10 03:11:52,588 [INFO] [SKIP] Strategy6_Climax_Momentum 目前空手，無法平倉
2026-02-10 03:11:52,588 [INFO] [SIGNAL] Strategy7_Mom_LowVolFilter (0.007 BTC) | LONG | Mom_Strong & Not_Dead_Fish
2026-02-10 03:11:52,589 [INFO] [SKIP] Strategy7_Mom_LowVolFilter 已有持倉 0.007，跳過開倉
2026-02-10 03:11:52,589 [INFO] [SIGNAL] Strategy8_Vol_BuyPressure (0.0 BTC) | CLOSE | Vol_Cool & Buy_Weak
2026-02-10 03:11:52,589 [INFO] [SKIP] Strategy8_Vol_BuyPressure 目前空手，無法平倉
2026-02-10 03:11:52,590 [INFO] [SIGNAL] Strategy9_Mom_VROC_Shock (0.0 BTC) | CLOSE | Mom_Fade & Vol_Normal
2026-02-10 03:11:52,590 [INFO] [SKIP] Strategy9_Mom_VROC_Shock 目前空手，無法平倉
2026-02-10 03:11:52,646 [INFO] [SNAPSHOT] 交易所總持倉: 0.0 BTC | 現價: 70379.9
2026-02-10 03:11:52,646 [INFO] 本週期結束，等待下一次收盤...
2026-02-10 03:15:14,952 [WARNING] 停止運行
2026-02-10 03:15:16,737 [INFO] 設定檔載入成功: config.json
2026-02-10 03:15:17,378 [INFO] [BG-TASK] 開始背景更新外部數據...
2026-02-10 03:15:17,378 [INFO]  外部數據背景更新
2026-02-10 03:15:17,379 [INFO] 載入外部數據源: ['fear_greed', 'google_trends', 'fred_macro', 'us_stock_qqq']
2026-02-10 03:15:17,382 [INFO]  策略已掛載: PriceVolume1
2026-02-10 03:15:17,382 [INFO]  策略已掛載: PriceVolume2
2026-02-10 03:15:17,383 [INFO]  策略已掛載: PriceVolume3
2026-02-10 03:15:17,383 [INFO]  策略已掛載: PriceVolume4
2026-02-10 03:15:17,383 [INFO]  策略已掛載: PriceVolume5
2026-02-10 03:15:17,384 [INFO]  策略已掛載: PriceVolume6
2026-02-10 03:15:17,385 [INFO]  策略已掛載: PriceVolume7
2026-02-10 03:15:17,385 [INFO]  策略已掛載: PriceVolume8
2026-02-10 03:15:17,385 [INFO]  策略已掛載: PriceVolume9
2026-02-10 03:15:17,385 [INFO]  策略已掛載: SentimentStrategyV3
2026-02-10 03:15:17,386 [INFO]  策略已掛載: SentimentStrategyV2
2026-02-10 03:15:17,386 [INFO]  策略已掛載: PriceVolume10
2026-02-10 03:15:17,386 [INFO]  策略已掛載: QQQ_price
2026-02-10 03:15:17,386 [INFO] 目前運行策略列表: ['Strategy1_MAD_BSR', 'Price_Volume2', 'Strategy3_MAD_OBV_Quantile', 'Strategy4_High_Momentum', 'Strategy5_HighVol_Momentum', 'Strategy6_Climax_Momentum', 'Strategy7_Mom_LowVolFilter', 'Strategy8_Vol_BuyPressure', 'Strategy9_Mom_VROC_Shock', 'Strategy11_Trend_ZScore', 'Strategy12_GnF_Yield_Ratio', 'Strategy10_Volume_Diff_Reversion', 'Strategy13_QQQ_Wavelet_Trend']
2026-02-10 03:15:17,724 [INFO]  [CONFIG] 成功設定 BTCUSDT 槓桿為 5x
2026-02-10 03:15:19,103 [INFO] 監控 1h K 線...
2026-02-10 03:15:19,639 [INFO] [ETL] 處理新 K 線: 2026-02-09 18:00:00
2026-02-10 03:15:21,961 [INFO] [BG-TASK] 所有外部數據更新完成 (耗時 4.58s)
2026-02-10 03:15:23,647 [INFO] [SIGNAL] Strategy1_MAD_BSR (0.0 BTC) | CLOSE | MAD or BS fell below Threshold
2026-02-10 03:15:23,648 [INFO] [SKIP] Strategy1_MAD_BSR 目前空手，無法平倉
2026-02-10 03:15:23,648 [INFO] [SIGNAL] Price_Volume2 (0.0 BTC) | CLOSE | Exit: OBV(-884181.3)<MA or ATR<MA
2026-02-10 03:15:23,648 [INFO] [SKIP] Price_Volume2 目前空手，無法平倉
2026-02-10 03:15:23,649 [INFO] [SIGNAL] Strategy3_MAD_OBV_Quantile (0.0 BTC) | CLOSE | MAD_CoolDown or OBV_Weak
2026-02-10 03:15:23,649 [INFO] [SKIP] Strategy3_MAD_OBV_Quantile 目前空手，無法平倉
2026-02-10 03:15:23,649 [INFO] [SIGNAL] Strategy4_High_Momentum (0.0 BTC) | CLOSE | Momentum_Collapsed
2026-02-10 03:15:23,650 [INFO] [SKIP] Strategy4_High_Momentum 目前空手，無法平倉
2026-02-10 03:15:23,650 [INFO] [SIGNAL] Strategy6_Climax_Momentum (0.0 BTC) | CLOSE | Vol_CoolDown & OBV_Drop
2026-02-10 03:15:23,651 [INFO] [SKIP] Strategy6_Climax_Momentum 目前空手，無法平倉
2026-02-10 03:15:23,651 [INFO] [SIGNAL] Strategy7_Mom_LowVolFilter (0.007 BTC) | LONG | Mom_Strong & Not_Dead_Fish
2026-02-10 03:15:23,651 [INFO] [SKIP] Strategy7_Mom_LowVolFilter 已有持倉 0.007，跳過開倉
2026-02-10 03:15:23,652 [INFO] [SIGNAL] Strategy8_Vol_BuyPressure (0.0 BTC) | CLOSE | Vol_Cool & Buy_Weak
2026-02-10 03:15:23,653 [INFO] [SKIP] Strategy8_Vol_BuyPressure 目前空手，無法平倉
2026-02-10 03:15:23,653 [INFO] [SIGNAL] Strategy9_Mom_VROC_Shock (0.0 BTC) | CLOSE | Mom_Fade & Vol_Normal
2026-02-10 03:15:23,654 [INFO] [SKIP] Strategy9_Mom_VROC_Shock 目前空手，無法平倉
2026-02-10 03:15:23,710 [INFO] [SNAPSHOT] 交易所總持倉: 0.0 BTC | 現價: 70379.9
2026-02-10 03:15:23,710 [INFO] 本週期結束，等待下一次收盤...
2026-02-10 03:19:27,758 [WARNING] 停止運行
2026-02-10 03:37:41,490 [INFO] 設定檔載入成功: config.json
2026-02-10 03:37:42,150 [INFO] [BG-TASK] 開始背景更新外部數據...
2026-02-10 03:37:42,150 [INFO]  外部數據背景更新
2026-02-10 03:37:42,151 [INFO] 載入外部數據源: ['fear_greed', 'google_trends', 'fred_macro', 'us_stock_qqq']
2026-02-10 03:37:42,153 [INFO]  策略已掛載: PriceVolume1
2026-02-10 03:37:42,154 [INFO]  策略已掛載: PriceVolume2
2026-02-10 03:37:42,154 [INFO]  策略已掛載: PriceVolume3
2026-02-10 03:37:42,154 [INFO]  策略已掛載: PriceVolume4
2026-02-10 03:37:42,154 [INFO]  策略已掛載: PriceVolume5
2026-02-10 03:37:42,155 [INFO]  策略已掛載: PriceVolume6
2026-02-10 03:37:42,155 [INFO]  策略已掛載: PriceVolume7
2026-02-10 03:37:42,155 [INFO]  策略已掛載: PriceVolume8
2026-02-10 03:37:42,157 [INFO]  策略已掛載: PriceVolume9
2026-02-10 03:37:42,157 [INFO]  策略已掛載: SentimentStrategyV3
2026-02-10 03:37:42,157 [INFO]  策略已掛載: SentimentStrategyV2
2026-02-10 03:37:42,158 [INFO]  策略已掛載: PriceVolume10
2026-02-10 03:37:42,158 [INFO]  策略已掛載: QQQ_price
2026-02-10 03:37:42,158 [INFO] 目前運行策略列表: ['Strategy1_MAD_BSR', 'Price_Volume2', 'Strategy3_MAD_OBV_Quantile', 'Strategy4_High_Momentum', 'Strategy5_HighVol_Momentum', 'Strategy6_Climax_Momentum', 'Strategy7_Mom_LowVolFilter', 'Strategy8_Vol_BuyPressure', 'Strategy9_Mom_VROC_Shock', 'Strategy11_Trend_ZScore', 'Strategy12_GnF_Yield_Ratio', 'Strategy10_Volume_Diff_Reversion', 'Strategy13_QQQ_Wavelet_Trend']
2026-02-10 03:37:42,534 [INFO]  [CONFIG] 成功設定 BTCUSDT 槓桿為 5x
2026-02-10 03:37:43,858 [INFO] 監控 1h K 線...
2026-02-10 03:37:44,315 [INFO] [ETL] 處理新 K 線: 2026-02-09 18:00:00
2026-02-10 03:37:48,218 [WARNING] [AlphaVantage] 抓取失敗: Thank you for using Alpha Vantage! Please consider spreading out your free API requests more sparingly (1 request per second). You may subscribe to any of the premium plans at https://www.alphavantage.co/premium/ to lift the free key rate limit (25 requests per day), raise the per-second burst limit, and instantly unlock all premium endpoints
2026-02-10 03:37:48,221 [INFO] [US_STOCK] AlphaVantage 失敗，切換至備用源 Tiingo 抓取 QQQ...
2026-02-10 03:37:48,327 [INFO] [SIGNAL] Strategy1_MAD_BSR (0.0 BTC) | CLOSE | MAD or BS fell below Threshold
2026-02-10 03:37:48,328 [INFO] [SKIP] Strategy1_MAD_BSR 目前空手，無法平倉
2026-02-10 03:37:48,328 [INFO] [SIGNAL] Price_Volume2 (0.0 BTC) | CLOSE | Exit: OBV(-884181.3)<MA or ATR<MA
2026-02-10 03:37:48,329 [INFO] [SKIP] Price_Volume2 目前空手，無法平倉
2026-02-10 03:37:48,329 [INFO] [SIGNAL] Strategy3_MAD_OBV_Quantile (0.0 BTC) | CLOSE | MAD_CoolDown or OBV_Weak
2026-02-10 03:37:48,330 [INFO] [SKIP] Strategy3_MAD_OBV_Quantile 目前空手，無法平倉
2026-02-10 03:37:48,330 [INFO] [SIGNAL] Strategy4_High_Momentum (0.0 BTC) | CLOSE | Momentum_Collapsed
2026-02-10 03:37:48,332 [INFO] [SKIP] Strategy4_High_Momentum 目前空手，無法平倉
2026-02-10 03:37:48,332 [INFO] [SIGNAL] Strategy6_Climax_Momentum (0.0 BTC) | CLOSE | Vol_CoolDown & OBV_Drop
2026-02-10 03:37:48,332 [INFO] [SKIP] Strategy6_Climax_Momentum 目前空手，無法平倉
2026-02-10 03:37:48,332 [INFO] [SIGNAL] Strategy7_Mom_LowVolFilter (0.007 BTC) | LONG | Mom_Strong & Not_Dead_Fish
2026-02-10 03:37:48,333 [INFO] [SKIP] Strategy7_Mom_LowVolFilter 已有持倉 0.007，跳過開倉
2026-02-10 03:37:48,333 [INFO] [SIGNAL] Strategy8_Vol_BuyPressure (0.0 BTC) | CLOSE | Vol_Cool & Buy_Weak
2026-02-10 03:37:48,333 [INFO] [SKIP] Strategy8_Vol_BuyPressure 目前空手，無法平倉
2026-02-10 03:37:48,334 [INFO] [SIGNAL] Strategy9_Mom_VROC_Shock (0.0 BTC) | CLOSE | Mom_Fade & Vol_Normal
2026-02-10 03:37:48,334 [INFO] [SKIP] Strategy9_Mom_VROC_Shock 目前空手，無法平倉
2026-02-10 03:37:48,393 [INFO] [SNAPSHOT] 交易所總持倉: 0.0 BTC | 現價: 70379.9
2026-02-10 03:37:48,393 [INFO] 本週期結束，等待下一次收盤...
2026-02-10 03:37:49,273 [INFO] [US_STOCK] Tiingo 抓取成功！
2026-02-10 03:37:49,276 [INFO] [BG-TASK] 所有外部數據更新完成 (耗時 7.13s)
2026-02-10 03:40:41,758 [WARNING] 停止運行
2026-02-10 03:40:44,485 [INFO] 設定檔載入成功: config.json
2026-02-10 03:40:45,117 [INFO] [BG-TASK] 開始背景更新外部數據...
2026-02-10 03:40:45,117 [INFO]  外部數據背景更新
2026-02-10 03:40:45,119 [INFO] 載入外部數據源: ['fear_greed', 'google_trends', 'fred_macro', 'us_stock_qqq']
2026-02-10 03:40:45,122 [INFO]  策略已掛載: PriceVolume1
2026-02-10 03:40:45,122 [INFO]  策略已掛載: PriceVolume2
2026-02-10 03:40:45,123 [INFO]  策略已掛載: PriceVolume3
2026-02-10 03:40:45,123 [INFO]  策略已掛載: PriceVolume4
2026-02-10 03:40:45,124 [INFO]  策略已掛載: PriceVolume5
2026-02-10 03:40:45,124 [INFO]  策略已掛載: PriceVolume6
2026-02-10 03:40:45,124 [INFO]  策略已掛載: PriceVolume7
2026-02-10 03:40:45,124 [INFO]  策略已掛載: PriceVolume8
2026-02-10 03:40:45,125 [INFO]  策略已掛載: PriceVolume9
2026-02-10 03:40:45,125 [INFO]  策略已掛載: SentimentStrategyV3
2026-02-10 03:40:45,125 [INFO]  策略已掛載: SentimentStrategyV2
2026-02-10 03:40:45,126 [INFO]  策略已掛載: PriceVolume10
2026-02-10 03:40:45,126 [INFO]  策略已掛載: QQQ_price
2026-02-10 03:40:45,126 [INFO] 目前運行策略列表: ['Strategy1_MAD_BSR', 'Price_Volume2', 'Strategy3_MAD_OBV_Quantile', 'Strategy4_High_Momentum', 'Strategy5_HighVol_Momentum', 'Strategy6_Climax_Momentum', 'Strategy7_Mom_LowVolFilter', 'Strategy8_Vol_BuyPressure', 'Strategy9_Mom_VROC_Shock', 'Strategy11_Trend_ZScore', 'Strategy12_GnF_Yield_Ratio', 'Strategy10_Volume_Diff_Reversion', 'Strategy13_QQQ_Wavelet_Trend']
2026-02-10 03:40:45,594 [INFO]  [CONFIG] 成功設定 BTCUSDT 槓桿為 5x
2026-02-10 03:40:46,922 [INFO] 監控 1h K 線...
2026-02-10 03:40:47,418 [INFO] [ETL] 處理新 K 線: 2026-02-09 18:00:00
2026-02-10 03:40:49,544 [INFO] [BG-TASK] 所有外部數據更新完成 (耗時 4.43s)
2026-02-10 03:40:51,028 [ERROR] 策略 Strategy13_QQQ_Wavelet_Trend 產生訊號時發生錯誤: 'QQQ_price' object has no attribute 'lookback_window'
2026-02-10 03:40:51,028 [INFO] [SIGNAL] Strategy1_MAD_BSR (0.0 BTC) | CLOSE | MAD or BS fell below Threshold
2026-02-10 03:40:51,029 [INFO] [SKIP] Strategy1_MAD_BSR 目前空手，無法平倉
2026-02-10 03:40:51,029 [INFO] [SIGNAL] Price_Volume2 (0.0 BTC) | CLOSE | Exit: OBV(-884181.3)<MA or ATR<MA
2026-02-10 03:40:51,029 [INFO] [SKIP] Price_Volume2 目前空手，無法平倉
2026-02-10 03:40:51,030 [INFO] [SIGNAL] Strategy3_MAD_OBV_Quantile (0.0 BTC) | CLOSE | MAD_CoolDown or OBV_Weak
2026-02-10 03:40:51,030 [INFO] [SKIP] Strategy3_MAD_OBV_Quantile 目前空手，無法平倉
2026-02-10 03:40:51,030 [INFO] [SIGNAL] Strategy4_High_Momentum (0.0 BTC) | CLOSE | Momentum_Collapsed
2026-02-10 03:40:51,031 [INFO] [SKIP] Strategy4_High_Momentum 目前空手，無法平倉
2026-02-10 03:40:51,031 [INFO] [SIGNAL] Strategy6_Climax_Momentum (0.0 BTC) | CLOSE | Vol_CoolDown & OBV_Drop
2026-02-10 03:40:51,032 [INFO] [SKIP] Strategy6_Climax_Momentum 目前空手，無法平倉
2026-02-10 03:40:51,032 [INFO] [SIGNAL] Strategy7_Mom_LowVolFilter (0.007 BTC) | LONG | Mom_Strong & Not_Dead_Fish
2026-02-10 03:40:51,032 [INFO] [SKIP] Strategy7_Mom_LowVolFilter 已有持倉 0.007，跳過開倉
2026-02-10 03:40:51,032 [INFO] [SIGNAL] Strategy8_Vol_BuyPressure (0.0 BTC) | CLOSE | Vol_Cool & Buy_Weak
2026-02-10 03:40:51,033 [INFO] [SKIP] Strategy8_Vol_BuyPressure 目前空手，無法平倉
2026-02-10 03:40:51,033 [INFO] [SIGNAL] Strategy9_Mom_VROC_Shock (0.0 BTC) | CLOSE | Mom_Fade & Vol_Normal
2026-02-10 03:40:51,034 [INFO] [SKIP] Strategy9_Mom_VROC_Shock 目前空手，無法平倉
2026-02-10 03:40:51,095 [INFO] [SNAPSHOT] 交易所總持倉: 0.0 BTC | 現價: 70379.9
2026-02-10 03:40:51,096 [INFO] 本週期結束，等待下一次收盤...
2026-02-10 03:42:24,661 [WARNING] 停止運行
2026-02-10 03:42:26,520 [INFO] 設定檔載入成功: config.json
2026-02-10 03:42:27,113 [INFO] [BG-TASK] 開始背景更新外部數據...
2026-02-10 03:42:27,113 [INFO]  外部數據背景更新
2026-02-10 03:42:27,113 [INFO] 載入外部數據源: ['fear_greed', 'google_trends', 'fred_macro', 'us_stock_qqq']
2026-02-10 03:42:27,116 [INFO]  策略已掛載: PriceVolume1
2026-02-10 03:42:27,116 [INFO]  策略已掛載: PriceVolume2
2026-02-10 03:42:27,116 [INFO]  策略已掛載: PriceVolume3
2026-02-10 03:42:27,117 [INFO]  策略已掛載: PriceVolume4
2026-02-10 03:42:27,117 [INFO]  策略已掛載: PriceVolume5
2026-02-10 03:42:27,117 [INFO]  策略已掛載: PriceVolume6
2026-02-10 03:42:27,118 [INFO]  策略已掛載: PriceVolume7
2026-02-10 03:42:27,118 [INFO]  策略已掛載: PriceVolume8
2026-02-10 03:42:27,118 [INFO]  策略已掛載: PriceVolume9
2026-02-10 03:42:27,119 [INFO]  策略已掛載: SentimentStrategyV3
2026-02-10 03:42:27,119 [INFO]  策略已掛載: SentimentStrategyV2
2026-02-10 03:42:27,119 [INFO]  策略已掛載: PriceVolume10
2026-02-10 03:42:27,119 [INFO]  策略已掛載: QQQ_price
2026-02-10 03:42:27,119 [INFO] 目前運行策略列表: ['Strategy1_MAD_BSR', 'Price_Volume2', 'Strategy3_MAD_OBV_Quantile', 'Strategy4_High_Momentum', 'Strategy5_HighVol_Momentum', 'Strategy6_Climax_Momentum', 'Strategy7_Mom_LowVolFilter', 'Strategy8_Vol_BuyPressure', 'Strategy9_Mom_VROC_Shock', 'Strategy11_Trend_ZScore', 'Strategy12_GnF_Yield_Ratio', 'Strategy10_Volume_Diff_Reversion', 'Strategy13_QQQ_Wavelet_Trend']
2026-02-10 03:42:27,474 [INFO]  [CONFIG] 成功設定 BTCUSDT 槓桿為 5x
2026-02-10 03:42:28,832 [INFO] 監控 1h K 線...
2026-02-10 03:42:29,236 [INFO] [ETL] 處理新 K 線: 2026-02-09 18:00:00
2026-02-10 03:42:31,434 [INFO] [BG-TASK] 所有外部數據更新完成 (耗時 4.32s)
2026-02-10 03:42:33,367 [INFO] [SIGNAL] Strategy1_MAD_BSR (0.0 BTC) | CLOSE | MAD or BS fell below Threshold
2026-02-10 03:42:33,368 [INFO] [SKIP] Strategy1_MAD_BSR 目前空手，無法平倉
2026-02-10 03:42:33,368 [INFO] [SIGNAL] Price_Volume2 (0.0 BTC) | CLOSE | Exit: OBV(-884181.3)<MA or ATR<MA
2026-02-10 03:42:33,370 [INFO] [SKIP] Price_Volume2 目前空手，無法平倉
2026-02-10 03:42:33,370 [INFO] [SIGNAL] Strategy3_MAD_OBV_Quantile (0.0 BTC) | CLOSE | MAD_CoolDown or OBV_Weak
2026-02-10 03:42:33,370 [INFO] [SKIP] Strategy3_MAD_OBV_Quantile 目前空手，無法平倉
2026-02-10 03:42:33,370 [INFO] [SIGNAL] Strategy4_High_Momentum (0.0 BTC) | CLOSE | Momentum_Collapsed
2026-02-10 03:42:33,371 [INFO] [SKIP] Strategy4_High_Momentum 目前空手，無法平倉
2026-02-10 03:42:33,371 [INFO] [SIGNAL] Strategy6_Climax_Momentum (0.0 BTC) | CLOSE | Vol_CoolDown & OBV_Drop
2026-02-10 03:42:33,372 [INFO] [SKIP] Strategy6_Climax_Momentum 目前空手，無法平倉
2026-02-10 03:42:33,372 [INFO] [SIGNAL] Strategy7_Mom_LowVolFilter (0.007 BTC) | LONG | Mom_Strong & Not_Dead_Fish
2026-02-10 03:42:33,373 [INFO] [SKIP] Strategy7_Mom_LowVolFilter 已有持倉 0.007，跳過開倉
2026-02-10 03:42:33,373 [INFO] [SIGNAL] Strategy8_Vol_BuyPressure (0.0 BTC) | CLOSE | Vol_Cool & Buy_Weak
2026-02-10 03:42:33,373 [INFO] [SKIP] Strategy8_Vol_BuyPressure 目前空手，無法平倉
2026-02-10 03:42:33,374 [INFO] [SIGNAL] Strategy9_Mom_VROC_Shock (0.0 BTC) | CLOSE | Mom_Fade & Vol_Normal
2026-02-10 03:42:33,374 [INFO] [SKIP] Strategy9_Mom_VROC_Shock 目前空手，無法平倉
2026-02-10 03:42:33,431 [INFO] [SNAPSHOT] 交易所總持倉: 0.0 BTC | 現價: 70379.9
2026-02-10 03:42:33,432 [INFO] 本週期結束，等待下一次收盤...
2026-02-10 03:43:08,930 [WARNING] 停止運行
2026-02-10 03:43:18,574 [INFO] 設定檔載入成功: config.json
2026-02-10 03:43:19,228 [INFO] [BG-TASK] 開始背景更新外部數據...
2026-02-10 03:43:19,229 [INFO]  外部數據背景更新
2026-02-10 03:43:19,231 [INFO] 載入外部數據源: ['fear_greed', 'google_trends', 'fred_macro', 'us_stock_qqq']
2026-02-10 03:43:19,233 [INFO]  策略已掛載: PriceVolume1
2026-02-10 03:43:19,234 [INFO]  策略已掛載: PriceVolume2
2026-02-10 03:43:19,234 [INFO]  策略已掛載: PriceVolume3
2026-02-10 03:43:19,234 [INFO]  策略已掛載: PriceVolume4
2026-02-10 03:43:19,234 [INFO]  策略已掛載: PriceVolume5
2026-02-10 03:43:19,235 [INFO]  策略已掛載: PriceVolume6
2026-02-10 03:43:19,235 [INFO]  策略已掛載: PriceVolume7
2026-02-10 03:43:19,236 [INFO]  策略已掛載: PriceVolume8
2026-02-10 03:43:19,236 [INFO]  策略已掛載: PriceVolume9
2026-02-10 03:43:19,236 [INFO]  策略已掛載: SentimentStrategyV3
2026-02-10 03:43:19,236 [INFO]  策略已掛載: SentimentStrategyV2
2026-02-10 03:43:19,237 [INFO]  策略已掛載: PriceVolume10
2026-02-10 03:43:19,237 [INFO]  策略已掛載: QQQ_price
2026-02-10 03:43:19,237 [INFO] 目前運行策略列表: ['Strategy1_MAD_BSR', 'Price_Volume2', 'Strategy3_MAD_OBV_Quantile', 'Strategy4_High_Momentum', 'Strategy5_HighVol_Momentum', 'Strategy6_Climax_Momentum', 'Strategy7_Mom_LowVolFilter', 'Strategy8_Vol_BuyPressure', 'Strategy9_Mom_VROC_Shock', 'Strategy11_Trend_ZScore', 'Strategy12_GnF_Yield_Ratio', 'Strategy10_Volume_Diff_Reversion', 'Strategy13_QQQ_Wavelet_Trend']
2026-02-10 03:43:19,579 [INFO]  [CONFIG] 成功設定 BTCUSDT 槓桿為 5x
2026-02-10 03:43:20,865 [INFO] 監控 1h K 線...
2026-02-10 03:43:21,342 [INFO] [ETL] 處理新 K 線: 2026-02-09 18:00:00
2026-02-10 03:43:23,936 [INFO] [BG-TASK] 所有外部數據更新完成 (耗時 4.71s)
2026-02-10 03:43:25,133 [WARNING] [AlphaVantage] 抓取失敗: We have detected your API key as E5VUD2IG0AV6U3WM and our standard API rate limit is 25 requests per day. Please subscribe to any of the premium plans at https://www.alphavantage.co/premium/ to instantly remove all daily rate limits.
2026-02-10 03:43:25,135 [INFO] [US_STOCK] AlphaVantage 失敗，切換至備用源 Tiingo 抓取 QQQ...
2026-02-10 03:43:26,051 [INFO] [US_STOCK] Tiingo 抓取成功！
2026-02-10 03:43:26,165 [INFO] [SIGNAL] Strategy1_MAD_BSR (0.0 BTC) | CLOSE | MAD or BS fell below Threshold
2026-02-10 03:43:26,166 [INFO] [SKIP] Strategy1_MAD_BSR 目前空手，無法平倉
2026-02-10 03:43:26,166 [INFO] [SIGNAL] Price_Volume2 (0.0 BTC) | CLOSE | Exit: OBV(-884181.3)<MA or ATR<MA
2026-02-10 03:43:26,167 [INFO] [SKIP] Price_Volume2 目前空手，無法平倉
2026-02-10 03:43:26,167 [INFO] [SIGNAL] Strategy3_MAD_OBV_Quantile (0.0 BTC) | CLOSE | MAD_CoolDown or OBV_Weak
2026-02-10 03:43:26,168 [INFO] [SKIP] Strategy3_MAD_OBV_Quantile 目前空手，無法平倉
2026-02-10 03:43:26,168 [INFO] [SIGNAL] Strategy4_High_Momentum (0.0 BTC) | CLOSE | Momentum_Collapsed
2026-02-10 03:43:26,168 [INFO] [SKIP] Strategy4_High_Momentum 目前空手，無法平倉
2026-02-10 03:43:26,168 [INFO] [SIGNAL] Strategy6_Climax_Momentum (0.0 BTC) | CLOSE | Vol_CoolDown & OBV_Drop
2026-02-10 03:43:26,169 [INFO] [SKIP] Strategy6_Climax_Momentum 目前空手，無法平倉
2026-02-10 03:43:26,169 [INFO] [SIGNAL] Strategy7_Mom_LowVolFilter (0.007 BTC) | LONG | Mom_Strong & Not_Dead_Fish
2026-02-10 03:43:26,170 [INFO] [SKIP] Strategy7_Mom_LowVolFilter 已有持倉 0.007，跳過開倉
2026-02-10 03:43:26,170 [INFO] [SIGNAL] Strategy8_Vol_BuyPressure (0.0 BTC) | CLOSE | Vol_Cool & Buy_Weak
2026-02-10 03:43:26,171 [INFO] [SKIP] Strategy8_Vol_BuyPressure 目前空手，無法平倉
2026-02-10 03:43:26,171 [INFO] [SIGNAL] Strategy9_Mom_VROC_Shock (0.0 BTC) | CLOSE | Mom_Fade & Vol_Normal
2026-02-10 03:43:26,171 [INFO] [SKIP] Strategy9_Mom_VROC_Shock 目前空手，無法平倉
2026-02-10 03:43:26,230 [INFO] [SNAPSHOT] 交易所總持倉: 0.0 BTC | 現價: 70379.9
2026-02-10 03:43:26,230 [INFO] 本週期結束，等待下一次收盤...
2026-02-10 03:51:05,971 [WARNING] 停止運行
2026-02-10 03:51:08,886 [INFO] 設定檔載入成功: config.json
2026-02-10 03:51:09,560 [INFO] [BG-TASK] 開始背景更新外部數據...
2026-02-10 03:51:09,560 [INFO]  外部數據背景更新
2026-02-10 03:51:09,560 [INFO] 載入外部數據源: ['fear_greed', 'google_trends', 'fred_macro', 'us_stock_qqq']
2026-02-10 03:51:09,564 [INFO]  策略已掛載: PriceVolume1
2026-02-10 03:51:09,565 [INFO]  策略已掛載: PriceVolume2
2026-02-10 03:51:09,565 [INFO]  策略已掛載: PriceVolume3
2026-02-10 03:51:09,565 [INFO]  策略已掛載: PriceVolume4
2026-02-10 03:51:09,566 [INFO]  策略已掛載: PriceVolume5
2026-02-10 03:51:09,566 [INFO]  策略已掛載: PriceVolume6
2026-02-10 03:51:09,566 [INFO]  策略已掛載: PriceVolume7
2026-02-10 03:51:09,567 [INFO]  策略已掛載: PriceVolume8
2026-02-10 03:51:09,567 [INFO]  策略已掛載: PriceVolume9
2026-02-10 03:51:09,567 [INFO]  策略已掛載: SentimentStrategyV3
2026-02-10 03:51:09,568 [INFO]  策略已掛載: SentimentStrategyV2
2026-02-10 03:51:09,568 [INFO]  策略已掛載: PriceVolume10
2026-02-10 03:51:09,568 [INFO]  策略已掛載: QQQ_price
2026-02-10 03:51:09,569 [INFO] 目前運行策略列表: ['Strategy1_MAD_BSR', 'Price_Volume2', 'Strategy3_MAD_OBV_Quantile', 'Strategy4_High_Momentum', 'Strategy5_HighVol_Momentum', 'Strategy6_Climax_Momentum', 'Strategy7_Mom_LowVolFilter', 'Strategy8_Vol_BuyPressure', 'Strategy9_Mom_VROC_Shock', 'Strategy11_Trend_ZScore', 'Strategy12_GnF_Yield_Ratio', 'Strategy10_Volume_Diff_Reversion', 'Strategy13_QQQ_Wavelet_Trend']
2026-02-10 03:51:09,986 [INFO]  [CONFIG] 成功設定 BTCUSDT 槓桿為 5x
2026-02-10 03:51:11,346 [INFO] 監控 1h K 線...
2026-02-10 03:51:12,751 [INFO] [ETL] 處理新 K 線: 2026-02-09 18:00:00
2026-02-10 03:51:14,255 [WARNING] [AlphaVantage] 抓取失敗: We have detected your API key as E5VUD2IG0AV6U3WM and our standard API rate limit is 25 requests per day. Please subscribe to any of the premium plans at https://www.alphavantage.co/premium/ to instantly remove all daily rate limits.
2026-02-10 03:51:14,257 [INFO] [US_STOCK] AlphaVantage 失敗，切換至備用源 Tiingo 抓取 QQQ...
2026-02-10 03:51:15,219 [INFO] [US_STOCK] Tiingo 抓取成功！
2026-02-10 03:51:15,222 [INFO] [BG-TASK] 所有外部數據更新完成 (耗時 5.66s)
2026-02-10 03:51:16,466 [WARNING] [AlphaVantage] 抓取失敗: We have detected your API key as E5VUD2IG0AV6U3WM and our standard API rate limit is 25 requests per day. Please subscribe to any of the premium plans at https://www.alphavantage.co/premium/ to instantly remove all daily rate limits.
2026-02-10 03:51:16,468 [INFO] [US_STOCK] AlphaVantage 失敗，切換至備用源 Tiingo 抓取 QQQ...
2026-02-10 03:51:17,343 [INFO] [US_STOCK] Tiingo 抓取成功！
2026-02-10 03:51:17,472 [INFO] [SIGNAL] Strategy1_MAD_BSR (0.0 BTC) | CLOSE | MAD or BS fell below Threshold
2026-02-10 03:51:17,473 [INFO] [SKIP] Strategy1_MAD_BSR 目前空手，無法平倉
2026-02-10 03:51:17,473 [INFO] [SIGNAL] Price_Volume2 (0.0 BTC) | CLOSE | Exit: OBV(-884181.3)<MA or ATR<MA
2026-02-10 03:51:17,474 [INFO] [SKIP] Price_Volume2 目前空手，無法平倉
2026-02-10 03:51:17,474 [INFO] [SIGNAL] Strategy3_MAD_OBV_Quantile (0.0 BTC) | CLOSE | MAD_CoolDown or OBV_Weak
2026-02-10 03:51:17,474 [INFO] [SKIP] Strategy3_MAD_OBV_Quantile 目前空手，無法平倉
2026-02-10 03:51:17,474 [INFO] [SIGNAL] Strategy4_High_Momentum (0.0 BTC) | CLOSE | Momentum_Collapsed
2026-02-10 03:51:17,475 [INFO] [SKIP] Strategy4_High_Momentum 目前空手，無法平倉
2026-02-10 03:51:17,475 [INFO] [SIGNAL] Strategy6_Climax_Momentum (0.0 BTC) | CLOSE | Vol_CoolDown & OBV_Drop
2026-02-10 03:51:17,477 [INFO] [SKIP] Strategy6_Climax_Momentum 目前空手，無法平倉
2026-02-10 03:51:17,477 [INFO] [SIGNAL] Strategy7_Mom_LowVolFilter (0.007 BTC) | LONG | Mom_Strong & Not_Dead_Fish
2026-02-10 03:51:17,478 [INFO] [SKIP] Strategy7_Mom_LowVolFilter 已有持倉 0.007，跳過開倉
2026-02-10 03:51:17,478 [INFO] [SIGNAL] Strategy8_Vol_BuyPressure (0.0 BTC) | CLOSE | Vol_Cool & Buy_Weak
2026-02-10 03:51:17,479 [INFO] [SKIP] Strategy8_Vol_BuyPressure 目前空手，無法平倉
2026-02-10 03:51:17,479 [INFO] [SIGNAL] Strategy9_Mom_VROC_Shock (0.0 BTC) | CLOSE | Mom_Fade & Vol_Normal
2026-02-10 03:51:17,479 [INFO] [SKIP] Strategy9_Mom_VROC_Shock 目前空手，無法平倉
2026-02-10 03:51:17,549 [INFO] [SNAPSHOT] 交易所總持倉: 0.0 BTC | 現價: 70379.9
2026-02-10 03:51:17,549 [INFO] 本週期結束，等待下一次收盤...
2026-02-10 03:54:48,936 [WARNING] 停止運行
2026-02-10 03:54:51,206 [INFO] 設定檔載入成功: config.json
2026-02-10 03:54:51,813 [INFO] [BG-TASK] 開始背景更新外部數據...
2026-02-10 03:54:51,814 [INFO]  外部數據背景更新
2026-02-10 03:54:51,814 [INFO] 載入外部數據源: ['fear_greed', 'google_trends', 'fred_macro', 'us_stock_qqq']
2026-02-10 03:54:51,817 [INFO]  策略已掛載: PriceVolume1
2026-02-10 03:54:51,817 [INFO]  策略已掛載: PriceVolume2
2026-02-10 03:54:51,818 [INFO]  策略已掛載: PriceVolume3
2026-02-10 03:54:51,818 [INFO]  策略已掛載: PriceVolume4
2026-02-10 03:54:51,818 [INFO]  策略已掛載: PriceVolume5
2026-02-10 03:54:51,818 [INFO]  策略已掛載: PriceVolume6
2026-02-10 03:54:51,819 [INFO]  策略已掛載: PriceVolume7
2026-02-10 03:54:51,819 [INFO]  策略已掛載: PriceVolume8
2026-02-10 03:54:51,819 [INFO]  策略已掛載: PriceVolume9
2026-02-10 03:54:51,820 [INFO]  策略已掛載: SentimentStrategyV3
2026-02-10 03:54:51,820 [INFO]  策略已掛載: SentimentStrategyV2
2026-02-10 03:54:51,820 [INFO]  策略已掛載: PriceVolume10
2026-02-10 03:54:51,821 [INFO]  策略已掛載: QQQ_price
2026-02-10 03:54:51,821 [INFO] 目前運行策略列表: ['Strategy1_MAD_BSR', 'Price_Volume2', 'Strategy3_MAD_OBV_Quantile', 'Strategy4_High_Momentum', 'Strategy5_HighVol_Momentum', 'Strategy6_Climax_Momentum', 'Strategy7_Mom_LowVolFilter', 'Strategy8_Vol_BuyPressure', 'Strategy9_Mom_VROC_Shock', 'Strategy11_Trend_ZScore', 'Strategy12_GnF_Yield_Ratio', 'Strategy10_Volume_Diff_Reversion', 'Strategy13_QQQ_Wavelet_Trend']
2026-02-10 03:54:52,347 [INFO]  [CONFIG] 成功設定 BTCUSDT 槓桿為 5x
2026-02-10 03:54:53,699 [INFO] 監控 1h K 線...
2026-02-10 03:54:54,064 [INFO] [ETL] 處理新 K 線: 2026-02-09 18:00:00
2026-02-10 03:54:57,547 [WARNING] [AlphaVantage] 抓取失敗: We have detected your API key as E5VUD2IG0AV6U3WM and our standard API rate limit is 25 requests per day. Please subscribe to any of the premium plans at https://www.alphavantage.co/premium/ to instantly remove all daily rate limits.
2026-02-10 03:54:57,549 [INFO] [US_STOCK] AlphaVantage 失敗，切換至備用源 Tiingo 抓取 QQQ...
2026-02-10 03:54:57,629 [WARNING] [AlphaVantage] 抓取失敗: Thank you for using Alpha Vantage! Please consider spreading out your free API requests more sparingly (1 request per second). You may subscribe to any of the premium plans at https://www.alphavantage.co/premium/ to lift the free key rate limit (25 requests per day), raise the per-second burst limit, and instantly unlock all premium endpoints
2026-02-10 03:54:57,631 [INFO] [US_STOCK] AlphaVantage 失敗，切換至備用源 Tiingo 抓取 QQQ...
2026-02-10 03:54:58,487 [INFO] [US_STOCK] Tiingo 抓取成功！
2026-02-10 03:54:58,491 [INFO] [BG-TASK] 所有外部數據更新完成 (耗時 6.68s)
2026-02-10 03:54:59,569 [INFO] [US_STOCK] Tiingo 抓取成功！
2026-02-10 03:54:59,685 [INFO] [SIGNAL] Strategy1_MAD_BSR (0.0 BTC) | CLOSE | MAD or BS fell below Threshold
2026-02-10 03:54:59,686 [INFO] [SKIP] Strategy1_MAD_BSR 目前空手，無法平倉
2026-02-10 03:54:59,686 [INFO] [SIGNAL] Price_Volume2 (0.0 BTC) | CLOSE | Exit: OBV(-884181.3)<MA or ATR<MA
2026-02-10 03:54:59,687 [INFO] [SKIP] Price_Volume2 目前空手，無法平倉
2026-02-10 03:54:59,687 [INFO] [SIGNAL] Strategy3_MAD_OBV_Quantile (0.0 BTC) | CLOSE | MAD_CoolDown or OBV_Weak
2026-02-10 03:54:59,688 [INFO] [SKIP] Strategy3_MAD_OBV_Quantile 目前空手，無法平倉
2026-02-10 03:54:59,688 [INFO] [SIGNAL] Strategy4_High_Momentum (0.0 BTC) | CLOSE | Momentum_Collapsed
2026-02-10 03:54:59,689 [INFO] [SKIP] Strategy4_High_Momentum 目前空手，無法平倉
2026-02-10 03:54:59,689 [INFO] [SIGNAL] Strategy6_Climax_Momentum (0.0 BTC) | CLOSE | Vol_CoolDown & OBV_Drop
2026-02-10 03:54:59,690 [INFO] [SKIP] Strategy6_Climax_Momentum 目前空手，無法平倉
2026-02-10 03:54:59,690 [INFO] [SIGNAL] Strategy7_Mom_LowVolFilter (0.007 BTC) | LONG | Mom_Strong & Not_Dead_Fish
2026-02-10 03:54:59,691 [INFO] [SKIP] Strategy7_Mom_LowVolFilter 已有持倉 0.007，跳過開倉
2026-02-10 03:54:59,691 [INFO] [SIGNAL] Strategy8_Vol_BuyPressure (0.0 BTC) | CLOSE | Vol_Cool & Buy_Weak
2026-02-10 03:54:59,691 [INFO] [SKIP] Strategy8_Vol_BuyPressure 目前空手，無法平倉
2026-02-10 03:54:59,691 [INFO] [SIGNAL] Strategy9_Mom_VROC_Shock (0.0 BTC) | CLOSE | Mom_Fade & Vol_Normal
2026-02-10 03:54:59,692 [INFO] [SKIP] Strategy9_Mom_VROC_Shock 目前空手，無法平倉
2026-02-10 03:54:59,750 [INFO] [SNAPSHOT] 交易所總持倉: 0.0 BTC | 現價: 70379.9
2026-02-10 03:54:59,750 [INFO] 本週期結束，等待下一次收盤...
2026-02-10 03:55:12,969 [WARNING] 停止運行
2026-02-10 03:56:22,495 [INFO] 設定檔載入成功: config.json
2026-02-10 03:56:23,135 [INFO] [BG-TASK] 開始背景更新外部數據...
2026-02-10 03:56:23,135 [INFO]  外部數據背景更新
2026-02-10 03:56:23,136 [INFO] 載入外部數據源: ['fear_greed', 'google_trends', 'fred_macro', 'us_stock_qqq']
2026-02-10 03:56:23,140 [INFO]  策略已掛載: PriceVolume1
2026-02-10 03:56:23,140 [INFO]  策略已掛載: PriceVolume2
2026-02-10 03:56:23,140 [INFO]  策略已掛載: PriceVolume3
2026-02-10 03:56:23,140 [INFO]  策略已掛載: PriceVolume4
2026-02-10 03:56:23,141 [INFO]  策略已掛載: PriceVolume5
2026-02-10 03:56:23,141 [INFO]  策略已掛載: PriceVolume6
2026-02-10 03:56:23,141 [INFO]  策略已掛載: PriceVolume7
2026-02-10 03:56:23,142 [INFO]  策略已掛載: PriceVolume8
2026-02-10 03:56:23,142 [INFO]  策略已掛載: PriceVolume9
2026-02-10 03:56:23,142 [INFO]  策略已掛載: SentimentStrategyV3
2026-02-10 03:56:23,142 [INFO]  策略已掛載: SentimentStrategyV2
2026-02-10 03:56:23,143 [INFO]  策略已掛載: PriceVolume10
2026-02-10 03:56:23,143 [INFO]  策略已掛載: QQQ_price
2026-02-10 03:56:23,143 [INFO] 目前運行策略列表: ['Strategy1_MAD_BSR', 'Price_Volume2', 'Strategy3_MAD_OBV_Quantile', 'Strategy4_High_Momentum', 'Strategy5_HighVol_Momentum', 'Strategy6_Climax_Momentum', 'Strategy7_Mom_LowVolFilter', 'Strategy8_Vol_BuyPressure', 'Strategy9_Mom_VROC_Shock', 'Strategy11_Trend_ZScore', 'Strategy12_GnF_Yield_Ratio', 'Strategy10_Volume_Diff_Reversion', 'Strategy13_QQQ_Wavelet_Trend']
2026-02-10 03:56:23,499 [INFO]  [CONFIG] 成功設定 BTCUSDT 槓桿為 5x
2026-02-10 03:56:24,856 [INFO] 監控 1h K 線...
2026-02-10 03:56:25,307 [INFO] [ETL] 處理新 K 線: 2026-02-09 18:00:00
2026-02-10 03:56:27,474 [WARNING] [AlphaVantage] 抓取失敗: We have detected your API key as E5VUD2IG0AV6U3WM and our standard API rate limit is 25 requests per day. Please subscribe to any of the premium plans at https://www.alphavantage.co/premium/ to instantly remove all daily rate limits.
2026-02-10 03:56:27,475 [INFO] [US_STOCK] AlphaVantage 失敗，切換至備用源 Tiingo 抓取 QQQ...
2026-02-10 03:56:28,469 [INFO] [US_STOCK] Tiingo 抓取成功！
2026-02-10 03:56:28,472 [INFO] [BG-TASK] 所有外部數據更新完成 (耗時 5.34s)
2026-02-10 03:56:28,883 [WARNING] [AlphaVantage] 抓取失敗: We have detected your API key as E5VUD2IG0AV6U3WM and our standard API rate limit is 25 requests per day. Please subscribe to any of the premium plans at https://www.alphavantage.co/premium/ to instantly remove all daily rate limits.
2026-02-10 03:56:28,885 [INFO] [US_STOCK] AlphaVantage 失敗，切換至備用源 Tiingo 抓取 QQQ...
2026-02-10 03:56:29,810 [INFO] [US_STOCK] Tiingo 抓取成功！
2026-02-10 03:56:29,947 [INFO] [SIGNAL] Strategy1_MAD_BSR (0.0 BTC) | CLOSE | MAD or BS fell below Threshold
2026-02-10 03:56:29,947 [INFO] [SKIP] Strategy1_MAD_BSR 目前空手，無法平倉
2026-02-10 03:56:29,947 [INFO] [SIGNAL] Price_Volume2 (0.0 BTC) | CLOSE | Exit: OBV(-884181.3)<MA or ATR<MA
2026-02-10 03:56:29,949 [INFO] [SKIP] Price_Volume2 目前空手，無法平倉
2026-02-10 03:56:29,949 [INFO] [SIGNAL] Strategy3_MAD_OBV_Quantile (0.0 BTC) | CLOSE | MAD_CoolDown or OBV_Weak
2026-02-10 03:56:29,950 [INFO] [SKIP] Strategy3_MAD_OBV_Quantile 目前空手，無法平倉
2026-02-10 03:56:29,951 [INFO] [SIGNAL] Strategy4_High_Momentum (0.0 BTC) | CLOSE | Momentum_Collapsed
2026-02-10 03:56:29,951 [INFO] [SKIP] Strategy4_High_Momentum 目前空手，無法平倉
2026-02-10 03:56:29,951 [INFO] [SIGNAL] Strategy6_Climax_Momentum (0.0 BTC) | CLOSE | Vol_CoolDown & OBV_Drop
2026-02-10 03:56:29,952 [INFO] [SKIP] Strategy6_Climax_Momentum 目前空手，無法平倉
2026-02-10 03:56:29,952 [INFO] [SIGNAL] Strategy7_Mom_LowVolFilter (0.007 BTC) | LONG | Mom_Strong & Not_Dead_Fish
2026-02-10 03:56:29,953 [INFO] [SKIP] Strategy7_Mom_LowVolFilter 已有持倉 0.007，跳過開倉
2026-02-10 03:56:29,953 [INFO] [SIGNAL] Strategy8_Vol_BuyPressure (0.0 BTC) | CLOSE | Vol_Cool & Buy_Weak
2026-02-10 03:56:29,954 [INFO] [SKIP] Strategy8_Vol_BuyPressure 目前空手，無法平倉
2026-02-10 03:56:29,954 [INFO] [SIGNAL] Strategy9_Mom_VROC_Shock (0.0 BTC) | CLOSE | Mom_Fade & Vol_Normal
2026-02-10 03:56:29,955 [INFO] [SKIP] Strategy9_Mom_VROC_Shock 目前空手，無法平倉
2026-02-10 03:56:30,009 [INFO] [SNAPSHOT] 交易所總持倉: 0.0 BTC | 現價: 70379.9
2026-02-10 03:56:30,010 [INFO] 本週期結束，等待下一次收盤...
2026-02-10 04:00:03,380 [INFO] [ETL] 處理新 K 線: 2026-02-09 19:00:00
2026-02-10 04:00:10,684 [WARNING] [AlphaVantage] 抓取失敗: We have detected your API key as E5VUD2IG0AV6U3WM and our standard API rate limit is 25 requests per day. Please subscribe to any of the premium plans at https://www.alphavantage.co/premium/ to instantly remove all daily rate limits.
2026-02-10 04:00:10,686 [INFO] [US_STOCK] AlphaVantage 失敗，切換至備用源 Tiingo 抓取 QQQ...
2026-02-10 04:00:11,939 [INFO] [US_STOCK] Tiingo 抓取成功！
2026-02-10 04:00:12,006 [INFO] [SIGNAL] Strategy1_MAD_BSR (0.0 BTC) | CLOSE | MAD or BS fell below Threshold
2026-02-10 04:00:12,007 [INFO] [SKIP] Strategy1_MAD_BSR 目前空手，無法平倉
2026-02-10 04:00:12,007 [INFO] [SIGNAL] Price_Volume2 (0.0 BTC) | CLOSE | Exit: OBV(-901652.5)<MA or ATR<MA
2026-02-10 04:00:12,008 [INFO] [SKIP] Price_Volume2 目前空手，無法平倉
2026-02-10 04:00:12,008 [INFO] [SIGNAL] Strategy3_MAD_OBV_Quantile (0.0 BTC) | CLOSE | MAD_CoolDown or OBV_Weak
2026-02-10 04:00:12,009 [INFO] [SKIP] Strategy3_MAD_OBV_Quantile 目前空手，無法平倉
2026-02-10 04:00:12,009 [INFO] [SIGNAL] Strategy4_High_Momentum (0.0 BTC) | CLOSE | Momentum_Collapsed
2026-02-10 04:00:12,010 [INFO] [SKIP] Strategy4_High_Momentum 目前空手，無法平倉
2026-02-10 04:00:12,010 [INFO] [SIGNAL] Strategy6_Climax_Momentum (0.0 BTC) | CLOSE | Vol_CoolDown & OBV_Drop
2026-02-10 04:00:12,011 [INFO] [SKIP] Strategy6_Climax_Momentum 目前空手，無法平倉
2026-02-10 04:00:12,011 [INFO] [SIGNAL] Strategy7_Mom_LowVolFilter (0.007 BTC) | LONG | Mom_Strong & Not_Dead_Fish
2026-02-10 04:00:12,011 [INFO] [SKIP] Strategy7_Mom_LowVolFilter 已有持倉 0.007，跳過開倉
2026-02-10 04:00:12,011 [INFO] [SIGNAL] Strategy9_Mom_VROC_Shock (0.0 BTC) | CLOSE | Mom_Fade & Vol_Normal
2026-02-10 04:00:12,012 [INFO] [SKIP] Strategy9_Mom_VROC_Shock 目前空手，無法平倉
2026-02-10 04:00:12,070 [INFO] [SNAPSHOT] 交易所總持倉: 0.0 BTC | 現價: 70912.7
2026-02-10 04:00:12,071 [INFO] 本週期結束，等待下一次收盤...
2026-02-10 04:13:56,091 [WARNING] 停止運行
2026-02-10 04:14:29,270 [INFO] 設定檔載入成功: config.json
2026-02-10 04:14:29,952 [INFO] [BG-TASK] 開始背景更新外部數據...
2026-02-10 04:14:29,952 [INFO]  外部數據背景更新
2026-02-10 04:14:29,953 [INFO] 載入外部數據源: ['fear_greed', 'google_trends', 'fred_macro', 'us_stock_qqq']
2026-02-10 04:14:29,956 [INFO]  策略已掛載: PriceVolume1
2026-02-10 04:14:29,956 [INFO]  策略已掛載: PriceVolume2
2026-02-10 04:14:29,956 [INFO]  策略已掛載: PriceVolume3
2026-02-10 04:14:29,957 [INFO]  策略已掛載: PriceVolume4
2026-02-10 04:14:29,957 [INFO]  策略已掛載: PriceVolume5
2026-02-10 04:14:29,957 [INFO]  策略已掛載: PriceVolume6
2026-02-10 04:14:29,958 [INFO]  策略已掛載: PriceVolume7
2026-02-10 04:14:29,958 [INFO]  策略已掛載: PriceVolume8
2026-02-10 04:14:29,959 [INFO]  策略已掛載: PriceVolume9
2026-02-10 04:14:29,959 [INFO]  策略已掛載: SentimentStrategyV3
2026-02-10 04:14:29,960 [INFO]  策略已掛載: SentimentStrategyV2
2026-02-10 04:14:29,960 [INFO]  策略已掛載: PriceVolume10
2026-02-10 04:14:29,961 [INFO]  策略已掛載: QQQ_price
2026-02-10 04:14:29,961 [INFO] 目前運行策略列表: ['Strategy1_MAD_BSR', 'Price_Volume2', 'Strategy3_MAD_OBV_Quantile', 'Strategy4_High_Momentum', 'Strategy5_HighVol_Momentum', 'Strategy6_Climax_Momentum', 'Strategy7_Mom_LowVolFilter', 'Strategy8_Vol_BuyPressure', 'Strategy9_Mom_VROC_Shock', 'Strategy11_Trend_ZScore', 'Strategy12_GnF_Yield_Ratio', 'Strategy10_Volume_Diff_Reversion', 'Strategy13_QQQ_Wavelet_Trend']
2026-02-10 04:14:30,410 [INFO]  [CONFIG] 成功設定 BTCUSDT 槓桿為 5x
2026-02-10 04:14:31,870 [INFO] 監控 1h K 線...
2026-02-10 04:14:32,249 [INFO] [ETL] 處理新 K 線: 2026-02-09 19:00:00
2026-02-10 04:14:34,394 [WARNING] [AlphaVantage] 抓取失敗: We have detected your API key as E5VUD2IG0AV6U3WM and our standard API rate limit is 25 requests per day. Please subscribe to any of the premium plans at https://www.alphavantage.co/premium/ to instantly remove all daily rate limits.
2026-02-10 04:14:34,397 [INFO] [US_STOCK] AlphaVantage 失敗，切換至備用源 Tiingo 抓取 QQQ...
2026-02-10 04:14:35,387 [INFO] [US_STOCK] Tiingo 抓取成功！
2026-02-10 04:14:35,391 [INFO] [BG-TASK] 所有外部數據更新完成 (耗時 5.44s)
2026-02-10 04:14:35,899 [WARNING] [AlphaVantage] 抓取失敗: We have detected your API key as E5VUD2IG0AV6U3WM and our standard API rate limit is 25 requests per day. Please subscribe to any of the premium plans at https://www.alphavantage.co/premium/ to instantly remove all daily rate limits.
2026-02-10 04:14:35,902 [INFO] [US_STOCK] AlphaVantage 失敗，切換至備用源 Tiingo 抓取 QQQ...
2026-02-10 04:14:36,812 [INFO] [US_STOCK] Tiingo 抓取成功！
2026-02-10 04:14:36,976 [INFO] [SIGNAL] Strategy1_MAD_BSR (0.0 BTC) | CLOSE | MAD or BS fell below Threshold
2026-02-10 04:14:36,978 [INFO] [SKIP] Strategy1_MAD_BSR 目前空手，無法平倉
2026-02-10 04:14:36,978 [INFO] [SIGNAL] Price_Volume2 (0.0 BTC) | CLOSE | Exit: OBV(-901652.5)<MA or ATR<MA
2026-02-10 04:14:36,978 [INFO] [SKIP] Price_Volume2 目前空手，無法平倉
2026-02-10 04:14:36,978 [INFO] [SIGNAL] Strategy3_MAD_OBV_Quantile (0.0 BTC) | CLOSE | MAD_CoolDown or OBV_Weak
2026-02-10 04:14:36,979 [INFO] [SKIP] Strategy3_MAD_OBV_Quantile 目前空手，無法平倉
2026-02-10 04:14:36,979 [INFO] [SIGNAL] Strategy4_High_Momentum (0.0 BTC) | CLOSE | Momentum_Collapsed
2026-02-10 04:14:36,980 [INFO] [SKIP] Strategy4_High_Momentum 目前空手，無法平倉
2026-02-10 04:14:36,980 [INFO] [SIGNAL] Strategy6_Climax_Momentum (0.0 BTC) | CLOSE | Vol_CoolDown & OBV_Drop
2026-02-10 04:14:36,980 [INFO] [SKIP] Strategy6_Climax_Momentum 目前空手，無法平倉
2026-02-10 04:14:36,980 [INFO] [SIGNAL] Strategy7_Mom_LowVolFilter (0.007 BTC) | LONG | Mom_Strong & Not_Dead_Fish
2026-02-10 04:14:36,981 [INFO] [SKIP] Strategy7_Mom_LowVolFilter 已有持倉 0.007，跳過開倉
2026-02-10 04:14:36,981 [INFO] [SIGNAL] Strategy9_Mom_VROC_Shock (0.0 BTC) | CLOSE | Mom_Fade & Vol_Normal
2026-02-10 04:14:36,981 [INFO] [SKIP] Strategy9_Mom_VROC_Shock 目前空手，無法平倉
2026-02-10 04:14:37,033 [INFO] [SNAPSHOT] 交易所總持倉: 0.0 BTC | 現價: 70912.7
2026-02-10 04:14:37,034 [INFO] 本週期結束，等待下一次收盤...
2026-02-10 04:17:09,917 [WARNING] 停止運行
2026-02-10 17:04:20,766 [INFO] 設定檔載入成功: config.json
2026-02-10 17:04:21,504 [INFO] [BG-TASK] 開始背景更新外部數據...
2026-02-10 17:04:21,504 [INFO]  外部數據背景更新
2026-02-10 17:04:21,506 [INFO] 載入外部數據源: ['fear_greed', 'google_trends', 'fred_macro', 'us_stock_qqq']
2026-02-10 17:04:21,510 [INFO]  策略已掛載: PriceVolume1
2026-02-10 17:04:21,511 [INFO]  策略已掛載: PriceVolume2
2026-02-10 17:04:21,512 [INFO]  策略已掛載: PriceVolume3
2026-02-10 17:04:21,512 [INFO]  策略已掛載: PriceVolume4
2026-02-10 17:04:21,512 [INFO]  策略已掛載: PriceVolume5
2026-02-10 17:04:21,512 [INFO]  策略已掛載: PriceVolume6
2026-02-10 17:04:21,513 [INFO]  策略已掛載: PriceVolume7
2026-02-10 17:04:21,513 [INFO]  策略已掛載: PriceVolume8
2026-02-10 17:04:21,513 [INFO]  策略已掛載: PriceVolume9
2026-02-10 17:04:21,513 [INFO]  策略已掛載: SentimentStrategyV3
2026-02-10 17:04:21,515 [INFO]  策略已掛載: SentimentStrategyV2
2026-02-10 17:04:21,515 [INFO]  策略已掛載: PriceVolume10
2026-02-10 17:04:21,515 [INFO]  策略已掛載: QQQ_price
2026-02-10 17:04:21,515 [INFO] 目前運行策略列表: ['Strategy1_MAD_BSR', 'Price_Volume2', 'Strategy3_MAD_OBV_Quantile', 'Strategy4_High_Momentum', 'Strategy5_HighVol_Momentum', 'Strategy6_Climax_Momentum', 'Strategy7_Mom_LowVolFilter', 'Strategy8_Vol_BuyPressure', 'Strategy9_Mom_VROC_Shock', 'Strategy11_Trend_ZScore', 'Strategy12_GnF_Yield_Ratio', 'Strategy10_Volume_Diff_Reversion', 'Strategy13_QQQ_Wavelet_Trend']
2026-02-10 17:04:21,882 [INFO]  [CONFIG] 成功設定 BTCUSDT 槓桿為 5x
2026-02-10 17:04:23,216 [INFO] 監控 1h K 線...
2026-02-10 17:04:23,705 [INFO] [ETL] 處理新 K 線: 2026-02-10 08:00:00
2026-02-10 17:04:26,068 [WARNING] [AlphaVantage] 抓取失敗: We have detected your API key as E5VUD2IG0AV6U3WM and our standard API rate limit is 25 requests per day. Please subscribe to any of the premium plans at https://www.alphavantage.co/premium/ to instantly remove all daily rate limits.
2026-02-10 17:04:26,069 [INFO] [US_STOCK] AlphaVantage 失敗，切換至備用源 Tiingo 抓取 QQQ...
2026-02-10 17:04:27,041 [INFO] [US_STOCK] Tiingo 抓取成功！
2026-02-10 17:04:27,044 [INFO] [BG-TASK] 所有外部數據更新完成 (耗時 5.54s)
2026-02-10 17:04:27,622 [WARNING] [AlphaVantage] 抓取失敗: We have detected your API key as E5VUD2IG0AV6U3WM and our standard API rate limit is 25 requests per day. Please subscribe to any of the premium plans at https://www.alphavantage.co/premium/ to instantly remove all daily rate limits.
2026-02-10 17:04:27,625 [INFO] [US_STOCK] AlphaVantage 失敗，切換至備用源 Tiingo 抓取 QQQ...
2026-02-10 17:04:28,550 [INFO] [US_STOCK] Tiingo 抓取成功！
2026-02-10 17:04:32,611 [INFO] [SIGNAL] Price_Volume2 (0.0 BTC) | CLOSE | Exit: OBV(-915173.3)<MA or ATR<MA
2026-02-10 17:04:32,612 [INFO] [SKIP] Price_Volume2 目前空手，無法平倉
2026-02-10 17:04:32,612 [INFO] [SIGNAL] Strategy3_MAD_OBV_Quantile (0.0 BTC) | CLOSE | MAD_CoolDown or OBV_Weak
2026-02-10 17:04:32,614 [INFO] [SKIP] Strategy3_MAD_OBV_Quantile 目前空手，無法平倉
2026-02-10 17:04:32,614 [INFO] [SIGNAL] Strategy4_High_Momentum (0.0 BTC) | CLOSE | Momentum_Collapsed
2026-02-10 17:04:32,614 [INFO] [SKIP] Strategy4_High_Momentum 目前空手，無法平倉
2026-02-10 17:04:32,615 [INFO] [SIGNAL] Strategy5_HighVol_Momentum (0.0 BTC) | CLOSE | Vol_Drop & Mom_Weak
2026-02-10 17:04:32,615 [INFO] [SKIP] Strategy5_HighVol_Momentum 目前空手，無法平倉
2026-02-10 17:04:32,615 [INFO] [SIGNAL] Strategy6_Climax_Momentum (0.0 BTC) | CLOSE | Vol_CoolDown & OBV_Drop
2026-02-10 17:04:32,616 [INFO] [SKIP] Strategy6_Climax_Momentum 目前空手，無法平倉
2026-02-10 17:04:32,616 [INFO] [SIGNAL] Strategy8_Vol_BuyPressure (0.0 BTC) | CLOSE | Vol_Cool & Buy_Weak
2026-02-10 17:04:32,617 [INFO] [SKIP] Strategy8_Vol_BuyPressure 目前空手，無法平倉
2026-02-10 17:04:32,617 [INFO] [SIGNAL] Strategy9_Mom_VROC_Shock (0.0 BTC) | CLOSE | Mom_Fade & Vol_Normal
2026-02-10 17:04:32,618 [INFO] [SKIP] Strategy9_Mom_VROC_Shock 目前空手，無法平倉
2026-02-10 17:04:32,618 [INFO] [SIGNAL] Strategy12_GnF_Yield_Ratio (0.0 BTC) | CLOSE | GnF_Drop or Yield_Drop
2026-02-10 17:04:32,619 [INFO] [SKIP] Strategy12_GnF_Yield_Ratio 目前空手，無法平倉
2026-02-10 17:04:32,619 [INFO] [SIGNAL] Strategy10_Volume_Diff_Reversion (0.0 BTC) | LONG | Vol_Trend_Dip & Non_US_Time
2026-02-10 17:04:32,712 [INFO]  [ORDER] 發送訂單 | BUY BTCUSDT | Qty: 0.007
2026-02-10 17:04:32,840 [INFO] [Strategy10_Volume_Diff_Reversion] 訂單已發送 ID: 12159836015
2026-02-10 17:04:35,912 [INFO]  [DB] 交易已儲存: LONG 0.007 BTCUSDT
2026-02-10 17:04:37,435 [INFO] [VERIFIED] 成交確認 | 均價: 69261.47142857143
2026-02-10 17:04:37,518 [INFO] [SNAPSHOT] 交易所總持倉: 0.007 BTC | 現價: 69091.9
2026-02-10 17:04:37,518 [INFO] 本週期結束，等待下一次收盤...
2026-02-10 17:04:48,445 [WARNING] 停止運行
2026-02-11 10:08:23,421 [INFO] 設定檔載入成功: config.json
2026-02-11 10:08:24,075 [INFO] [BACKFILL] 正在檢查 BTCUSDT 數據完整性...
2026-02-11 10:08:24,081 [INFO] [BACKFILL] 上次收盤: 2026-02-10 19:00:00 | 現在時間: 2026-02-11 02:08:24.081000 | 缺少 K 線: 7 根
2026-02-11 10:08:24,081 [INFO] [BACKFILL] 開始回補 9 根 K 線...
2026-02-11 10:08:24,473 [INFO] [BACKFILL] 成功寫入 9 筆數據！斷層修復完成。
2026-02-11 10:08:24,474 [INFO] [BG-TASK] 開始背景更新外部數據...
2026-02-11 10:08:24,474 [INFO]  外部數據背景更新
2026-02-11 10:08:24,475 [INFO] 載入外部數據源: ['fear_greed', 'google_trends', 'fred_macro', 'us_stock_qqq']
2026-02-11 10:08:24,477 [INFO]  策略已掛載: PriceVolume1
2026-02-11 10:08:24,477 [INFO]  策略已掛載: PriceVolume2
2026-02-11 10:08:24,478 [INFO]  策略已掛載: PriceVolume3
2026-02-11 10:08:24,478 [INFO]  策略已掛載: PriceVolume4
2026-02-11 10:08:24,479 [INFO]  策略已掛載: PriceVolume5
2026-02-11 10:08:24,479 [INFO]  策略已掛載: PriceVolume6
2026-02-11 10:08:24,480 [INFO]  策略已掛載: PriceVolume7
2026-02-11 10:08:24,480 [INFO]  策略已掛載: PriceVolume8
2026-02-11 10:08:24,480 [INFO]  策略已掛載: PriceVolume9
2026-02-11 10:08:24,481 [INFO]  策略已掛載: SentimentStrategyV3
2026-02-11 10:08:24,481 [INFO]  策略已掛載: SentimentStrategyV2
2026-02-11 10:08:24,481 [INFO]  策略已掛載: PriceVolume10
2026-02-11 10:08:24,481 [INFO]  策略已掛載: QQQ_price
2026-02-11 10:08:24,482 [INFO] 目前運行策略列表: ['Strategy1_MAD_BSR', 'Price_Volume2', 'Strategy3_MAD_OBV_Quantile', 'Strategy4_High_Momentum', 'Strategy5_HighVol_Momentum', 'Strategy6_Climax_Momentum', 'Strategy7_Mom_LowVolFilter', 'Strategy8_Vol_BuyPressure', 'Strategy9_Mom_VROC_Shock', 'Strategy11_Trend_ZScore', 'Strategy12_GnF_Yield_Ratio', 'Strategy10_Volume_Diff_Reversion', 'Strategy13_QQQ_Wavelet_Trend']
2026-02-11 10:08:24,992 [INFO]  [CONFIG] 成功設定 BTCUSDT 槓桿為 5x
2026-02-11 10:08:27,554 [INFO] 監控 1h K 線...
2026-02-11 10:08:27,610 [INFO] [ETL] 處理新 K 線: 2026-02-11 01:00:00
2026-02-11 10:08:38,559 [WARNING] [AlphaVantage] 抓取失敗: Thank you for using Alpha Vantage! Please consider spreading out your free API requests more sparingly (1 request per second). You may subscribe to any of the premium plans at https://www.alphavantage.co/premium/ to lift the free key rate limit (25 requests per day), raise the per-second burst limit, and instantly unlock all premium endpoints
2026-02-11 10:08:38,561 [INFO] [US_STOCK] AlphaVantage 失敗，切換至備用源 Tiingo 抓取 QQQ...
2026-02-11 10:08:38,577 [INFO] [BG-TASK] 所有外部數據更新完成 (耗時 14.10s)
2026-02-11 10:08:39,619 [INFO] [US_STOCK] Tiingo 抓取成功！
2026-02-11 10:08:43,825 [INFO] [SIGNAL] Price_Volume2 (0.0 BTC) | CLOSE | Exit: OBV(-922635.4)<MA or ATR<MA
2026-02-11 10:08:43,827 [INFO] [SKIP] Price_Volume2 目前空手，無法平倉
2026-02-11 10:08:43,827 [INFO] [SIGNAL] Strategy3_MAD_OBV_Quantile (0.0 BTC) | CLOSE | MAD_CoolDown or OBV_Weak
2026-02-11 10:08:43,827 [INFO] [SKIP] Strategy3_MAD_OBV_Quantile 目前空手，無法平倉
2026-02-11 10:08:43,827 [INFO] [SIGNAL] Strategy4_High_Momentum (0.0 BTC) | CLOSE | Momentum_Collapsed
2026-02-11 10:08:43,829 [INFO] [SKIP] Strategy4_High_Momentum 目前空手，無法平倉
2026-02-11 10:08:43,829 [INFO] [SIGNAL] Strategy6_Climax_Momentum (0.0 BTC) | CLOSE | Vol_CoolDown & OBV_Drop
2026-02-11 10:08:43,830 [INFO] [SKIP] Strategy6_Climax_Momentum 目前空手，無法平倉
2026-02-11 10:08:43,830 [INFO] [SIGNAL] Strategy7_Mom_LowVolFilter (0.007 BTC) | LONG | Mom_Strong & Not_Dead_Fish
2026-02-11 10:08:43,831 [INFO] [SKIP] Strategy7_Mom_LowVolFilter 已有持倉 0.007，跳過開倉
2026-02-11 10:08:43,831 [INFO] [SIGNAL] Strategy9_Mom_VROC_Shock (0.0 BTC) | CLOSE | Mom_Fade & Vol_Normal
2026-02-11 10:08:43,832 [INFO] [SKIP] Strategy9_Mom_VROC_Shock 目前空手，無法平倉
2026-02-11 10:08:43,832 [INFO] [SIGNAL] Strategy11_Trend_ZScore (0.0 BTC) | CLOSE | Trend_Weakened
2026-02-11 10:08:43,833 [INFO] [SKIP] Strategy11_Trend_ZScore 目前空手，無法平倉
2026-02-11 10:08:43,833 [INFO] [SIGNAL] Strategy10_Volume_Diff_Reversion (0.007 BTC) | LONG | Vol_Trend_Dip & Non_US_Time
2026-02-11 10:08:43,834 [INFO] [SKIP] Strategy10_Volume_Diff_Reversion 已有持倉 0.007，跳過開倉
2026-02-11 10:08:43,887 [INFO] [SNAPSHOT] 交易所總持倉: 0.035 BTC | 現價: 69040.1
2026-02-11 10:08:43,887 [INFO] 本週期結束，等待下一次收盤...
2026-02-11 10:09:03,461 [WARNING] 停止運行
2026-02-12 19:28:03,040 [INFO] 設定檔載入成功: config.json
2026-02-12 19:28:03,824 [INFO] [BG-TASK] 開始更新外部數據...
2026-02-12 19:28:03,824 [INFO]  外部數據背景更新啟動
2026-02-12 19:28:03,825 [INFO] 載入外部數據源: ['fear_greed', 'google_trends', 'fred_macro', 'us_stock_qqq']
2026-02-12 19:28:03,829 [INFO] 策略已掛載: PriceVolume1
2026-02-12 19:28:03,829 [INFO] 策略已掛載: PriceVolume2
2026-02-12 19:28:03,829 [INFO] 策略已掛載: PriceVolume3
2026-02-12 19:28:03,829 [INFO] 策略已掛載: PriceVolume4
2026-02-12 19:28:03,830 [INFO] 策略已掛載: PriceVolume5
2026-02-12 19:28:03,830 [INFO] 策略已掛載: PriceVolume6
2026-02-12 19:28:03,831 [INFO] 策略已掛載: PriceVolume7
2026-02-12 19:28:03,831 [INFO] 策略已掛載: PriceVolume8
2026-02-12 19:28:03,831 [INFO] 策略已掛載: PriceVolume9
2026-02-12 19:28:03,832 [INFO] 策略已掛載: SentimentStrategyV3
2026-02-12 19:28:03,832 [INFO] 策略已掛載: SentimentStrategyV2
2026-02-12 19:28:03,832 [INFO] 策略已掛載: PriceVolume10
2026-02-12 19:28:03,834 [INFO] 策略已掛載: QQQ_price
2026-02-12 19:28:03,834 [INFO] 目前運行策略列表: ['Strategy1_MAD_BSR', 'Price_Volume2', 'Strategy3_MAD_OBV_Quantile', 'Strategy4_High_Momentum', 'Strategy5_HighVol_Momentum', 'Strategy6_Climax_Momentum', 'Strategy7_Mom_LowVolFilter', 'Strategy8_Vol_BuyPressure', 'Strategy9_Mom_VROC_Shock', 'Strategy11_Trend_ZScore', 'Strategy12_GnF_Yield_Ratio', 'Strategy10_Volume_Diff_Reversion', 'Strategy13_QQQ_Wavelet_Trend']
2026-02-12 19:28:03,834 [INFO]  [Mock Mode] 模擬執行器已啟動，所有訂單均為虛擬。
2026-02-12 19:28:07,176 [INFO] 監控 1h K 線...
2026-02-12 19:28:07,648 [INFO] [ETL] 處理新 K 線: 2026-02-12 10:00:00
2026-02-12 19:28:11,156 [ERROR] 策略 Strategy11_Trend_ZScore 產生訊號時發生錯誤: 'NoneType' object has no attribute 'empty'
2026-02-12 19:28:11,157 [ERROR] 策略 Strategy12_GnF_Yield_Ratio 產生訊號時發生錯誤: BaseStrategy.enrich_data_with_external() got an unexpected keyword argument 'rename_map'
2026-02-12 19:28:11,172 [ERROR] 跨尺度特徵合併失敗: "None of [Index(['QQQ_Wavelet'], dtype='object')] are in the [columns]"
2026-02-12 19:28:11,173 [INFO] [SIGNAL] Price_Volume2 (0.0 BTC) | LONG | Entry: OBV(-928388.4)>MA & ATR>MA
2026-02-12 19:28:11,174 [INFO]  [Mock] 收到訂單: BUY 0.007355158540442339 BTCUSDT
2026-02-12 19:28:11,375 [INFO] [Price_Volume2] 訂單已發送 ID: 03fcb7d5
2026-02-12 19:28:14,377 [INFO]  [DB] 交易已儲存: LONG 0.007355158540442339 BTCUSDT
2026-02-12 19:28:16,468 [INFO] [VERIFIED] 成交確認 | 均價: 67979.5
2026-02-12 19:28:16,469 [INFO] [SIGNAL] Strategy3_MAD_OBV_Quantile (0.0 BTC) | CLOSE | MAD_CoolDown or OBV_Weak
2026-02-12 19:28:16,471 [INFO] [SKIP] Strategy3_MAD_OBV_Quantile 目前空手，無法平倉
2026-02-12 19:28:16,471 [INFO] [SIGNAL] Strategy4_High_Momentum (0.0 BTC) | CLOSE | Momentum_Collapsed
2026-02-12 19:28:16,472 [INFO] [SKIP] Strategy4_High_Momentum 目前空手，無法平倉
2026-02-12 19:28:16,472 [INFO] [SIGNAL] Strategy5_HighVol_Momentum (0.0 BTC) | CLOSE | Vol_Drop & Mom_Weak
2026-02-12 19:28:16,473 [INFO] [SKIP] Strategy5_HighVol_Momentum 目前空手，無法平倉
2026-02-12 19:28:16,473 [INFO] [SIGNAL] Strategy6_Climax_Momentum (0.0 BTC) | CLOSE | Vol_CoolDown & OBV_Drop
2026-02-12 19:28:16,474 [INFO] [SKIP] Strategy6_Climax_Momentum 目前空手，無法平倉
2026-02-12 19:28:16,474 [INFO] [SIGNAL] Strategy7_Mom_LowVolFilter (0.007 BTC) | CLOSE | Mom_Weak & Vol_Dead
2026-02-12 19:28:16,475 [INFO]  [Mock] 收到訂單: SELL 0.007 BTCUSDT
2026-02-12 19:28:16,675 [INFO] [Strategy7_Mom_LowVolFilter] 訂單已發送 ID: b94c3234
2026-02-12 19:28:19,677 [INFO]  [DB] 交易已儲存: CLOSE 0.007 BTCUSDT
2026-02-12 19:28:28,282 [INFO] [VERIFIED] 成交確認 | 均價: 67979.5
2026-02-12 19:28:28,283 [INFO] [SIGNAL] Strategy9_Mom_VROC_Shock (0.0 BTC) | CLOSE | Mom_Fade & Vol_Normal
2026-02-12 19:28:28,285 [INFO] [SKIP] Strategy9_Mom_VROC_Shock 目前空手，無法平倉
2026-02-12 19:28:28,286 [INFO] [SNAPSHOT] 交易所總持倉: 0.00035515854044233883 BTC | 現價: 67979.5
2026-02-12 19:28:28,286 [INFO] 本週期結束，等待下一次收盤...
2026-02-12 19:29:10,395 [WARNING] 停止運行
2026-02-12 19:34:34,406 [INFO] 設定檔載入成功: config.json
2026-02-12 19:34:35,581 [INFO] [BG-TASK] 開始更新外部數據...
2026-02-12 19:34:35,581 [INFO]  外部數據背景更新啟動
2026-02-12 19:34:35,582 [INFO] 載入外部數據源: ['fear_greed', 'google_trends', 'fred_macro', 'us_stock_qqq']
2026-02-12 19:34:35,586 [INFO] 策略已掛載: PriceVolume1
2026-02-12 19:34:35,586 [INFO] 策略已掛載: PriceVolume2
2026-02-12 19:34:35,586 [INFO] 策略已掛載: PriceVolume3
2026-02-12 19:34:35,587 [INFO] 策略已掛載: PriceVolume4
2026-02-12 19:34:35,587 [INFO] 策略已掛載: PriceVolume5
2026-02-12 19:34:35,587 [INFO] 策略已掛載: PriceVolume6
2026-02-12 19:34:35,588 [INFO] 策略已掛載: PriceVolume7
2026-02-12 19:34:35,588 [INFO] 策略已掛載: PriceVolume8
2026-02-12 19:34:35,588 [INFO] 策略已掛載: PriceVolume9
2026-02-12 19:34:35,589 [INFO] 策略已掛載: SentimentStrategyV3
2026-02-12 19:34:35,589 [INFO] 策略已掛載: SentimentStrategyV2
2026-02-12 19:34:35,589 [INFO] 策略已掛載: PriceVolume10
2026-02-12 19:34:35,589 [INFO] 策略已掛載: QQQ_price
2026-02-12 19:34:35,590 [INFO] 目前運行策略列表: ['Strategy1_MAD_BSR', 'Price_Volume2', 'Strategy3_MAD_OBV_Quantile', 'Strategy4_High_Momentum', 'Strategy5_HighVol_Momentum', 'Strategy6_Climax_Momentum', 'Strategy7_Mom_LowVolFilter', 'Strategy8_Vol_BuyPressure', 'Strategy9_Mom_VROC_Shock', 'Strategy11_Trend_ZScore', 'Strategy12_GnF_Yield_Ratio', 'Strategy10_Volume_Diff_Reversion', 'Strategy13_QQQ_Wavelet_Trend']
2026-02-12 19:34:35,590 [INFO]  [Mock Mode] 模擬執行器已啟動，所有訂單均為虛擬。
2026-02-12 19:34:38,077 [INFO] 監控 1h K 線...
2026-02-12 19:34:38,560 [INFO] [ETL] 處理新 K 線: 2026-02-12 10:00:00
2026-02-12 19:34:38,660 [INFO] [SIGNAL] Price_Volume2 (0.007355158540442339 BTC) | LONG | Entry: OBV(-928388.4)>MA & ATR>MA
2026-02-12 19:34:38,662 [INFO] [SKIP] Price_Volume2 已有持倉 0.007355158540442339，跳過開倉
2026-02-12 19:34:38,662 [INFO] [SIGNAL] Strategy3_MAD_OBV_Quantile (0.0 BTC) | CLOSE | MAD_CoolDown or OBV_Weak
2026-02-12 19:34:38,663 [INFO] [SKIP] Strategy3_MAD_OBV_Quantile 目前空手，無法平倉
2026-02-12 19:34:38,663 [INFO] [SIGNAL] Strategy4_High_Momentum (0.0 BTC) | CLOSE | Momentum_Collapsed
2026-02-12 19:34:38,663 [INFO] [SKIP] Strategy4_High_Momentum 目前空手，無法平倉
2026-02-12 19:34:38,664 [INFO] [SIGNAL] Strategy5_HighVol_Momentum (0.0 BTC) | CLOSE | Vol_Drop & Mom_Weak
2026-02-12 19:34:38,664 [INFO] [SKIP] Strategy5_HighVol_Momentum 目前空手，無法平倉
2026-02-12 19:34:38,664 [INFO] [SIGNAL] Strategy6_Climax_Momentum (0.0 BTC) | CLOSE | Vol_CoolDown & OBV_Drop
2026-02-12 19:34:38,665 [INFO] [SKIP] Strategy6_Climax_Momentum 目前空手，無法平倉
2026-02-12 19:34:38,665 [INFO] [SIGNAL] Strategy7_Mom_LowVolFilter (0.0 BTC) | CLOSE | Mom_Weak & Vol_Dead
2026-02-12 19:34:38,666 [INFO] [SKIP] Strategy7_Mom_LowVolFilter 目前空手，無法平倉
2026-02-12 19:34:38,666 [INFO] [SIGNAL] Strategy9_Mom_VROC_Shock (0.0 BTC) | CLOSE | Mom_Fade & Vol_Normal
2026-02-12 19:34:38,667 [INFO] [SKIP] Strategy9_Mom_VROC_Shock 目前空手，無法平倉
2026-02-12 19:34:38,667 [INFO] [SNAPSHOT] 交易所總持倉: 0.0 BTC | 現價: 67979.5
2026-02-12 19:34:38,667 [INFO] 本週期結束，等待下一次收盤...
2026-02-12 19:36:35,893 [WARNING] 停止運行
2026-02-12 19:37:00,801 [INFO] 設定檔載入成功: config.json
2026-02-12 19:37:01,887 [INFO] [BG-TASK] 開始更新外部數據...
2026-02-12 19:37:01,887 [INFO]  外部數據背景更新啟動
2026-02-12 19:37:01,888 [INFO] 載入外部數據源: ['fear_greed', 'google_trends', 'fred_macro', 'us_stock_qqq']
2026-02-12 19:37:01,890 [INFO] 策略已掛載: PriceVolume1
2026-02-12 19:37:01,891 [INFO] 策略已掛載: PriceVolume2
2026-02-12 19:37:01,891 [INFO] 策略已掛載: PriceVolume3
2026-02-12 19:37:01,891 [INFO] 策略已掛載: PriceVolume4
2026-02-12 19:37:01,892 [INFO] 策略已掛載: PriceVolume5
2026-02-12 19:37:01,892 [INFO] 策略已掛載: PriceVolume6
2026-02-12 19:37:01,892 [INFO] 策略已掛載: PriceVolume7
2026-02-12 19:37:01,893 [INFO] 策略已掛載: PriceVolume8
2026-02-12 19:37:01,893 [INFO] 策略已掛載: PriceVolume9
2026-02-12 19:37:01,893 [INFO] 策略已掛載: SentimentStrategyV3
2026-02-12 19:37:01,893 [INFO] 策略已掛載: SentimentStrategyV2
2026-02-12 19:37:01,894 [INFO] 策略已掛載: PriceVolume10
2026-02-12 19:37:01,894 [INFO] 策略已掛載: QQQ_price
2026-02-12 19:37:01,894 [INFO] 目前運行策略列表: ['Strategy1_MAD_BSR', 'Price_Volume2', 'Strategy3_MAD_OBV_Quantile', 'Strategy4_High_Momentum', 'Strategy5_HighVol_Momentum', 'Strategy6_Climax_Momentum', 'Strategy7_Mom_LowVolFilter', 'Strategy8_Vol_BuyPressure', 'Strategy9_Mom_VROC_Shock', 'Strategy11_Trend_ZScore', 'Strategy12_GnF_Yield_Ratio', 'Strategy10_Volume_Diff_Reversion', 'Strategy13_QQQ_Wavelet_Trend']
2026-02-12 19:37:01,894 [INFO]  [Mock Mode] 模擬執行器已啟動，所有訂單均為虛擬。
2026-02-12 19:37:03,380 [INFO] 監控 1h K 線...
2026-02-12 19:37:03,863 [INFO] [ETL] 處理新 K 線: 2026-02-12 10:00:00
2026-02-12 19:37:03,975 [INFO] [SIGNAL] Price_Volume2 (0.007355158540442339 BTC) | LONG | Entry: OBV(-928388.4)>MA & ATR>MA
2026-02-12 19:37:03,977 [INFO] [SKIP] Price_Volume2 已有持倉 0.007355158540442339，跳過開倉
2026-02-12 19:37:03,977 [INFO] [SIGNAL] Strategy3_MAD_OBV_Quantile (0.0 BTC) | CLOSE | MAD_CoolDown or OBV_Weak
2026-02-12 19:37:03,977 [INFO] [SKIP] Strategy3_MAD_OBV_Quantile 目前空手，無法平倉
2026-02-12 19:37:03,977 [INFO] [SIGNAL] Strategy4_High_Momentum (0.0 BTC) | CLOSE | Momentum_Collapsed
2026-02-12 19:37:03,978 [INFO] [SKIP] Strategy4_High_Momentum 目前空手，無法平倉
2026-02-12 19:37:03,978 [INFO] [SIGNAL] Strategy5_HighVol_Momentum (0.0 BTC) | CLOSE | Vol_Drop & Mom_Weak
2026-02-12 19:37:03,980 [INFO] [SKIP] Strategy5_HighVol_Momentum 目前空手，無法平倉
2026-02-12 19:37:03,980 [INFO] [SIGNAL] Strategy6_Climax_Momentum (0.0 BTC) | CLOSE | Vol_CoolDown & OBV_Drop
2026-02-12 19:37:03,981 [INFO] [SKIP] Strategy6_Climax_Momentum 目前空手，無法平倉
2026-02-12 19:37:03,981 [INFO] [SIGNAL] Strategy7_Mom_LowVolFilter (0.0 BTC) | CLOSE | Mom_Weak & Vol_Dead
2026-02-12 19:37:03,981 [INFO] [SKIP] Strategy7_Mom_LowVolFilter 目前空手，無法平倉
2026-02-12 19:37:03,981 [INFO] [SIGNAL] Strategy9_Mom_VROC_Shock (0.0 BTC) | CLOSE | Mom_Fade & Vol_Normal
2026-02-12 19:37:03,982 [INFO] [SKIP] Strategy9_Mom_VROC_Shock 目前空手，無法平倉
2026-02-12 19:37:03,982 [INFO] [SNAPSHOT] 交易所總持倉: 0.0 BTC | 現價: 67979.5
2026-02-12 19:37:03,982 [INFO] 本週期結束，等待下一次收盤...
2026-02-12 19:37:44,474 [WARNING] 停止運行
2026-02-12 19:38:34,984 [INFO] 設定檔載入成功: config.json
2026-02-12 19:38:36,109 [INFO] [BG-TASK] 開始更新外部數據...
2026-02-12 19:38:36,109 [INFO]  外部數據背景更新啟動
2026-02-12 19:38:36,111 [INFO] 載入外部數據源: ['fear_greed', 'google_trends', 'fred_macro', 'us_stock_qqq']
2026-02-12 19:38:36,114 [INFO] 策略已掛載: PriceVolume1
2026-02-12 19:38:36,114 [INFO] 策略已掛載: PriceVolume2
2026-02-12 19:38:36,114 [INFO] 策略已掛載: PriceVolume3
2026-02-12 19:38:36,115 [INFO] 策略已掛載: PriceVolume4
2026-02-12 19:38:36,115 [INFO] 策略已掛載: PriceVolume5
2026-02-12 19:38:36,116 [INFO] 策略已掛載: PriceVolume6
2026-02-12 19:38:36,116 [INFO] 策略已掛載: PriceVolume7
2026-02-12 19:38:36,116 [INFO] 策略已掛載: PriceVolume8
2026-02-12 19:38:36,116 [INFO] 策略已掛載: PriceVolume9
2026-02-12 19:38:36,117 [INFO] 策略已掛載: SentimentStrategyV3
2026-02-12 19:38:36,117 [INFO] 策略已掛載: SentimentStrategyV2
2026-02-12 19:38:36,118 [INFO] 策略已掛載: PriceVolume10
2026-02-12 19:38:36,118 [INFO] 策略已掛載: QQQ_price
2026-02-12 19:38:36,118 [INFO] 目前運行策略列表: ['Strategy1_MAD_BSR', 'Price_Volume2', 'Strategy3_MAD_OBV_Quantile', 'Strategy4_High_Momentum', 'Strategy5_HighVol_Momentum', 'Strategy6_Climax_Momentum', 'Strategy7_Mom_LowVolFilter', 'Strategy8_Vol_BuyPressure', 'Strategy9_Mom_VROC_Shock', 'Strategy11_Trend_ZScore', 'Strategy12_GnF_Yield_Ratio', 'Strategy10_Volume_Diff_Reversion', 'Strategy13_QQQ_Wavelet_Trend']
2026-02-12 19:38:36,119 [INFO]  [Mock Mode] 模擬執行器已啟動，所有訂單均為虛擬。
2026-02-12 19:38:37,586 [INFO] 監控 1h K 線...
2026-02-12 19:38:38,037 [INFO] [ETL] 處理新 K 線: 2026-02-12 10:00:00
2026-02-12 19:38:38,144 [INFO] [SIGNAL] Price_Volume2 (0.007355158540442339 BTC) | LONG | Entry: OBV(-928388.4)>MA & ATR>MA
2026-02-12 19:38:38,146 [INFO] [SKIP] Price_Volume2 已有持倉 0.007355158540442339，跳過開倉
2026-02-12 19:38:38,146 [INFO] [SIGNAL] Strategy3_MAD_OBV_Quantile (0.0 BTC) | CLOSE | MAD_CoolDown or OBV_Weak
2026-02-12 19:38:38,147 [INFO] [SKIP] Strategy3_MAD_OBV_Quantile 目前空手，無法平倉
2026-02-12 19:38:38,147 [INFO] [SIGNAL] Strategy4_High_Momentum (0.0 BTC) | CLOSE | Momentum_Collapsed
2026-02-12 19:38:38,148 [INFO] [SKIP] Strategy4_High_Momentum 目前空手，無法平倉
2026-02-12 19:38:38,148 [INFO] [SIGNAL] Strategy5_HighVol_Momentum (0.0 BTC) | CLOSE | Vol_Drop & Mom_Weak
2026-02-12 19:38:38,149 [INFO] [SKIP] Strategy5_HighVol_Momentum 目前空手，無法平倉
2026-02-12 19:38:38,149 [INFO] [SIGNAL] Strategy6_Climax_Momentum (0.0 BTC) | CLOSE | Vol_CoolDown & OBV_Drop
2026-02-12 19:38:38,151 [INFO] [SKIP] Strategy6_Climax_Momentum 目前空手，無法平倉
2026-02-12 19:38:38,151 [INFO] [SIGNAL] Strategy7_Mom_LowVolFilter (0.0 BTC) | CLOSE | Mom_Weak & Vol_Dead
2026-02-12 19:38:38,152 [INFO] [SKIP] Strategy7_Mom_LowVolFilter 目前空手，無法平倉
2026-02-12 19:38:38,152 [INFO] [SIGNAL] Strategy9_Mom_VROC_Shock (0.0 BTC) | CLOSE | Mom_Fade & Vol_Normal
2026-02-12 19:38:38,153 [INFO] [SKIP] Strategy9_Mom_VROC_Shock 目前空手，無法平倉
2026-02-12 19:38:38,153 [INFO] [SNAPSHOT] 交易所總持倉: 0.0 BTC | 現價: 67979.5
2026-02-12 19:38:38,154 [INFO] 本週期結束，等待下一次收盤...
2026-02-12 19:39:15,348 [WARNING] 停止運行
2026-02-12 19:39:28,503 [INFO] 設定檔載入成功: config.json
2026-02-12 19:39:29,642 [INFO] [BG-TASK] 開始更新外部數據...
2026-02-12 19:39:29,642 [INFO]  外部數據背景更新啟動
2026-02-12 19:39:29,643 [INFO] 載入外部數據源: ['fear_greed', 'google_trends', 'fred_macro', 'us_stock_qqq']
2026-02-12 19:39:29,645 [INFO] 策略已掛載: PriceVolume1
2026-02-12 19:39:29,646 [INFO] 策略已掛載: PriceVolume2
2026-02-12 19:39:29,646 [INFO] 策略已掛載: PriceVolume3
2026-02-12 19:39:29,647 [INFO] 策略已掛載: PriceVolume4
2026-02-12 19:39:29,647 [INFO] 策略已掛載: PriceVolume5
2026-02-12 19:39:29,647 [INFO] 策略已掛載: PriceVolume6
2026-02-12 19:39:29,648 [INFO] 策略已掛載: PriceVolume7
2026-02-12 19:39:29,648 [INFO] 策略已掛載: PriceVolume8
2026-02-12 19:39:29,648 [INFO] 策略已掛載: PriceVolume9
2026-02-12 19:39:29,649 [INFO] 策略已掛載: SentimentStrategyV3
2026-02-12 19:39:29,649 [INFO] 策略已掛載: SentimentStrategyV2
2026-02-12 19:39:29,649 [INFO] 策略已掛載: PriceVolume10
2026-02-12 19:39:29,649 [INFO] 策略已掛載: QQQ_price
2026-02-12 19:39:29,650 [INFO] 目前運行策略列表: ['Strategy1_MAD_BSR', 'Price_Volume2', 'Strategy3_MAD_OBV_Quantile', 'Strategy4_High_Momentum', 'Strategy5_HighVol_Momentum', 'Strategy6_Climax_Momentum', 'Strategy7_Mom_LowVolFilter', 'Strategy8_Vol_BuyPressure', 'Strategy9_Mom_VROC_Shock', 'Strategy11_Trend_ZScore', 'Strategy12_GnF_Yield_Ratio', 'Strategy10_Volume_Diff_Reversion', 'Strategy13_QQQ_Wavelet_Trend']
2026-02-12 19:39:29,650 [INFO]  [Mock Mode] 模擬執行器已啟動，所有訂單均為虛擬。
2026-02-12 19:39:31,610 [INFO] 監控 1h K 線...
2026-02-12 19:39:32,045 [INFO] [ETL] 處理新 K 線: 2026-02-12 10:00:00
2026-02-12 19:39:32,158 [INFO] [SIGNAL] Price_Volume2 (0.007355158540442339 BTC) | LONG | Entry: OBV(-928388.4)>MA & ATR>MA
2026-02-12 19:39:32,159 [INFO] [SKIP] Price_Volume2 已有持倉 0.007355158540442339，跳過開倉
2026-02-12 19:39:32,159 [INFO] [SIGNAL] Strategy3_MAD_OBV_Quantile (0.0 BTC) | CLOSE | MAD_CoolDown or OBV_Weak
2026-02-12 19:39:32,160 [INFO] [SKIP] Strategy3_MAD_OBV_Quantile 目前空手，無法平倉
2026-02-12 19:39:32,160 [INFO] [SIGNAL] Strategy4_High_Momentum (0.0 BTC) | CLOSE | Momentum_Collapsed
2026-02-12 19:39:32,162 [INFO] [SKIP] Strategy4_High_Momentum 目前空手，無法平倉
2026-02-12 19:39:32,162 [INFO] [SIGNAL] Strategy5_HighVol_Momentum (0.0 BTC) | CLOSE | Vol_Drop & Mom_Weak
2026-02-12 19:39:32,163 [INFO] [SKIP] Strategy5_HighVol_Momentum 目前空手，無法平倉
2026-02-12 19:39:32,163 [INFO] [SIGNAL] Strategy6_Climax_Momentum (0.0 BTC) | CLOSE | Vol_CoolDown & OBV_Drop
2026-02-12 19:39:32,163 [INFO] [SKIP] Strategy6_Climax_Momentum 目前空手，無法平倉
2026-02-12 19:39:32,163 [INFO] [SIGNAL] Strategy7_Mom_LowVolFilter (0.0 BTC) | CLOSE | Mom_Weak & Vol_Dead
2026-02-12 19:39:32,164 [INFO] [SKIP] Strategy7_Mom_LowVolFilter 目前空手，無法平倉
2026-02-12 19:39:32,164 [INFO] [SIGNAL] Strategy9_Mom_VROC_Shock (0.0 BTC) | CLOSE | Mom_Fade & Vol_Normal
2026-02-12 19:39:32,166 [INFO] [SKIP] Strategy9_Mom_VROC_Shock 目前空手，無法平倉
2026-02-12 19:39:32,166 [INFO] [SNAPSHOT] 交易所總持倉: 0.0 BTC | 現價: 67979.5
2026-02-12 19:39:32,166 [INFO] 本週期結束，等待下一次收盤...
2026-02-12 19:44:52,585 [WARNING] 停止運行
2026-02-12 19:44:55,128 [INFO] 設定檔載入成功: config.json
2026-02-12 19:44:56,259 [INFO] [BG-TASK] 開始更新外部數據...
2026-02-12 19:44:56,259 [INFO]  外部數據背景更新啟動
2026-02-12 19:44:56,260 [INFO] 載入外部數據源: ['fear_greed', 'google_trends', 'fred_macro', 'us_stock_qqq']
2026-02-12 19:44:56,262 [INFO] 策略已掛載: PriceVolume1
2026-02-12 19:44:56,263 [INFO] 策略已掛載: PriceVolume2
2026-02-12 19:44:56,263 [INFO] 策略已掛載: PriceVolume3
2026-02-12 19:44:56,264 [INFO] 策略已掛載: PriceVolume4
2026-02-12 19:44:56,264 [INFO] 策略已掛載: PriceVolume5
2026-02-12 19:44:56,265 [INFO] 策略已掛載: PriceVolume6
2026-02-12 19:44:56,265 [INFO] 策略已掛載: PriceVolume7
2026-02-12 19:44:56,265 [INFO] 策略已掛載: PriceVolume8
2026-02-12 19:44:56,265 [INFO] 策略已掛載: PriceVolume9
2026-02-12 19:44:56,266 [INFO] 策略已掛載: SentimentStrategyV3
2026-02-12 19:44:56,266 [INFO] 策略已掛載: SentimentStrategyV2
2026-02-12 19:44:56,266 [INFO] 策略已掛載: PriceVolume10
2026-02-12 19:44:56,266 [INFO] 策略已掛載: QQQ_price
2026-02-12 19:44:56,266 [INFO] 目前運行策略列表: ['Strategy1_MAD_BSR', 'Price_Volume2', 'Strategy3_MAD_OBV_Quantile', 'Strategy4_High_Momentum', 'Strategy5_HighVol_Momentum', 'Strategy6_Climax_Momentum', 'Strategy7_Mom_LowVolFilter', 'Strategy8_Vol_BuyPressure', 'Strategy9_Mom_VROC_Shock', 'Strategy11_Trend_ZScore', 'Strategy12_GnF_Yield_Ratio', 'Strategy10_Volume_Diff_Reversion', 'Strategy13_QQQ_Wavelet_Trend']
2026-02-12 19:44:56,267 [INFO]  [Mock Mode] 模擬執行器已啟動，所有訂單均為虛擬。
2026-02-12 19:44:57,714 [INFO] 監控 1h K 線...
2026-02-12 19:44:58,240 [INFO] [ETL] 處理新 K 線: 2026-02-12 10:00:00
2026-02-12 19:44:58,387 [INFO] [SIGNAL] Price_Volume2 (0.007355158540442339 BTC) | LONG | Entry: OBV(-928388.4)>MA & ATR>MA
2026-02-12 19:44:58,388 [INFO] [SKIP] Price_Volume2 已有持倉 0.007355158540442339，跳過開倉
2026-02-12 19:44:58,389 [INFO] [SIGNAL] Strategy3_MAD_OBV_Quantile (0.0 BTC) | CLOSE | MAD_CoolDown or OBV_Weak
2026-02-12 19:44:58,390 [INFO] [SKIP] Strategy3_MAD_OBV_Quantile 目前空手，無法平倉
2026-02-12 19:44:58,390 [INFO] [SIGNAL] Strategy4_High_Momentum (0.0 BTC) | CLOSE | Momentum_Collapsed
2026-02-12 19:44:58,392 [INFO] [SKIP] Strategy4_High_Momentum 目前空手，無法平倉
2026-02-12 19:44:58,392 [INFO] [SIGNAL] Strategy5_HighVol_Momentum (0.0 BTC) | CLOSE | Vol_Drop & Mom_Weak
2026-02-12 19:44:58,393 [INFO] [SKIP] Strategy5_HighVol_Momentum 目前空手，無法平倉
2026-02-12 19:44:58,393 [INFO] [SIGNAL] Strategy6_Climax_Momentum (0.0 BTC) | CLOSE | Vol_CoolDown & OBV_Drop
2026-02-12 19:44:58,394 [INFO] [SKIP] Strategy6_Climax_Momentum 目前空手，無法平倉
2026-02-12 19:44:58,395 [INFO] [SIGNAL] Strategy7_Mom_LowVolFilter (0.0 BTC) | CLOSE | Mom_Weak & Vol_Dead
2026-02-12 19:44:58,395 [INFO] [SKIP] Strategy7_Mom_LowVolFilter 目前空手，無法平倉
2026-02-12 19:44:58,396 [INFO] [SIGNAL] Strategy9_Mom_VROC_Shock (0.0 BTC) | CLOSE | Mom_Fade & Vol_Normal
2026-02-12 19:44:58,396 [INFO] [SKIP] Strategy9_Mom_VROC_Shock 目前空手，無法平倉
2026-02-12 19:44:58,397 [INFO] [SNAPSHOT] 交易所總持倉: 0.0 BTC | 現價: 67979.5
2026-02-12 19:44:58,397 [INFO] 本週期結束，等待下一次收盤...
2026-02-12 19:45:17,080 [WARNING] 停止運行
2026-02-12 19:50:48,410 [INFO] 設定檔載入成功: config.json
2026-02-12 19:50:48,931 [INFO] [BG-TASK] 開始更新外部數據...
2026-02-12 19:50:48,933 [INFO]  外部數據背景更新啟動
2026-02-12 19:50:48,933 [INFO] 載入外部數據源: ['fear_greed', 'google_trends', 'fred_macro', 'us_stock_qqq']
2026-02-12 19:50:48,937 [INFO] 策略已掛載: PriceVolume1
2026-02-12 19:50:48,938 [INFO] 策略已掛載: PriceVolume2
2026-02-12 19:50:48,938 [INFO] 策略已掛載: PriceVolume3
2026-02-12 19:50:48,939 [INFO] 策略已掛載: PriceVolume4
2026-02-12 19:50:48,939 [INFO] 策略已掛載: PriceVolume5
2026-02-12 19:50:48,939 [INFO] 策略已掛載: PriceVolume6
2026-02-12 19:50:48,940 [INFO] 策略已掛載: PriceVolume7
2026-02-12 19:50:48,940 [INFO] 策略已掛載: PriceVolume8
2026-02-12 19:50:48,941 [INFO] 策略已掛載: PriceVolume9
2026-02-12 19:50:48,941 [INFO] 策略已掛載: SentimentStrategyV3
2026-02-12 19:50:48,942 [INFO] 策略已掛載: SentimentStrategyV2
2026-02-12 19:50:48,942 [INFO] 策略已掛載: PriceVolume10
2026-02-12 19:50:48,943 [INFO] 策略已掛載: QQQ_price
2026-02-12 19:50:48,943 [INFO] 目前運行策略列表: ['Strategy1_MAD_BSR', 'Price_Volume2', 'Strategy3_MAD_OBV_Quantile', 'Strategy4_High_Momentum', 'Strategy5_HighVol_Momentum', 'Strategy6_Climax_Momentum', 'Strategy7_Mom_LowVolFilter', 'Strategy8_Vol_BuyPressure', 'Strategy9_Mom_VROC_Shock', 'Strategy11_Trend_ZScore', 'Strategy12_GnF_Yield_Ratio', 'Strategy10_Volume_Diff_Reversion', 'Strategy13_QQQ_Wavelet_Trend']
2026-02-12 19:50:48,943 [INFO]  [Mock Mode] 模擬執行器已啟動，所有訂單均為虛擬。
2026-02-12 19:50:50,803 [INFO] 監控 1h K 線...
2026-02-12 19:50:51,257 [INFO] [ETL] 處理新 K 線: 2026-02-12 10:00:00
2026-02-12 19:50:51,363 [INFO] [SIGNAL] Price_Volume2 (0.007355158540442339 BTC) | LONG | Entry: OBV(-928388.4)>MA & ATR>MA
2026-02-12 19:50:51,364 [INFO] [SKIP] Price_Volume2 已有持倉 0.007355158540442339，跳過開倉
2026-02-12 19:50:51,364 [INFO] [SIGNAL] Strategy3_MAD_OBV_Quantile (0.0 BTC) | CLOSE | MAD_CoolDown or OBV_Weak
2026-02-12 19:50:51,365 [INFO] [SKIP] Strategy3_MAD_OBV_Quantile 目前空手，無法平倉
2026-02-12 19:50:51,365 [INFO] [SIGNAL] Strategy4_High_Momentum (0.0 BTC) | CLOSE | Momentum_Collapsed
2026-02-12 19:50:51,365 [INFO] [SKIP] Strategy4_High_Momentum 目前空手，無法平倉
2026-02-12 19:50:51,366 [INFO] [SIGNAL] Strategy5_HighVol_Momentum (0.0 BTC) | CLOSE | Vol_Drop & Mom_Weak
2026-02-12 19:50:51,366 [INFO] [SKIP] Strategy5_HighVol_Momentum 目前空手，無法平倉
2026-02-12 19:50:51,367 [INFO] [SIGNAL] Strategy6_Climax_Momentum (0.0 BTC) | CLOSE | Vol_CoolDown & OBV_Drop
2026-02-12 19:50:51,367 [INFO] [SKIP] Strategy6_Climax_Momentum 目前空手，無法平倉
2026-02-12 19:50:51,368 [INFO] [SIGNAL] Strategy7_Mom_LowVolFilter (0.0 BTC) | CLOSE | Mom_Weak & Vol_Dead
2026-02-12 19:50:51,368 [INFO] [SKIP] Strategy7_Mom_LowVolFilter 目前空手，無法平倉
2026-02-12 19:50:51,369 [INFO] [SIGNAL] Strategy9_Mom_VROC_Shock (0.0 BTC) | CLOSE | Mom_Fade & Vol_Normal
2026-02-12 19:50:51,369 [INFO] [SKIP] Strategy9_Mom_VROC_Shock 目前空手，無法平倉
2026-02-12 19:50:51,369 [INFO] [SNAPSHOT] 交易所總持倉: 0.0 BTC | 現價: 67979.5
2026-02-12 19:50:51,371 [INFO] 本週期結束，等待下一次收盤...
2026-02-12 19:51:17,942 [WARNING] 停止運行
2026-02-12 19:52:45,260 [INFO] 設定檔載入成功: config.json
2026-02-12 19:52:45,887 [INFO] [BG-TASK] 開始更新外部數據...
2026-02-12 19:52:45,887 [INFO]  外部數據背景更新啟動
2026-02-12 19:52:45,888 [INFO] 載入外部數據源: ['fear_greed', 'google_trends', 'fred_macro', 'us_stock_qqq']
2026-02-12 19:52:45,891 [INFO] 策略已掛載: PriceVolume1
2026-02-12 19:52:45,891 [INFO] 策略已掛載: PriceVolume2
2026-02-12 19:52:45,891 [INFO] 策略已掛載: PriceVolume3
2026-02-12 19:52:45,892 [INFO] 策略已掛載: PriceVolume4
2026-02-12 19:52:45,892 [INFO] 策略已掛載: PriceVolume5
2026-02-12 19:52:45,892 [INFO] 策略已掛載: PriceVolume6
2026-02-12 19:52:45,892 [INFO] 策略已掛載: PriceVolume7
2026-02-12 19:52:45,893 [INFO] 策略已掛載: PriceVolume8
2026-02-12 19:52:45,893 [INFO] 策略已掛載: PriceVolume9
2026-02-12 19:52:45,893 [INFO] 策略已掛載: SentimentStrategyV3
2026-02-12 19:52:45,895 [INFO] 策略已掛載: SentimentStrategyV2
2026-02-12 19:52:45,895 [INFO] 策略已掛載: PriceVolume10
2026-02-12 19:52:45,895 [INFO] 策略已掛載: QQQ_price
2026-02-12 19:52:45,895 [INFO] 目前運行策略列表: ['Strategy1_MAD_BSR', 'Price_Volume2', 'Strategy3_MAD_OBV_Quantile', 'Strategy4_High_Momentum', 'Strategy5_HighVol_Momentum', 'Strategy6_Climax_Momentum', 'Strategy7_Mom_LowVolFilter', 'Strategy8_Vol_BuyPressure', 'Strategy9_Mom_VROC_Shock', 'Strategy11_Trend_ZScore', 'Strategy12_GnF_Yield_Ratio', 'Strategy10_Volume_Diff_Reversion', 'Strategy13_QQQ_Wavelet_Trend']
2026-02-12 19:52:45,895 [INFO]  [Mock Mode] 模擬執行器已啟動，所有訂單均為虛擬。
2026-02-12 19:52:49,214 [INFO] 監控 1h K 線...
2026-02-12 19:52:49,799 [INFO] [ETL] 處理新 K 線: 2026-02-12 10:00:00
2026-02-12 19:52:49,898 [INFO] [SIGNAL] Price_Volume2 (0.007355158540442339 BTC) | LONG | Entry: OBV(-928388.4)>MA & ATR>MA
2026-02-12 19:52:49,899 [INFO] [SKIP] Price_Volume2 已有持倉 0.007355158540442339，跳過開倉
2026-02-12 19:52:49,899 [INFO] [SIGNAL] Strategy3_MAD_OBV_Quantile (0.0 BTC) | CLOSE | MAD_CoolDown or OBV_Weak
2026-02-12 19:52:49,900 [INFO] [SKIP] Strategy3_MAD_OBV_Quantile 目前空手，無法平倉
2026-02-12 19:52:49,900 [INFO] [SIGNAL] Strategy4_High_Momentum (0.0 BTC) | CLOSE | Momentum_Collapsed
2026-02-12 19:52:49,901 [INFO] [SKIP] Strategy4_High_Momentum 目前空手，無法平倉
2026-02-12 19:52:49,901 [INFO] [SIGNAL] Strategy5_HighVol_Momentum (0.0 BTC) | CLOSE | Vol_Drop & Mom_Weak
2026-02-12 19:52:49,903 [INFO] [SKIP] Strategy5_HighVol_Momentum 目前空手，無法平倉
2026-02-12 19:52:49,903 [INFO] [SIGNAL] Strategy6_Climax_Momentum (0.0 BTC) | CLOSE | Vol_CoolDown & OBV_Drop
2026-02-12 19:52:49,903 [INFO] [SKIP] Strategy6_Climax_Momentum 目前空手，無法平倉
2026-02-12 19:52:49,904 [INFO] [SIGNAL] Strategy7_Mom_LowVolFilter (0.0 BTC) | CLOSE | Mom_Weak & Vol_Dead
2026-02-12 19:52:49,904 [INFO] [SKIP] Strategy7_Mom_LowVolFilter 目前空手，無法平倉
2026-02-12 19:52:49,905 [INFO] [SIGNAL] Strategy9_Mom_VROC_Shock (0.0 BTC) | CLOSE | Mom_Fade & Vol_Normal
2026-02-12 19:52:49,905 [INFO] [SKIP] Strategy9_Mom_VROC_Shock 目前空手，無法平倉
2026-02-12 19:52:49,906 [INFO] [SNAPSHOT] 交易所總持倉: 0.0 BTC | 現價: 67979.5
2026-02-12 19:52:49,906 [INFO] 本週期結束，等待下一次收盤...
2026-02-12 19:52:56,744 [WARNING] 停止運行
2026-02-12 21:57:14,145 [INFO] 設定檔載入成功: config.json
2026-02-12 21:57:14,837 [INFO] [BACKFILL] 正在檢查 BTCUSDT 數據完整性...
2026-02-12 21:57:14,842 [INFO] [BACKFILL] 上次收盤: 2026-02-12 13:00:00 | 現在時間: 2026-02-12 13:57:14.842000 | 缺少 K 線: 0 根
2026-02-12 21:57:14,842 [INFO] [BACKFILL] 開始回補 2 根 K 線...
2026-02-12 21:57:15,321 [INFO] [BACKFILL] 成功寫入 2 筆數據！斷層修復完成。
2026-02-12 21:57:15,322 [INFO] [BG-TASK] 開始更新外部數據...
2026-02-12 21:57:15,322 [INFO]  外部數據背景更新啟動
2026-02-12 21:57:15,323 [INFO] 載入外部數據源: ['fear_greed', 'google_trends', 'fred_macro', 'us_stock_qqq']
2026-02-12 21:57:15,325 [INFO] 策略已掛載: PriceVolume1
2026-02-12 21:57:15,325 [INFO] 策略已掛載: PriceVolume2
2026-02-12 21:57:15,325 [INFO] 策略已掛載: PriceVolume3
2026-02-12 21:57:15,325 [INFO] 策略已掛載: PriceVolume4
2026-02-12 21:57:15,326 [INFO] 策略已掛載: PriceVolume5
2026-02-12 21:57:15,326 [INFO] 策略已掛載: PriceVolume6
2026-02-12 21:57:15,326 [INFO] 策略已掛載: PriceVolume7
2026-02-12 21:57:15,326 [INFO] 策略已掛載: PriceVolume8
2026-02-12 21:57:15,327 [INFO] 策略已掛載: PriceVolume9
2026-02-12 21:57:15,327 [INFO] 策略已掛載: SentimentStrategyV3
2026-02-12 21:57:15,327 [INFO] 策略已掛載: SentimentStrategyV2
2026-02-12 21:57:15,327 [INFO] 策略已掛載: PriceVolume10
2026-02-12 21:57:15,328 [INFO] 策略已掛載: QQQ_price
2026-02-12 21:57:15,328 [INFO] 目前運行策略列表: ['Strategy1_MAD_BSR', 'Price_Volume2', 'Strategy3_MAD_OBV_Quantile', 'Strategy4_High_Momentum', 'Strategy5_HighVol_Momentum', 'Strategy6_Climax_Momentum', 'Strategy7_Mom_LowVolFilter', 'Strategy8_Vol_BuyPressure', 'Strategy9_Mom_VROC_Shock', 'Strategy11_Trend_ZScore', 'Strategy12_GnF_Yield_Ratio', 'Strategy10_Volume_Diff_Reversion', 'Strategy13_QQQ_Wavelet_Trend']
2026-02-12 21:57:15,328 [INFO]  [Mock Mode] 模擬執行器已啟動，所有訂單均為虛擬。
2026-02-12 21:57:18,338 [INFO] 監控 1h K 線...
2026-02-12 21:57:18,400 [INFO] [ETL] 處理新 K 線: 2026-02-12 12:00:00
2026-02-12 21:57:18,522 [INFO] [SIGNAL] Price_Volume2 (0.007355158540442339 BTC) | LONG | Entry: OBV(-939896.5)>MA & ATR>MA
2026-02-12 21:57:18,523 [INFO] [SKIP] Price_Volume2 已有持倉 0.007355158540442339，跳過開倉
2026-02-12 21:57:18,523 [INFO] [SIGNAL] Strategy3_MAD_OBV_Quantile (0.0 BTC) | CLOSE | MAD_CoolDown or OBV_Weak
2026-02-12 21:57:18,524 [INFO] [SKIP] Strategy3_MAD_OBV_Quantile 目前空手，無法平倉
2026-02-12 21:57:18,524 [INFO] [SIGNAL] Strategy4_High_Momentum (0.0 BTC) | CLOSE | Momentum_Collapsed
2026-02-12 21:57:18,525 [INFO] [SKIP] Strategy4_High_Momentum 目前空手，無法平倉
2026-02-12 21:57:18,525 [INFO] [SIGNAL] Strategy5_HighVol_Momentum (0.0 BTC) | CLOSE | Vol_Drop & Mom_Weak
2026-02-12 21:57:18,526 [INFO] [SKIP] Strategy5_HighVol_Momentum 目前空手，無法平倉
2026-02-12 21:57:18,526 [INFO] [SIGNAL] Strategy6_Climax_Momentum (0.0 BTC) | CLOSE | Vol_CoolDown & OBV_Drop
2026-02-12 21:57:18,526 [INFO] [SKIP] Strategy6_Climax_Momentum 目前空手，無法平倉
2026-02-12 21:57:18,526 [INFO] [SIGNAL] Strategy9_Mom_VROC_Shock (0.0 BTC) | CLOSE | Mom_Fade & Vol_Normal
2026-02-12 21:57:18,528 [INFO] [SKIP] Strategy9_Mom_VROC_Shock 目前空手，無法平倉
2026-02-12 21:57:18,528 [INFO] [SIGNAL] Strategy10_Volume_Diff_Reversion (0.007 BTC) | LONG | Vol_Trend_Dip & Non_US_Time
2026-02-12 21:57:18,529 [INFO] [SKIP] Strategy10_Volume_Diff_Reversion 已有持倉 0.007，跳過開倉
2026-02-12 21:57:18,529 [INFO] [SNAPSHOT] 交易所總持倉: 0.0 BTC | 現價: 68130.9
2026-02-12 21:57:18,529 [INFO] 本週期結束，等待下一次收盤...
2026-02-12 21:57:29,476 [WARNING] 停止運行
2026-02-12 21:58:17,615 [INFO] 設定檔載入成功: config.json
2026-02-12 21:58:18,269 [INFO] [BACKFILL] 正在檢查 BTCUSDT 數據完整性...
2026-02-12 21:58:18,274 [INFO] [BACKFILL] 上次收盤: 2026-02-12 13:00:00 | 現在時間: 2026-02-12 13:58:18.273000 | 缺少 K 線: 0 根
2026-02-12 21:58:18,274 [INFO] [BACKFILL] 開始回補 2 根 K 線...
2026-02-12 21:58:18,746 [INFO] [BACKFILL] 成功寫入 2 筆數據！斷層修復完成。
2026-02-12 21:58:18,747 [INFO] [BG-TASK] 開始更新外部數據...
2026-02-12 21:58:18,747 [INFO]  外部數據背景更新啟動
2026-02-12 21:58:18,748 [INFO] 載入外部數據源: ['fear_greed', 'google_trends', 'fred_macro', 'us_stock_qqq']
2026-02-12 21:58:18,750 [INFO] 策略已掛載: PriceVolume1
2026-02-12 21:58:18,750 [INFO] 策略已掛載: PriceVolume2
2026-02-12 21:58:18,751 [INFO] 策略已掛載: PriceVolume3
2026-02-12 21:58:18,751 [INFO] 策略已掛載: PriceVolume4
2026-02-12 21:58:18,751 [INFO] 策略已掛載: PriceVolume5
2026-02-12 21:58:18,751 [INFO] 策略已掛載: PriceVolume6
2026-02-12 21:58:18,751 [INFO] 策略已掛載: PriceVolume7
2026-02-12 21:58:18,752 [INFO] 策略已掛載: PriceVolume8
2026-02-12 21:58:18,752 [INFO] 策略已掛載: PriceVolume9
2026-02-12 21:58:18,752 [INFO] 策略已掛載: SentimentStrategyV3
2026-02-12 21:58:18,753 [INFO] 策略已掛載: SentimentStrategyV2
2026-02-12 21:58:18,753 [INFO] 策略已掛載: PriceVolume10
2026-02-12 21:58:18,753 [INFO] 策略已掛載: QQQ_price
2026-02-12 21:58:18,753 [INFO] 目前運行策略列表: ['Strategy1_MAD_BSR', 'Price_Volume2', 'Strategy3_MAD_OBV_Quantile', 'Strategy4_High_Momentum', 'Strategy5_HighVol_Momentum', 'Strategy6_Climax_Momentum', 'Strategy7_Mom_LowVolFilter', 'Strategy8_Vol_BuyPressure', 'Strategy9_Mom_VROC_Shock', 'Strategy11_Trend_ZScore', 'Strategy12_GnF_Yield_Ratio', 'Strategy10_Volume_Diff_Reversion', 'Strategy13_QQQ_Wavelet_Trend']
2026-02-12 21:58:18,753 [INFO]  [Mock Mode] 模擬執行器已啟動，所有訂單均為虛擬。
2026-02-12 21:58:20,982 [INFO] 監控 1h K 線...
2026-02-12 21:58:21,062 [INFO] [ETL] 處理新 K 線: 2026-02-12 12:00:00
2026-02-12 21:58:21,192 [INFO] [SIGNAL] Price_Volume2 (0.007355158540442339 BTC) | LONG | Entry: OBV(-939856.2)>MA & ATR>MA
2026-02-12 21:58:21,193 [INFO] [SKIP] Price_Volume2 已有持倉 0.007355158540442339，跳過開倉
2026-02-12 21:58:21,194 [INFO] [SIGNAL] Strategy3_MAD_OBV_Quantile (0.0 BTC) | CLOSE | MAD_CoolDown or OBV_Weak
2026-02-12 21:58:21,194 [INFO] [SKIP] Strategy3_MAD_OBV_Quantile 目前空手，無法平倉
2026-02-12 21:58:21,195 [INFO] [SIGNAL] Strategy4_High_Momentum (0.0 BTC) | CLOSE | Momentum_Collapsed
2026-02-12 21:58:21,195 [INFO] [SKIP] Strategy4_High_Momentum 目前空手，無法平倉
2026-02-12 21:58:21,195 [INFO] [SIGNAL] Strategy5_HighVol_Momentum (0.0 BTC) | CLOSE | Vol_Drop & Mom_Weak
2026-02-12 21:58:21,196 [INFO] [SKIP] Strategy5_HighVol_Momentum 目前空手，無法平倉
2026-02-12 21:58:21,196 [INFO] [SIGNAL] Strategy6_Climax_Momentum (0.0 BTC) | CLOSE | Vol_CoolDown & OBV_Drop
2026-02-12 21:58:21,197 [INFO] [SKIP] Strategy6_Climax_Momentum 目前空手，無法平倉
2026-02-12 21:58:21,197 [INFO] [SIGNAL] Strategy9_Mom_VROC_Shock (0.0 BTC) | CLOSE | Mom_Fade & Vol_Normal
2026-02-12 21:58:21,198 [INFO] [SKIP] Strategy9_Mom_VROC_Shock 目前空手，無法平倉
2026-02-12 21:58:21,198 [INFO] [SIGNAL] Strategy10_Volume_Diff_Reversion (0.007 BTC) | LONG | Vol_Trend_Dip & Non_US_Time
2026-02-12 21:58:21,198 [INFO] [SKIP] Strategy10_Volume_Diff_Reversion 已有持倉 0.007，跳過開倉
2026-02-12 21:58:21,199 [INFO] [SNAPSHOT] 交易所總持倉: 0.0 BTC | 現價: 68295.9
2026-02-12 21:58:21,199 [INFO] 本週期結束，等待下一次收盤...
2026-02-12 21:58:36,240 [WARNING] 停止運行
2026-02-12 22:03:16,700 [INFO] 設定檔載入成功: config.json
2026-02-12 22:03:17,429 [INFO] [BACKFILL] 正在檢查 BTCUSDT 數據完整性...
2026-02-12 22:03:17,434 [INFO] [BACKFILL] 上次收盤: 2026-02-12 13:00:00 | 現在時間: 2026-02-12 14:03:17.433000 | 缺少 K 線: 1 根
2026-02-12 22:03:17,434 [INFO] [BACKFILL] 開始回補 3 根 K 線...
2026-02-12 22:03:17,844 [INFO] [BACKFILL] 成功寫入 3 筆數據！斷層修復完成。
2026-02-12 22:03:17,845 [INFO] [BG-TASK] 開始更新外部數據...
2026-02-12 22:03:17,846 [INFO]  外部數據背景更新啟動
2026-02-12 22:03:17,846 [INFO] 載入外部數據源: ['fear_greed', 'google_trends', 'fred_macro', 'us_stock_qqq']
2026-02-12 22:03:17,847 [INFO] 策略已掛載: PriceVolume1
2026-02-12 22:03:17,848 [INFO] 策略已掛載: PriceVolume2
2026-02-12 22:03:17,848 [INFO] 策略已掛載: PriceVolume3
2026-02-12 22:03:17,848 [INFO] 策略已掛載: PriceVolume4
2026-02-12 22:03:17,849 [INFO] 策略已掛載: PriceVolume5
2026-02-12 22:03:17,849 [INFO] 策略已掛載: PriceVolume6
2026-02-12 22:03:17,849 [INFO] 策略已掛載: PriceVolume7
2026-02-12 22:03:17,849 [INFO] 策略已掛載: PriceVolume8
2026-02-12 22:03:17,851 [INFO] 策略已掛載: PriceVolume9
2026-02-12 22:03:17,851 [INFO] 策略已掛載: SentimentStrategyV3
2026-02-12 22:03:17,851 [INFO] 策略已掛載: SentimentStrategyV2
2026-02-12 22:03:17,852 [INFO] 策略已掛載: PriceVolume10
2026-02-12 22:03:17,852 [INFO] 策略已掛載: QQQ_price
2026-02-12 22:03:17,852 [INFO] 目前運行策略列表: ['Strategy1_MAD_BSR', 'Price_Volume2', 'Strategy3_MAD_OBV_Quantile', 'Strategy4_High_Momentum', 'Strategy5_HighVol_Momentum', 'Strategy6_Climax_Momentum', 'Strategy7_Mom_LowVolFilter', 'Strategy8_Vol_BuyPressure', 'Strategy9_Mom_VROC_Shock', 'Strategy11_Trend_ZScore', 'Strategy12_GnF_Yield_Ratio', 'Strategy10_Volume_Diff_Reversion', 'Strategy13_QQQ_Wavelet_Trend']
2026-02-12 22:03:17,852 [INFO]  [Mock Mode] 模擬執行器已啟動，所有訂單均為虛擬。
2026-02-12 22:03:19,781 [INFO] 監控 1h K 線...
2026-02-12 22:03:19,840 [INFO] [ETL] 處理新 K 線: 2026-02-12 13:00:00
2026-02-12 22:03:19,975 [INFO] [SIGNAL] Strategy1_MAD_BSR (0.0 BTC) | CLOSE | MAD or BS fell below Threshold
2026-02-12 22:03:19,976 [INFO] [SKIP] Strategy1_MAD_BSR 目前空手，無法平倉
2026-02-12 22:03:19,976 [INFO] [SIGNAL] Price_Volume2 (0.007355158540442339 BTC) | CLOSE | Exit: OBV(-950372.2)<MA or ATR<MA
2026-02-12 22:03:19,977 [INFO]  [Mock] 收到訂單: SELL 0.007355158540442339 BTCUSDT
2026-02-12 22:03:20,178 [INFO] [Price_Volume2] 訂單已發送 ID: 78717c03
2026-02-12 22:03:23,180 [INFO]  [DB] 交易已儲存: CLOSE 0.007355158540442339 BTCUSDT
2026-02-12 22:03:25,397 [INFO] [VERIFIED] 成交確認 | 均價: 67995.7
2026-02-12 22:03:25,397 [INFO] [SIGNAL] Strategy3_MAD_OBV_Quantile (0.0 BTC) | CLOSE | MAD_CoolDown or OBV_Weak
2026-02-12 22:03:25,399 [INFO] [SKIP] Strategy3_MAD_OBV_Quantile 目前空手，無法平倉
2026-02-12 22:03:25,399 [INFO] [SIGNAL] Strategy4_High_Momentum (0.0 BTC) | CLOSE | Momentum_Collapsed
2026-02-12 22:03:25,400 [INFO] [SKIP] Strategy4_High_Momentum 目前空手，無法平倉
2026-02-12 22:03:25,400 [INFO] [SIGNAL] Strategy5_HighVol_Momentum (0.0 BTC) | CLOSE | Vol_Drop & Mom_Weak
2026-02-12 22:03:25,401 [INFO] [SKIP] Strategy5_HighVol_Momentum 目前空手，無法平倉
2026-02-12 22:03:25,401 [INFO] [SIGNAL] Strategy6_Climax_Momentum (0.0 BTC) | CLOSE | Vol_CoolDown & OBV_Drop
2026-02-12 22:03:25,402 [INFO] [SKIP] Strategy6_Climax_Momentum 目前空手，無法平倉
2026-02-12 22:03:25,403 [INFO] [SIGNAL] Strategy8_Vol_BuyPressure (0.0 BTC) | CLOSE | Vol_Cool & Buy_Weak
2026-02-12 22:03:25,404 [INFO] [SKIP] Strategy8_Vol_BuyPressure 目前空手，無法平倉
2026-02-12 22:03:25,404 [INFO] [SIGNAL] Strategy9_Mom_VROC_Shock (0.0 BTC) | CLOSE | Mom_Fade & Vol_Normal
2026-02-12 22:03:25,405 [INFO] [SKIP] Strategy9_Mom_VROC_Shock 目前空手，無法平倉
2026-02-12 22:03:25,405 [INFO] [SIGNAL] Strategy12_GnF_Yield_Ratio (0.0 BTC) | CLOSE | GnF_Drop or Yield_Drop
2026-02-12 22:03:25,409 [INFO] [SKIP] Strategy12_GnF_Yield_Ratio 目前空手，無法平倉
2026-02-12 22:03:25,409 [INFO] [SNAPSHOT] 交易所總持倉: 0 BTC | 現價: 67995.7
2026-02-12 22:03:25,410 [INFO] 本週期結束，等待下一次收盤...
2026-02-12 22:03:34,027 [WARNING] 停止運行
2026-02-13 21:46:35,895 [INFO] 設定檔載入成功: config.json
2026-02-13 21:46:36,589 [INFO] [BACKFILL] 正在檢查 BTCUSDT 數據完整性...
2026-02-13 21:46:36,593 [INFO] [BACKFILL] 上次收盤: 2026-02-12 14:00:00 | 現在時間: 2026-02-13 13:46:36.593000 | 缺少 K 線: 23 根
2026-02-13 21:46:36,593 [INFO] [BACKFILL] 開始回補 25 根 K 線...
2026-02-13 21:46:37,079 [INFO] [BACKFILL] 成功寫入 25 筆數據！斷層修復完成。
2026-02-13 21:46:37,080 [INFO] [BG-TASK] 開始更新外部數據...
2026-02-13 21:46:37,080 [INFO]  外部數據背景更新啟動
2026-02-13 21:46:37,081 [INFO] 載入外部數據源: ['fear_greed', 'google_trends', 'fred_macro', 'us_stock_qqq']
2026-02-13 21:46:37,082 [INFO] 策略已掛載: PriceVolume1
2026-02-13 21:46:37,083 [INFO] 策略已掛載: PriceVolume2
2026-02-13 21:46:37,083 [INFO] 策略已掛載: PriceVolume3
2026-02-13 21:46:37,083 [INFO] 策略已掛載: PriceVolume4
2026-02-13 21:46:37,083 [INFO] 策略已掛載: PriceVolume5
2026-02-13 21:46:37,084 [INFO] 策略已掛載: PriceVolume6
2026-02-13 21:46:37,084 [INFO] 策略已掛載: PriceVolume7
2026-02-13 21:46:37,084 [INFO] 策略已掛載: PriceVolume8
2026-02-13 21:46:37,085 [INFO] 策略已掛載: PriceVolume9
2026-02-13 21:46:37,085 [INFO] 策略已掛載: SentimentStrategyV3
2026-02-13 21:46:37,085 [INFO] 策略已掛載: SentimentStrategyV2
2026-02-13 21:46:37,085 [INFO] 策略已掛載: PriceVolume10
2026-02-13 21:46:37,086 [INFO] 策略已掛載: QQQ_price
2026-02-13 21:46:37,086 [INFO] 目前運行策略列表: ['Strategy1_MAD_BSR', 'Price_Volume2', 'Strategy3_MAD_OBV_Quantile', 'Strategy4_High_Momentum', 'Strategy5_HighVol_Momentum', 'Strategy6_Climax_Momentum', 'Strategy7_Mom_LowVolFilter', 'Strategy8_Vol_BuyPressure', 'Strategy9_Mom_VROC_Shock', 'Strategy11_Trend_ZScore', 'Strategy12_GnF_Yield_Ratio', 'Strategy10_Volume_Diff_Reversion', 'Strategy13_QQQ_Wavelet_Trend']
2026-02-13 21:46:37,086 [INFO]  [Mock Mode] 模擬執行器已啟動，所有訂單均為虛擬。
2026-02-13 21:46:38,681 [INFO] 監控 1h K 線...
2026-02-13 21:46:38,743 [INFO] [ETL] 處理新 K 線: 2026-02-13 12:00:00
2026-02-13 21:46:38,761 [ERROR] 特徵計算失敗 mad_close_10_v1: 10
2026-02-13 21:46:38,763 [ERROR] 特徵計算失敗 bs_ratio_v1: Index(...) must be called with a collection of some kind, 'open_time' was passed
2026-02-13 21:46:38,763 [WARNING] [FeatureStore] 無法解析特徵 ID: mad_quantile_10_25_0.8_v1 (請檢查拼寫或定義)
2026-02-13 21:46:38,764 [WARNING] [FeatureStore] 無法解析特徵 ID: bs_quantile_25_0.9_v1 (請檢查拼寫或定義)
2026-02-13 21:46:42,108 [ERROR] 特徵計算失敗 is_us_trade_time_v1: Index(...) must be called with a collection of some kind, 'open_time' was passed
2026-02-13 21:46:42,110 [ERROR] 特徵計算失敗 custom_atr_16_v1: Index(...) must be called with a collection of some kind, 'open_time' was passed
2026-02-13 21:46:42,112 [ERROR] 特徵計算失敗 smooth_obv_20_v1: Index(...) must be called with a collection of some kind, 'open_time' was passed
2026-02-13 21:46:42,114 [ERROR] 特徵計算失敗 custom_atr_ma_16_30_v1: Index(...) must be called with a collection of some kind, 'open_time' was passed
2026-02-13 21:46:42,115 [ERROR] 特徵計算失敗 smooth_obv_ma_20_5_v1: Index(...) must be called with a collection of some kind, 'open_time' was passed
2026-02-13 21:46:42,116 [ERROR] 特徵計算失敗 mad_close_10_v1: 10
2026-02-13 21:46:42,118 [ERROR] 特徵計算失敗 smooth_obv_20_v1: Index(...) must be called with a collection of some kind, 'open_time' was passed
2026-02-13 21:46:42,118 [WARNING] [FeatureStore] 無法解析特徵 ID: mad_quantile_10_90_0.9_v1 (請檢查拼寫或定義)
2026-02-13 21:46:42,119 [WARNING] [FeatureStore] 無法解析特徵 ID: smooth_obv_quantile_20_90_0.3_v1 (請檢查拼寫或定義)
2026-02-13 21:46:42,121 [ERROR] 特徵計算失敗 vroc_10_v1: Index(...) must be called with a collection of some kind, 'open_time' was passed
2026-02-13 21:46:42,123 [ERROR] 特徵計算失敗 smooth_obv_20_v1: Index(...) must be called with a collection of some kind, 'open_time' was passed
2026-02-13 21:46:42,123 [WARNING] [FeatureStore] 無法解析特徵 ID: smooth_obv_quantile_20_250_0.8_v1 (請檢查拼寫或定義)
2026-02-13 21:46:42,124 [WARNING] [FeatureStore] 無法解析特徵 ID: vroc_quantile_10_250_0.8_v1 (請檢查拼寫或定義)
2026-02-13 21:46:42,126 [ERROR] 特徵計算失敗 custom_atr_16_v1: Index(...) must be called with a collection of some kind, 'open_time' was passed
2026-02-13 21:46:42,126 [WARNING] [FeatureStore] 無法解析特徵 ID: smooth_mom_10_5_v1 (請檢查拼寫或定義)
2026-02-13 21:46:42,127 [WARNING] [FeatureStore] 無法解析特徵 ID: custom_atr_quantile_16_25_0.9_v1 (請檢查拼寫或定義)
2026-02-13 21:46:42,128 [WARNING] [FeatureStore] 無法解析特徵 ID: smooth_mom_quantile_10_5_25_0.7_v1 (請檢查拼寫或定義)
2026-02-13 21:46:42,130 [ERROR] 特徵計算失敗 custom_atr_16_v1: Index(...) must be called with a collection of some kind, 'open_time' was passed
2026-02-13 21:46:42,132 [ERROR] 特徵計算失敗 smooth_obv_20_v1: Index(...) must be called with a collection of some kind, 'open_time' was passed
2026-02-13 21:46:42,133 [WARNING] [FeatureStore] 無法解析特徵 ID: custom_atr_quantile_16_30_0.9_v1 (請檢查拼寫或定義)
2026-02-13 21:46:42,133 [WARNING] [FeatureStore] 無法解析特徵 ID: smooth_obv_quantile_20_30_0.9_v1 (請檢查拼寫或定義)
2026-02-13 21:46:42,134 [WARNING] [FeatureStore] 無法解析特徵 ID: smooth_mom_10_5_v1 (請檢查拼寫或定義)
2026-02-13 21:46:42,135 [ERROR] 特徵計算失敗 mad_close_10_v1: 10
2026-02-13 21:46:42,135 [WARNING] [FeatureStore] 無法解析特徵 ID: smooth_mom_quantile_10_5_25_0.7_v1 (請檢查拼寫或定義)
2026-02-13 21:46:42,135 [WARNING] [FeatureStore] 無法解析特徵 ID: mad_quantile_10_25_0.1_v1 (請檢查拼寫或定義)
2026-02-13 21:46:42,136 [ERROR] 特徵計算失敗 mad_close_10_v1: 10
2026-02-13 21:46:42,138 [ERROR] 特徵計算失敗 bs_ratio_v1: Index(...) must be called with a collection of some kind, 'open_time' was passed
2026-02-13 21:46:42,138 [WARNING] [FeatureStore] 無法解析特徵 ID: mad_quantile_10_30_0.7_v1 (請檢查拼寫或定義)
2026-02-13 21:46:42,138 [WARNING] [FeatureStore] 無法解析特徵 ID: bs_quantile_30_0.9_v1 (請檢查拼寫或定義)
2026-02-13 21:46:42,139 [WARNING] [FeatureStore] 無法解析特徵 ID: smooth_mom_10_5_v1 (請檢查拼寫或定義)
2026-02-13 21:46:42,141 [ERROR] 特徵計算失敗 vroc_10_v1: Index(...) must be called with a collection of some kind, 'open_time' was passed
2026-02-13 21:46:42,141 [WARNING] [FeatureStore] 無法解析特徵 ID: smooth_mom_quantile_10_5_90_0.8_v1 (請檢查拼寫或定義)
2026-02-13 21:46:42,141 [WARNING] [FeatureStore] 無法解析特徵 ID: vroc_quantile_10_90_0.9_v1 (請檢查拼寫或定義)
2026-02-13 21:46:42,143 [WARNING] [FeatureStore] 無法解析特徵 ID: google_trends_raw_google_trends_BTC_v1 (請檢查拼寫或定義)
2026-02-13 21:46:42,143 [WARNING] [FeatureStore] 無法解析特徵 ID: google_trends_raw_google_trends_crypto_v1 (請檢查拼寫或定義)
2026-02-13 21:46:42,144 [WARNING] [FeatureStore] 無法解析特徵 ID: zscore_close_100_v1 (請檢查拼寫或定義)
2026-02-13 21:46:42,145 [WARNING] [FeatureStore] 無法解析特徵 ID: zscore_quantile_100_1000_0.7_v1 (請檢查拼寫或定義)
2026-02-13 21:46:42,147 [ERROR] 特徵計算失敗 fear_greed_raw_v1: 'open_time' is both an index level and a column label, which is ambiguous.
2026-02-13 21:46:42,148 [WARNING] [FeatureStore] 無法解析特徵 ID: macro_raw_yield_10y_v1 (請檢查拼寫或定義)
2026-02-13 21:46:42,154 [WARNING] [FeatureStore] 無法解析特徵 ID: vol_sma_diff_15_v1 (請檢查拼寫或定義)
2026-02-13 21:46:42,155 [WARNING] [FeatureStore] 無法解析特徵 ID: vol_sma_diff_quantile_15_60_0.8_v1 (請檢查拼寫或定義)
2026-02-13 21:46:42,155 [WARNING] [FeatureStore] 無法解析特徵 ID: vol_sma_diff_quantile_15_100_0.2_v1 (請檢查拼寫或定義)
2026-02-13 21:46:42,166 [ERROR] 特徵計算失敗 is_us_trade_time_v1: Index(...) must be called with a collection of some kind, 'open_time' was passed
2026-02-13 21:46:42,167 [WARNING] [FeatureStore] 無法解析特徵 ID: wavelet_us_stock_qqq_120_A_mean_v1 (請檢查拼寫或定義)
2026-02-13 21:46:42,170 [INFO] [SNAPSHOT] 交易所總持倉: 0.0 BTC | 現價: 67178.6
2026-02-13 21:46:42,170 [INFO] 本週期結束，等待下一次收盤...
2026-02-13 21:46:45,525 [WARNING] 停止運行
2026-02-13 22:17:55,003 [INFO] 設定檔載入成功: config.json
2026-02-13 22:17:55,667 [INFO] [BACKFILL] 正在檢查 BTCUSDT 數據完整性...
2026-02-13 22:17:55,673 [INFO] [BACKFILL] 上次收盤: 2026-02-13 13:00:00 | 現在時間: 2026-02-13 14:17:55.673000 | 缺少 K 線: 1 根
2026-02-13 22:17:55,673 [INFO] [BACKFILL] 開始回補 3 根 K 線...
2026-02-13 22:17:56,080 [INFO] [BACKFILL] 成功寫入 3 筆數據！斷層修復完成。
2026-02-13 22:17:56,081 [INFO] [BG-TASK] 開始更新外部數據...
2026-02-13 22:17:56,081 [INFO]  外部數據背景更新啟動
2026-02-13 22:17:56,082 [INFO] 載入外部數據源: ['fear_greed', 'google_trends', 'fred_macro', 'us_stock_qqq']
2026-02-13 22:17:56,083 [INFO] 策略已掛載: PriceVolume1
2026-02-13 22:17:56,084 [INFO] 策略已掛載: PriceVolume2
2026-02-13 22:17:56,084 [INFO] 策略已掛載: PriceVolume3
2026-02-13 22:17:56,084 [INFO] 策略已掛載: PriceVolume4
2026-02-13 22:17:56,085 [INFO] 策略已掛載: PriceVolume5
2026-02-13 22:17:56,085 [INFO] 策略已掛載: PriceVolume6
2026-02-13 22:17:56,086 [INFO] 策略已掛載: PriceVolume7
2026-02-13 22:17:56,086 [INFO] 策略已掛載: PriceVolume8
2026-02-13 22:17:56,086 [INFO] 策略已掛載: PriceVolume9
2026-02-13 22:17:56,086 [INFO] 策略已掛載: SentimentStrategyV3
2026-02-13 22:17:56,088 [INFO] 策略已掛載: SentimentStrategyV2
2026-02-13 22:17:56,088 [INFO] 策略已掛載: PriceVolume10
2026-02-13 22:17:56,089 [INFO] 策略已掛載: QQQ_price
2026-02-13 22:17:56,089 [INFO] 目前運行策略列表: ['Strategy1_MAD_BSR', 'Price_Volume2', 'Strategy3_MAD_OBV_Quantile', 'Strategy4_High_Momentum', 'Strategy5_HighVol_Momentum', 'Strategy6_Climax_Momentum', 'Strategy7_Mom_LowVolFilter', 'Strategy8_Vol_BuyPressure', 'Strategy9_Mom_VROC_Shock', 'Strategy11_Trend_ZScore', 'Strategy12_GnF_Yield_Ratio', 'Strategy10_Volume_Diff_Reversion', 'Strategy13_QQQ_Wavelet_Trend']
2026-02-13 22:17:56,089 [INFO]  [Mock Mode] 模擬執行器已啟動，所有訂單均為虛擬。
2026-02-13 22:17:58,153 [INFO] 監控 1h K 線...
2026-02-13 22:17:58,211 [INFO] [ETL] 處理新 K 線: 2026-02-13 13:00:00
2026-02-13 22:17:58,232 [ERROR] 特徵計算失敗 mad_close_10_v1: Index(...) must be called with a collection of some kind, 'open_time' was passed
2026-02-13 22:17:58,233 [ERROR] 特徵計算失敗 bs_ratio_v1: Index(...) must be called with a collection of some kind, 'open_time' was passed
2026-02-13 22:17:58,237 [ERROR] 特徵計算失敗 mad_quantile_10_25_0.8_v1: Index(...) must be called with a collection of some kind, 'open_time' was passed
2026-02-13 22:17:58,240 [ERROR] 特徵計算失敗 bs_quantile_25_0.9_v1: Index(...) must be called with a collection of some kind, 'open_time' was passed
2026-02-13 22:17:59,735 [ERROR] 特徵計算失敗 is_us_trade_time_v1: 'numpy.ndarray' object has no attribute 'empty'
2026-02-13 22:17:59,737 [ERROR] 特徵計算失敗 custom_atr_16_v1: Index(...) must be called with a collection of some kind, 'open_time' was passed
2026-02-13 22:17:59,740 [ERROR] 特徵計算失敗 smooth_obv_20_v1: Index(...) must be called with a collection of some kind, 'open_time' was passed
2026-02-13 22:17:59,742 [ERROR] 特徵計算失敗 custom_atr_ma_16_30_v1: Index(...) must be called with a collection of some kind, 'open_time' was passed
2026-02-13 22:17:59,744 [ERROR] 特徵計算失敗 smooth_obv_ma_20_5_v1: Index(...) must be called with a collection of some kind, 'open_time' was passed
2026-02-13 22:17:59,745 [ERROR] 特徵計算失敗 mad_close_10_v1: Index(...) must be called with a collection of some kind, 'open_time' was passed
2026-02-13 22:17:59,747 [ERROR] 特徵計算失敗 smooth_obv_20_v1: Index(...) must be called with a collection of some kind, 'open_time' was passed
2026-02-13 22:17:59,749 [ERROR] 特徵計算失敗 mad_quantile_10_90_0.9_v1: Index(...) must be called with a collection of some kind, 'open_time' was passed
2026-02-13 22:17:59,751 [ERROR] 特徵計算失敗 smooth_obv_quantile_20_90_0.3_v1: Index(...) must be called with a collection of some kind, 'open_time' was passed
2026-02-13 22:17:59,754 [ERROR] 特徵計算失敗 vroc_10_v1: Index(...) must be called with a collection of some kind, 'open_time' was passed
2026-02-13 22:17:59,756 [ERROR] 特徵計算失敗 smooth_obv_20_v1: Index(...) must be called with a collection of some kind, 'open_time' was passed
2026-02-13 22:17:59,758 [ERROR] 特徵計算失敗 smooth_obv_quantile_20_250_0.8_v1: Index(...) must be called with a collection of some kind, 'open_time' was passed
2026-02-13 22:17:59,761 [ERROR] 特徵計算失敗 vroc_quantile_10_250_0.8_v1: Index(...) must be called with a collection of some kind, 'open_time' was passed
2026-02-13 22:17:59,763 [ERROR] 特徵計算失敗 custom_atr_16_v1: Index(...) must be called with a collection of some kind, 'open_time' was passed
2026-02-13 22:17:59,764 [ERROR] 特徵計算失敗 smooth_mom_10_5_v1: Index(...) must be called with a collection of some kind, 'open_time' was passed
2026-02-13 22:17:59,767 [ERROR] 特徵計算失敗 custom_atr_quantile_16_25_0.9_v1: Index(...) must be called with a collection of some kind, 'open_time' was passed
2026-02-13 22:17:59,769 [ERROR] 特徵計算失敗 smooth_mom_quantile_10_5_25_0.7_v1: Index(...) must be called with a collection of some kind, 'open_time' was passed
2026-02-13 22:17:59,771 [ERROR] 特徵計算失敗 custom_atr_16_v1: Index(...) must be called with a collection of some kind, 'open_time' was passed
2026-02-13 22:17:59,772 [ERROR] 特徵計算失敗 smooth_obv_20_v1: Index(...) must be called with a collection of some kind, 'open_time' was passed
2026-02-13 22:17:59,774 [ERROR] 特徵計算失敗 custom_atr_quantile_16_30_0.9_v1: Index(...) must be called with a collection of some kind, 'open_time' was passed
2026-02-13 22:17:59,776 [ERROR] 特徵計算失敗 smooth_obv_quantile_20_30_0.9_v1: Index(...) must be called with a collection of some kind, 'open_time' was passed
2026-02-13 22:17:59,778 [ERROR] 特徵計算失敗 smooth_mom_10_5_v1: Index(...) must be called with a collection of some kind, 'open_time' was passed
2026-02-13 22:17:59,780 [ERROR] 特徵計算失敗 mad_close_10_v1: Index(...) must be called with a collection of some kind, 'open_time' was passed
2026-02-13 22:17:59,784 [ERROR] 特徵計算失敗 smooth_mom_quantile_10_5_25_0.7_v1: Index(...) must be called with a collection of some kind, 'open_time' was passed
2026-02-13 22:17:59,786 [ERROR] 特徵計算失敗 mad_quantile_10_25_0.1_v1: Index(...) must be called with a collection of some kind, 'open_time' was passed
2026-02-13 22:17:59,788 [ERROR] 特徵計算失敗 mad_close_10_v1: Index(...) must be called with a collection of some kind, 'open_time' was passed
2026-02-13 22:17:59,789 [ERROR] 特徵計算失敗 bs_ratio_v1: Index(...) must be called with a collection of some kind, 'open_time' was passed
2026-02-13 22:17:59,791 [ERROR] 特徵計算失敗 mad_quantile_10_30_0.7_v1: Index(...) must be called with a collection of some kind, 'open_time' was passed
2026-02-13 22:17:59,793 [ERROR] 特徵計算失敗 bs_quantile_30_0.9_v1: Index(...) must be called with a collection of some kind, 'open_time' was passed
2026-02-13 22:17:59,795 [ERROR] 特徵計算失敗 smooth_mom_10_5_v1: Index(...) must be called with a collection of some kind, 'open_time' was passed
2026-02-13 22:17:59,796 [ERROR] 特徵計算失敗 vroc_10_v1: Index(...) must be called with a collection of some kind, 'open_time' was passed
2026-02-13 22:17:59,798 [ERROR] 特徵計算失敗 smooth_mom_quantile_10_5_90_0.8_v1: Index(...) must be called with a collection of some kind, 'open_time' was passed
2026-02-13 22:17:59,800 [ERROR] 特徵計算失敗 vroc_quantile_10_90_0.9_v1: Index(...) must be called with a collection of some kind, 'open_time' was passed
2026-02-13 22:17:59,802 [ERROR] 特徵計算失敗 google_trends_raw_google_trends_BTC_v1: 'open_time' is both an index level and a column label, which is ambiguous.
2026-02-13 22:17:59,805 [ERROR] 特徵計算失敗 google_trends_raw_google_trends_crypto_v1: 'open_time' is both an index level and a column label, which is ambiguous.
2026-02-13 22:17:59,807 [ERROR] 特徵計算失敗 zscore_close_100_v1: Index(...) must be called with a collection of some kind, 'open_time' was passed
2026-02-13 22:17:59,811 [ERROR] 特徵計算失敗 zscore_quantile_100_1000_0.7_v1: Index(...) must be called with a collection of some kind, 'open_time' was passed
2026-02-13 22:17:59,815 [ERROR] 特徵計算失敗 fear_greed_raw_v1: 'open_time' is both an index level and a column label, which is ambiguous.
2026-02-13 22:17:59,818 [ERROR] 特徵計算失敗 macro_raw_yield_10y_v1: 'open_time' is both an index level and a column label, which is ambiguous.
2026-02-13 22:17:59,828 [ERROR] 特徵計算失敗 vol_sma_diff_15_v1: Index(...) must be called with a collection of some kind, 'open_time' was passed
2026-02-13 22:17:59,830 [ERROR] 特徵計算失敗 vol_sma_diff_quantile_15_60_0.8_v1: Index(...) must be called with a collection of some kind, 'open_time' was passed
2026-02-13 22:17:59,833 [ERROR] 特徵計算失敗 vol_sma_diff_quantile_15_100_0.2_v1: Index(...) must be called with a collection of some kind, 'open_time' was passed
2026-02-13 22:17:59,922 [ERROR] 特徵計算失敗 is_us_trade_time_v1: 'numpy.ndarray' object has no attribute 'empty'
2026-02-13 22:17:59,940 [ERROR] 特徵計算失敗 wavelet_us_stock_qqq_120_A_mean_v1: 'open_time' is both an index level and a column label, which is ambiguous.
2026-02-13 22:17:59,952 [INFO] [SNAPSHOT] 交易所總持倉: 0.0 BTC | 現價: 67272.5
2026-02-13 22:17:59,952 [INFO] 本週期結束，等待下一次收盤...
2026-02-13 22:21:20,989 [WARNING] 停止運行
2026-02-13 22:21:22,894 [INFO] 設定檔載入成功: config.json
2026-02-13 22:21:23,527 [INFO] [BACKFILL] 正在檢查 BTCUSDT 數據完整性...
2026-02-13 22:21:23,531 [INFO] [BACKFILL] 上次收盤: 2026-02-13 14:00:00 | 現在時間: 2026-02-13 14:21:23.531000 | 缺少 K 線: 0 根
2026-02-13 22:21:23,531 [INFO] [BACKFILL] 開始回補 2 根 K 線...
2026-02-13 22:21:23,970 [INFO] [BACKFILL] 成功寫入 2 筆數據！斷層修復完成。
2026-02-13 22:21:23,972 [INFO] [BG-TASK] 開始更新外部數據...
2026-02-13 22:21:23,972 [INFO]  外部數據背景更新啟動
2026-02-13 22:21:23,972 [INFO] 載入外部數據源: ['fear_greed', 'google_trends', 'fred_macro', 'us_stock_qqq']
2026-02-13 22:21:23,975 [INFO] 策略已掛載: PriceVolume1
2026-02-13 22:21:23,975 [INFO] 策略已掛載: PriceVolume2
2026-02-13 22:21:23,976 [INFO] 策略已掛載: PriceVolume3
2026-02-13 22:21:23,976 [INFO] 策略已掛載: PriceVolume4
2026-02-13 22:21:23,977 [INFO] 策略已掛載: PriceVolume5
2026-02-13 22:21:23,977 [INFO] 策略已掛載: PriceVolume6
2026-02-13 22:21:23,977 [INFO] 策略已掛載: PriceVolume7
2026-02-13 22:21:23,977 [INFO] 策略已掛載: PriceVolume8
2026-02-13 22:21:23,978 [INFO] 策略已掛載: PriceVolume9
2026-02-13 22:21:23,978 [INFO] 策略已掛載: SentimentStrategyV3
2026-02-13 22:21:23,978 [INFO] 策略已掛載: SentimentStrategyV2
2026-02-13 22:21:23,979 [INFO] 策略已掛載: PriceVolume10
2026-02-13 22:21:23,979 [INFO] 策略已掛載: QQQ_price
2026-02-13 22:21:23,979 [INFO] 目前運行策略列表: ['Strategy1_MAD_BSR', 'Price_Volume2', 'Strategy3_MAD_OBV_Quantile', 'Strategy4_High_Momentum', 'Strategy5_HighVol_Momentum', 'Strategy6_Climax_Momentum', 'Strategy7_Mom_LowVolFilter', 'Strategy8_Vol_BuyPressure', 'Strategy9_Mom_VROC_Shock', 'Strategy11_Trend_ZScore', 'Strategy12_GnF_Yield_Ratio', 'Strategy10_Volume_Diff_Reversion', 'Strategy13_QQQ_Wavelet_Trend']
2026-02-13 22:21:23,979 [INFO]  [Mock Mode] 模擬執行器已啟動，所有訂單均為虛擬。
2026-02-13 22:21:26,322 [INFO] 監控 1h K 線...
2026-02-13 22:21:26,389 [INFO] [ETL] 處理新 K 線: 2026-02-13 13:00:00
2026-02-13 22:21:26,405 [ERROR] 特徵計算失敗 mad_close_10_v1: 'open_time' is both an index level and a column label, which is ambiguous.
2026-02-13 22:21:26,408 [ERROR] 特徵計算失敗 bs_ratio_v1: 'open_time' is both an index level and a column label, which is ambiguous.
2026-02-13 22:21:26,411 [ERROR] 特徵計算失敗 mad_quantile_10_25_0.8_v1: 'open_time' is both an index level and a column label, which is ambiguous.
2026-02-13 22:21:26,413 [ERROR] 特徵計算失敗 bs_quantile_25_0.9_v1: 'open_time' is both an index level and a column label, which is ambiguous.
2026-02-13 22:21:26,549 [ERROR] 特徵計算失敗 is_us_trade_time_v1: 'open_time' is both an index level and a column label, which is ambiguous.
2026-02-13 22:21:26,551 [ERROR] 特徵計算失敗 custom_atr_16_v1: 'open_time' is both an index level and a column label, which is ambiguous.
2026-02-13 22:21:26,553 [ERROR] 特徵計算失敗 smooth_obv_20_v1: 'open_time' is both an index level and a column label, which is ambiguous.
2026-02-13 22:21:26,554 [ERROR] 特徵計算失敗 custom_atr_ma_16_30_v1: 'open_time' is both an index level and a column label, which is ambiguous.
2026-02-13 22:21:26,556 [ERROR] 特徵計算失敗 smooth_obv_ma_20_5_v1: 'open_time' is both an index level and a column label, which is ambiguous.
2026-02-13 22:21:26,558 [ERROR] 特徵計算失敗 mad_close_10_v1: 'open_time' is both an index level and a column label, which is ambiguous.
2026-02-13 22:21:26,559 [ERROR] 特徵計算失敗 smooth_obv_20_v1: 'open_time' is both an index level and a column label, which is ambiguous.
2026-02-13 22:21:26,562 [ERROR] 特徵計算失敗 mad_quantile_10_90_0.9_v1: 'open_time' is both an index level and a column label, which is ambiguous.
2026-02-13 22:21:26,564 [ERROR] 特徵計算失敗 smooth_obv_quantile_20_90_0.3_v1: 'open_time' is both an index level and a column label, which is ambiguous.
2026-02-13 22:21:26,567 [ERROR] 特徵計算失敗 vroc_10_v1: 'open_time' is both an index level and a column label, which is ambiguous.
2026-02-13 22:21:26,568 [ERROR] 特徵計算失敗 smooth_obv_20_v1: 'open_time' is both an index level and a column label, which is ambiguous.
2026-02-13 22:21:26,570 [ERROR] 特徵計算失敗 smooth_obv_quantile_20_250_0.8_v1: 'open_time' is both an index level and a column label, which is ambiguous.
2026-02-13 22:21:26,572 [ERROR] 特徵計算失敗 vroc_quantile_10_250_0.8_v1: 'open_time' is both an index level and a column label, which is ambiguous.
2026-02-13 22:21:26,573 [ERROR] 特徵計算失敗 custom_atr_16_v1: 'open_time' is both an index level and a column label, which is ambiguous.
2026-02-13 22:21:26,575 [ERROR] 特徵計算失敗 smooth_mom_10_5_v1: 'open_time' is both an index level and a column label, which is ambiguous.
2026-02-13 22:21:26,576 [ERROR] 特徵計算失敗 custom_atr_quantile_16_25_0.9_v1: 'open_time' is both an index level and a column label, which is ambiguous.
2026-02-13 22:21:26,579 [ERROR] 特徵計算失敗 smooth_mom_quantile_10_5_25_0.7_v1: 'open_time' is both an index level and a column label, which is ambiguous.
2026-02-13 22:21:26,582 [ERROR] 特徵計算失敗 custom_atr_16_v1: 'open_time' is both an index level and a column label, which is ambiguous.
2026-02-13 22:21:26,584 [ERROR] 特徵計算失敗 smooth_obv_20_v1: 'open_time' is both an index level and a column label, which is ambiguous.
2026-02-13 22:21:26,586 [ERROR] 特徵計算失敗 custom_atr_quantile_16_30_0.9_v1: 'open_time' is both an index level and a column label, which is ambiguous.
2026-02-13 22:21:26,587 [ERROR] 特徵計算失敗 smooth_obv_quantile_20_30_0.9_v1: 'open_time' is both an index level and a column label, which is ambiguous.
2026-02-13 22:21:26,591 [ERROR] 特徵計算失敗 smooth_mom_10_5_v1: 'open_time' is both an index level and a column label, which is ambiguous.
2026-02-13 22:21:26,592 [ERROR] 特徵計算失敗 mad_close_10_v1: 'open_time' is both an index level and a column label, which is ambiguous.
2026-02-13 22:21:26,594 [ERROR] 特徵計算失敗 smooth_mom_quantile_10_5_25_0.7_v1: 'open_time' is both an index level and a column label, which is ambiguous.
2026-02-13 22:21:26,596 [ERROR] 特徵計算失敗 mad_quantile_10_25_0.1_v1: 'open_time' is both an index level and a column label, which is ambiguous.
2026-02-13 22:21:26,598 [ERROR] 特徵計算失敗 mad_close_10_v1: 'open_time' is both an index level and a column label, which is ambiguous.
2026-02-13 22:21:26,599 [ERROR] 特徵計算失敗 bs_ratio_v1: 'open_time' is both an index level and a column label, which is ambiguous.
2026-02-13 22:21:26,601 [ERROR] 特徵計算失敗 mad_quantile_10_30_0.7_v1: 'open_time' is both an index level and a column label, which is ambiguous.
2026-02-13 22:21:26,603 [ERROR] 特徵計算失敗 bs_quantile_30_0.9_v1: 'open_time' is both an index level and a column label, which is ambiguous.
2026-02-13 22:21:26,605 [ERROR] 特徵計算失敗 smooth_mom_10_5_v1: 'open_time' is both an index level and a column label, which is ambiguous.
2026-02-13 22:21:26,607 [ERROR] 特徵計算失敗 vroc_10_v1: 'open_time' is both an index level and a column label, which is ambiguous.
2026-02-13 22:21:26,609 [ERROR] 特徵計算失敗 smooth_mom_quantile_10_5_90_0.8_v1: 'open_time' is both an index level and a column label, which is ambiguous.
2026-02-13 22:21:26,612 [ERROR] 特徵計算失敗 vroc_quantile_10_90_0.9_v1: 'open_time' is both an index level and a column label, which is ambiguous.
2026-02-13 22:21:26,614 [ERROR] 特徵計算失敗 google_trends_raw_google_trends_BTC_v1: 'open_time' is both an index level and a column label, which is ambiguous.
2026-02-13 22:21:26,616 [ERROR] 特徵計算失敗 google_trends_raw_google_trends_crypto_v1: 'open_time' is both an index level and a column label, which is ambiguous.
2026-02-13 22:21:26,619 [ERROR] 特徵計算失敗 zscore_close_100_v1: 'open_time' is both an index level and a column label, which is ambiguous.
2026-02-13 22:21:26,621 [ERROR] 特徵計算失敗 zscore_quantile_100_1000_0.7_v1: 'open_time' is both an index level and a column label, which is ambiguous.
2026-02-13 22:21:26,624 [ERROR] 特徵計算失敗 fear_greed_raw_v1: 'open_time' is both an index level and a column label, which is ambiguous.
2026-02-13 22:21:26,627 [ERROR] 特徵計算失敗 macro_raw_yield_10y_v1: 'open_time' is both an index level and a column label, which is ambiguous.
2026-02-13 22:21:26,633 [ERROR] 特徵計算失敗 vol_sma_diff_15_v1: 'open_time' is both an index level and a column label, which is ambiguous.
2026-02-13 22:21:26,635 [ERROR] 特徵計算失敗 vol_sma_diff_quantile_15_60_0.8_v1: 'open_time' is both an index level and a column label, which is ambiguous.
2026-02-13 22:21:26,637 [ERROR] 特徵計算失敗 vol_sma_diff_quantile_15_100_0.2_v1: 'open_time' is both an index level and a column label, which is ambiguous.
2026-02-13 22:21:26,723 [ERROR] 特徵計算失敗 is_us_trade_time_v1: 'open_time' is both an index level and a column label, which is ambiguous.
2026-02-13 22:21:26,735 [ERROR] 特徵計算失敗 wavelet_us_stock_qqq_120_A_mean_v1: 'open_time' is both an index level and a column label, which is ambiguous.
2026-02-13 22:21:26,737 [INFO] [SNAPSHOT] 交易所總持倉: 0.0 BTC | 現價: 67291.8
2026-02-13 22:21:26,738 [INFO] 本週期結束，等待下一次收盤...
2026-02-13 22:21:33,010 [WARNING] 停止運行
2026-02-13 22:24:34,254 [INFO] 設定檔載入成功: config.json
2026-02-13 22:24:34,975 [INFO] [BACKFILL] 正在檢查 BTCUSDT 數據完整性...
2026-02-13 22:24:34,979 [INFO] [BACKFILL] 上次收盤: 2026-02-13 14:00:00 | 現在時間: 2026-02-13 14:24:34.979000 | 缺少 K 線: 0 根
2026-02-13 22:24:34,979 [INFO] [BACKFILL] 開始回補 2 根 K 線...
2026-02-13 22:24:35,407 [INFO] [BACKFILL] 成功寫入 2 筆數據！斷層修復完成。
2026-02-13 22:24:35,408 [INFO] [BG-TASK] 開始更新外部數據...
2026-02-13 22:24:35,408 [INFO]  外部數據背景更新啟動
2026-02-13 22:24:35,409 [INFO] 載入外部數據源: ['fear_greed', 'google_trends', 'fred_macro', 'us_stock_qqq']
2026-02-13 22:24:35,410 [INFO] 策略已掛載: PriceVolume1
2026-02-13 22:24:35,410 [INFO] 策略已掛載: PriceVolume2
2026-02-13 22:24:35,412 [INFO] 策略已掛載: PriceVolume3
2026-02-13 22:24:35,412 [INFO] 策略已掛載: PriceVolume4
2026-02-13 22:24:35,412 [INFO] 策略已掛載: PriceVolume5
2026-02-13 22:24:35,413 [INFO] 策略已掛載: PriceVolume6
2026-02-13 22:24:35,413 [INFO] 策略已掛載: PriceVolume7
2026-02-13 22:24:35,414 [INFO] 策略已掛載: PriceVolume8
2026-02-13 22:24:35,414 [INFO] 策略已掛載: PriceVolume9
2026-02-13 22:24:35,414 [INFO] 策略已掛載: SentimentStrategyV3
2026-02-13 22:24:35,414 [INFO] 策略已掛載: SentimentStrategyV2
2026-02-13 22:24:35,415 [INFO] 策略已掛載: PriceVolume10
2026-02-13 22:24:35,415 [INFO] 策略已掛載: QQQ_price
2026-02-13 22:24:35,415 [INFO] 目前運行策略列表: ['Strategy1_MAD_BSR', 'Price_Volume2', 'Strategy3_MAD_OBV_Quantile', 'Strategy4_High_Momentum', 'Strategy5_HighVol_Momentum', 'Strategy6_Climax_Momentum', 'Strategy7_Mom_LowVolFilter', 'Strategy8_Vol_BuyPressure', 'Strategy9_Mom_VROC_Shock', 'Strategy11_Trend_ZScore', 'Strategy12_GnF_Yield_Ratio', 'Strategy10_Volume_Diff_Reversion', 'Strategy13_QQQ_Wavelet_Trend']
2026-02-13 22:24:35,416 [INFO]  [Mock Mode] 模擬執行器已啟動，所有訂單均為虛擬。
2026-02-13 22:24:36,884 [INFO] 監控 1h K 線...
2026-02-13 22:24:36,949 [INFO] [ETL] 處理新 K 線: 2026-02-13 13:00:00
2026-02-13 22:24:36,965 [ERROR] 特徵計算失敗 mad_close_10_v1: 'open_time' is both an index level and a column label, which is ambiguous.
2026-02-13 22:24:36,967 [ERROR] 特徵計算失敗 bs_ratio_v1: 'open_time' is both an index level and a column label, which is ambiguous.
2026-02-13 22:24:36,971 [ERROR] 特徵計算失敗 mad_quantile_10_25_0.8_v1: 'open_time' is both an index level and a column label, which is ambiguous.
2026-02-13 22:24:36,974 [ERROR] 特徵計算失敗 bs_quantile_25_0.9_v1: 'open_time' is both an index level and a column label, which is ambiguous.
2026-02-13 22:24:37,108 [ERROR] 特徵計算失敗 is_us_trade_time_v1: 'open_time' is both an index level and a column label, which is ambiguous.
2026-02-13 22:24:37,110 [ERROR] 特徵計算失敗 custom_atr_16_v1: 'open_time' is both an index level and a column label, which is ambiguous.
2026-02-13 22:24:37,112 [ERROR] 特徵計算失敗 smooth_obv_20_v1: 'open_time' is both an index level and a column label, which is ambiguous.
2026-02-13 22:24:37,113 [ERROR] 特徵計算失敗 custom_atr_ma_16_30_v1: 'open_time' is both an index level and a column label, which is ambiguous.
2026-02-13 22:24:37,115 [ERROR] 特徵計算失敗 smooth_obv_ma_20_5_v1: 'open_time' is both an index level and a column label, which is ambiguous.
2026-02-13 22:24:37,117 [ERROR] 特徵計算失敗 mad_close_10_v1: 'open_time' is both an index level and a column label, which is ambiguous.
2026-02-13 22:24:37,119 [ERROR] 特徵計算失敗 smooth_obv_20_v1: 'open_time' is both an index level and a column label, which is ambiguous.
2026-02-13 22:24:37,123 [ERROR] 特徵計算失敗 mad_quantile_10_90_0.9_v1: 'open_time' is both an index level and a column label, which is ambiguous.
2026-02-13 22:24:37,126 [ERROR] 特徵計算失敗 smooth_obv_quantile_20_90_0.3_v1: 'open_time' is both an index level and a column label, which is ambiguous.
2026-02-13 22:24:37,128 [ERROR] 特徵計算失敗 vroc_10_v1: 'open_time' is both an index level and a column label, which is ambiguous.
2026-02-13 22:24:37,130 [ERROR] 特徵計算失敗 smooth_obv_20_v1: 'open_time' is both an index level and a column label, which is ambiguous.
2026-02-13 22:24:37,133 [ERROR] 特徵計算失敗 smooth_obv_quantile_20_250_0.8_v1: 'open_time' is both an index level and a column label, which is ambiguous.
2026-02-13 22:24:37,136 [ERROR] 特徵計算失敗 vroc_quantile_10_250_0.8_v1: 'open_time' is both an index level and a column label, which is ambiguous.
2026-02-13 22:24:37,138 [ERROR] 特徵計算失敗 custom_atr_16_v1: 'open_time' is both an index level and a column label, which is ambiguous.
2026-02-13 22:24:37,141 [ERROR] 特徵計算失敗 smooth_mom_10_5_v1: 'open_time' is both an index level and a column label, which is ambiguous.
2026-02-13 22:24:37,143 [ERROR] 特徵計算失敗 custom_atr_quantile_16_25_0.9_v1: 'open_time' is both an index level and a column label, which is ambiguous.
2026-02-13 22:24:37,145 [ERROR] 特徵計算失敗 smooth_mom_quantile_10_5_25_0.7_v1: 'open_time' is both an index level and a column label, which is ambiguous.
2026-02-13 22:24:37,147 [ERROR] 特徵計算失敗 custom_atr_16_v1: 'open_time' is both an index level and a column label, which is ambiguous.
2026-02-13 22:24:37,149 [ERROR] 特徵計算失敗 smooth_obv_20_v1: 'open_time' is both an index level and a column label, which is ambiguous.
2026-02-13 22:24:37,151 [ERROR] 特徵計算失敗 custom_atr_quantile_16_30_0.9_v1: 'open_time' is both an index level and a column label, which is ambiguous.
2026-02-13 22:24:37,155 [ERROR] 特徵計算失敗 smooth_obv_quantile_20_30_0.9_v1: 'open_time' is both an index level and a column label, which is ambiguous.
2026-02-13 22:24:37,157 [ERROR] 特徵計算失敗 smooth_mom_10_5_v1: 'open_time' is both an index level and a column label, which is ambiguous.
2026-02-13 22:24:37,158 [ERROR] 特徵計算失敗 mad_close_10_v1: 'open_time' is both an index level and a column label, which is ambiguous.
2026-02-13 22:24:37,161 [ERROR] 特徵計算失敗 smooth_mom_quantile_10_5_25_0.7_v1: 'open_time' is both an index level and a column label, which is ambiguous.
2026-02-13 22:24:37,163 [ERROR] 特徵計算失敗 mad_quantile_10_25_0.1_v1: 'open_time' is both an index level and a column label, which is ambiguous.
2026-02-13 22:24:37,165 [ERROR] 特徵計算失敗 mad_close_10_v1: 'open_time' is both an index level and a column label, which is ambiguous.
2026-02-13 22:24:37,167 [ERROR] 特徵計算失敗 bs_ratio_v1: 'open_time' is both an index level and a column label, which is ambiguous.
2026-02-13 22:24:37,170 [ERROR] 特徵計算失敗 mad_quantile_10_30_0.7_v1: 'open_time' is both an index level and a column label, which is ambiguous.
2026-02-13 22:24:37,173 [ERROR] 特徵計算失敗 bs_quantile_30_0.9_v1: 'open_time' is both an index level and a column label, which is ambiguous.
2026-02-13 22:24:37,175 [ERROR] 特徵計算失敗 smooth_mom_10_5_v1: 'open_time' is both an index level and a column label, which is ambiguous.
2026-02-13 22:24:37,177 [ERROR] 特徵計算失敗 vroc_10_v1: 'open_time' is both an index level and a column label, which is ambiguous.
2026-02-13 22:24:37,179 [ERROR] 特徵計算失敗 smooth_mom_quantile_10_5_90_0.8_v1: 'open_time' is both an index level and a column label, which is ambiguous.
2026-02-13 22:24:37,181 [ERROR] 特徵計算失敗 vroc_quantile_10_90_0.9_v1: 'open_time' is both an index level and a column label, which is ambiguous.
2026-02-13 22:24:37,185 [ERROR] 特徵計算失敗 google_trends_raw_google_trends_BTC_v1: 'open_time' is both an index level and a column label, which is ambiguous.
2026-02-13 22:24:37,187 [ERROR] 特徵計算失敗 google_trends_raw_google_trends_crypto_v1: 'open_time' is both an index level and a column label, which is ambiguous.
2026-02-13 22:24:37,189 [ERROR] 特徵計算失敗 zscore_close_100_v1: 'open_time' is both an index level and a column label, which is ambiguous.
2026-02-13 22:24:37,191 [ERROR] 特徵計算失敗 zscore_quantile_100_1000_0.7_v1: 'open_time' is both an index level and a column label, which is ambiguous.
2026-02-13 22:24:37,195 [ERROR] 特徵計算失敗 fear_greed_raw_v1: 'open_time' is both an index level and a column label, which is ambiguous.
2026-02-13 22:24:37,197 [ERROR] 特徵計算失敗 macro_raw_yield_10y_v1: 'open_time' is both an index level and a column label, which is ambiguous.
2026-02-13 22:24:37,204 [ERROR] 特徵計算失敗 vol_sma_diff_15_v1: 'open_time' is both an index level and a column label, which is ambiguous.
2026-02-13 22:24:37,205 [ERROR] 特徵計算失敗 vol_sma_diff_quantile_15_60_0.8_v1: 'open_time' is both an index level and a column label, which is ambiguous.
2026-02-13 22:24:37,208 [ERROR] 特徵計算失敗 vol_sma_diff_quantile_15_100_0.2_v1: 'open_time' is both an index level and a column label, which is ambiguous.
2026-02-13 22:24:37,294 [ERROR] 特徵計算失敗 is_us_trade_time_v1: 'open_time' is both an index level and a column label, which is ambiguous.
2026-02-13 22:24:37,307 [ERROR] 特徵計算失敗 wavelet_us_stock_qqq_120_A_mean_v1: 'open_time' is both an index level and a column label, which is ambiguous.
2026-02-13 22:24:37,309 [INFO] [SNAPSHOT] 交易所總持倉: 0.0 BTC | 現價: 67215.9
2026-02-13 22:24:37,309 [INFO] 本週期結束，等待下一次收盤...
2026-02-13 22:34:29,152 [WARNING] 停止運行
2026-02-13 22:34:31,502 [INFO] 設定檔載入成功: config.json
2026-02-13 22:34:31,924 [INFO] [BACKFILL] 正在檢查 BTCUSDT 數據完整性...
2026-02-13 22:34:31,929 [INFO] [BACKFILL] 上次收盤: 2026-02-13 14:00:00 | 現在時間: 2026-02-13 14:34:31.929000 | 缺少 K 線: 0 根
2026-02-13 22:34:31,929 [INFO] [BACKFILL] 開始回補 2 根 K 線...
2026-02-13 22:34:32,338 [INFO] [BACKFILL] 成功寫入 2 筆數據！斷層修復完成。
2026-02-13 22:34:32,339 [INFO] [BG-TASK] 開始更新外部數據...
2026-02-13 22:34:32,339 [INFO]  外部數據背景更新啟動
2026-02-13 22:34:32,340 [INFO] 載入外部數據源: ['fear_greed', 'google_trends', 'fred_macro', 'us_stock_qqq']
2026-02-13 22:34:32,342 [INFO] 策略已掛載: PriceVolume1
2026-02-13 22:34:32,342 [INFO] 策略已掛載: PriceVolume2
2026-02-13 22:34:32,343 [INFO] 策略已掛載: PriceVolume3
2026-02-13 22:34:32,343 [INFO] 策略已掛載: PriceVolume4
2026-02-13 22:34:32,343 [INFO] 策略已掛載: PriceVolume5
2026-02-13 22:34:32,343 [INFO] 策略已掛載: PriceVolume6
2026-02-13 22:34:32,344 [INFO] 策略已掛載: PriceVolume7
2026-02-13 22:34:32,344 [INFO] 策略已掛載: PriceVolume8
2026-02-13 22:34:32,344 [INFO] 策略已掛載: PriceVolume9
2026-02-13 22:34:32,345 [INFO] 策略已掛載: SentimentStrategyV3
2026-02-13 22:34:32,345 [INFO] 策略已掛載: SentimentStrategyV2
2026-02-13 22:34:32,345 [INFO] 策略已掛載: PriceVolume10
2026-02-13 22:34:32,345 [INFO] 策略已掛載: QQQ_price
2026-02-13 22:34:32,346 [INFO] 目前運行策略列表: ['Strategy1_MAD_BSR', 'Price_Volume2', 'Strategy3_MAD_OBV_Quantile', 'Strategy4_High_Momentum', 'Strategy5_HighVol_Momentum', 'Strategy6_Climax_Momentum', 'Strategy7_Mom_LowVolFilter', 'Strategy8_Vol_BuyPressure', 'Strategy9_Mom_VROC_Shock', 'Strategy11_Trend_ZScore', 'Strategy12_GnF_Yield_Ratio', 'Strategy10_Volume_Diff_Reversion', 'Strategy13_QQQ_Wavelet_Trend']
2026-02-13 22:34:32,346 [INFO]  [Mock Mode] 模擬執行器已啟動，所有訂單均為虛擬。
2026-02-13 22:34:34,105 [INFO] 監控 1h K 線...
2026-02-13 22:34:34,158 [INFO] [ETL] 處理新 K 線: 2026-02-13 13:00:00
2026-02-13 22:34:34,186 [ERROR] 特徵計算失敗 mad_close_10_v1: 'open_time' is both an index level and a column label, which is ambiguous.
2026-02-13 22:34:34,194 [ERROR] 特徵計算失敗 bs_ratio_v1: 'open_time' is both an index level and a column label, which is ambiguous.
2026-02-13 22:34:34,203 [ERROR] 特徵計算失敗 mad_quantile_10_25_0.8_v1: 'open_time' is both an index level and a column label, which is ambiguous.
2026-02-13 22:34:34,211 [ERROR] 特徵計算失敗 bs_quantile_25_0.9_v1: 'open_time' is both an index level and a column label, which is ambiguous.
2026-02-13 22:34:34,361 [ERROR] 特徵計算失敗 is_us_trade_time_v1: 'open_time' is both an index level and a column label, which is ambiguous.
2026-02-13 22:34:34,371 [ERROR] 特徵計算失敗 custom_atr_16_v1: 'open_time' is both an index level and a column label, which is ambiguous.
2026-02-13 22:34:34,378 [ERROR] 特徵計算失敗 smooth_obv_20_v1: 'open_time' is both an index level and a column label, which is ambiguous.
2026-02-13 22:34:34,384 [ERROR] 特徵計算失敗 custom_atr_ma_16_30_v1: 'open_time' is both an index level and a column label, which is ambiguous.
2026-02-13 22:34:34,391 [ERROR] 特徵計算失敗 smooth_obv_ma_20_5_v1: 'open_time' is both an index level and a column label, which is ambiguous.
2026-02-13 22:34:34,397 [ERROR] 特徵計算失敗 mad_close_10_v1: 'open_time' is both an index level and a column label, which is ambiguous.
2026-02-13 22:34:34,404 [ERROR] 特徵計算失敗 smooth_obv_20_v1: 'open_time' is both an index level and a column label, which is ambiguous.
2026-02-13 22:34:34,416 [ERROR] 特徵計算失敗 mad_quantile_10_90_0.9_v1: 'open_time' is both an index level and a column label, which is ambiguous.
2026-02-13 22:34:34,424 [ERROR] 特徵計算失敗 smooth_obv_quantile_20_90_0.3_v1: 'open_time' is both an index level and a column label, which is ambiguous.
2026-02-13 22:34:34,432 [ERROR] 特徵計算失敗 vroc_10_v1: 'open_time' is both an index level and a column label, which is ambiguous.
2026-02-13 22:34:34,437 [ERROR] 特徵計算失敗 smooth_obv_20_v1: 'open_time' is both an index level and a column label, which is ambiguous.
2026-02-13 22:34:34,447 [ERROR] 特徵計算失敗 smooth_obv_quantile_20_250_0.8_v1: 'open_time' is both an index level and a column label, which is ambiguous.
2026-02-13 22:34:34,455 [ERROR] 特徵計算失敗 vroc_quantile_10_250_0.8_v1: 'open_time' is both an index level and a column label, which is ambiguous.
2026-02-13 22:34:34,463 [ERROR] 特徵計算失敗 custom_atr_16_v1: 'open_time' is both an index level and a column label, which is ambiguous.
2026-02-13 22:34:34,469 [ERROR] 特徵計算失敗 smooth_mom_10_5_v1: 'open_time' is both an index level and a column label, which is ambiguous.
2026-02-13 22:34:34,477 [ERROR] 特徵計算失敗 custom_atr_quantile_16_25_0.9_v1: 'open_time' is both an index level and a column label, which is ambiguous.
2026-02-13 22:34:34,484 [ERROR] 特徵計算失敗 smooth_mom_quantile_10_5_25_0.7_v1: 'open_time' is both an index level and a column label, which is ambiguous.
2026-02-13 22:34:34,492 [ERROR] 特徵計算失敗 custom_atr_16_v1: 'open_time' is both an index level and a column label, which is ambiguous.
2026-02-13 22:34:34,499 [ERROR] 特徵計算失敗 smooth_obv_20_v1: 'open_time' is both an index level and a column label, which is ambiguous.
2026-02-13 22:34:34,507 [ERROR] 特徵計算失敗 custom_atr_quantile_16_30_0.9_v1: 'open_time' is both an index level and a column label, which is ambiguous.
2026-02-13 22:34:34,515 [ERROR] 特徵計算失敗 smooth_obv_quantile_20_30_0.9_v1: 'open_time' is both an index level and a column label, which is ambiguous.
2026-02-13 22:34:34,522 [ERROR] 特徵計算失敗 smooth_mom_10_5_v1: 'open_time' is both an index level and a column label, which is ambiguous.
2026-02-13 22:34:34,528 [ERROR] 特徵計算失敗 mad_close_10_v1: 'open_time' is both an index level and a column label, which is ambiguous.
2026-02-13 22:34:34,537 [ERROR] 特徵計算失敗 smooth_mom_quantile_10_5_25_0.7_v1: 'open_time' is both an index level and a column label, which is ambiguous.
2026-02-13 22:34:34,545 [ERROR] 特徵計算失敗 mad_quantile_10_25_0.1_v1: 'open_time' is both an index level and a column label, which is ambiguous.
2026-02-13 22:34:34,553 [ERROR] 特徵計算失敗 mad_close_10_v1: 'open_time' is both an index level and a column label, which is ambiguous.
2026-02-13 22:34:34,559 [ERROR] 特徵計算失敗 bs_ratio_v1: 'open_time' is both an index level and a column label, which is ambiguous.
2026-02-13 22:34:34,567 [ERROR] 特徵計算失敗 mad_quantile_10_30_0.7_v1: 'open_time' is both an index level and a column label, which is ambiguous.
2026-02-13 22:34:34,575 [ERROR] 特徵計算失敗 bs_quantile_30_0.9_v1: 'open_time' is both an index level and a column label, which is ambiguous.
2026-02-13 22:34:34,584 [ERROR] 特徵計算失敗 smooth_mom_10_5_v1: 'open_time' is both an index level and a column label, which is ambiguous.
2026-02-13 22:34:34,590 [ERROR] 特徵計算失敗 vroc_10_v1: 'open_time' is both an index level and a column label, which is ambiguous.
2026-02-13 22:34:34,597 [ERROR] 特徵計算失敗 smooth_mom_quantile_10_5_90_0.8_v1: 'open_time' is both an index level and a column label, which is ambiguous.
2026-02-13 22:34:34,605 [ERROR] 特徵計算失敗 vroc_quantile_10_90_0.9_v1: 'open_time' is both an index level and a column label, which is ambiguous.
2026-02-13 22:34:34,612 [ERROR] 特徵計算失敗 google_trends_raw_google_trends_BTC_v1: 'open_time' is both an index level and a column label, which is ambiguous.
2026-02-13 22:34:34,617 [ERROR] 特徵計算失敗 google_trends_raw_google_trends_crypto_v1: 'open_time' is both an index level and a column label, which is ambiguous.
2026-02-13 22:34:34,624 [ERROR] 特徵計算失敗 zscore_close_100_v1: 'open_time' is both an index level and a column label, which is ambiguous.
2026-02-13 22:34:34,632 [ERROR] 特徵計算失敗 zscore_quantile_100_1000_0.7_v1: 'open_time' is both an index level and a column label, which is ambiguous.
2026-02-13 22:34:34,637 [ERROR] 特徵計算失敗 fear_greed_raw_v1: 'FearGreedRaw_V1' object has no attribute 'metric'
2026-02-13 22:34:34,639 [ERROR] 特徵計算失敗 macro_raw_yield_10y_v1: 'open_time' is both an index level and a column label, which is ambiguous.
2026-02-13 22:34:34,651 [ERROR] 特徵計算失敗 vol_sma_diff_15_v1: 'open_time' is both an index level and a column label, which is ambiguous.
2026-02-13 22:34:34,658 [ERROR] 特徵計算失敗 vol_sma_diff_quantile_15_60_0.8_v1: 'open_time' is both an index level and a column label, which is ambiguous.
2026-02-13 22:34:34,667 [ERROR] 特徵計算失敗 vol_sma_diff_quantile_15_100_0.2_v1: 'open_time' is both an index level and a column label, which is ambiguous.
2026-02-13 22:34:34,763 [ERROR] 特徵計算失敗 is_us_trade_time_v1: 'open_time' is both an index level and a column label, which is ambiguous.
2026-02-13 22:34:34,775 [ERROR] 特徵計算失敗 wavelet_us_stock_qqq_120_A_mean_v1: 'open_time' is both an index level and a column label, which is ambiguous.
2026-02-13 22:34:34,777 [INFO] [SNAPSHOT] 交易所總持倉: 0.0 BTC | 現價: 67548.7
2026-02-13 22:34:34,777 [INFO] 本週期結束，等待下一次收盤...
2026-02-13 22:34:38,590 [WARNING] 停止運行
2026-02-13 22:42:14,366 [INFO] 設定檔載入成功: config.json
2026-02-13 22:42:15,014 [INFO] [BACKFILL] 正在檢查 BTCUSDT 數據完整性...
2026-02-13 22:42:15,018 [INFO] [BACKFILL] 上次收盤: 2026-02-13 14:00:00 | 現在時間: 2026-02-13 14:42:15.018000 | 缺少 K 線: 0 根
2026-02-13 22:42:15,018 [INFO] [BACKFILL] 開始回補 2 根 K 線...
2026-02-13 22:42:15,396 [INFO] [BACKFILL] 成功寫入 2 筆數據！斷層修復完成。
2026-02-13 22:42:15,397 [INFO] [BG-TASK] 開始更新外部數據...
2026-02-13 22:42:15,397 [INFO]  外部數據背景更新啟動
2026-02-13 22:42:15,397 [INFO] 載入外部數據源: ['fear_greed', 'google_trends', 'fred_macro', 'us_stock_qqq']
2026-02-13 22:42:15,399 [INFO] 策略已掛載: PriceVolume1
2026-02-13 22:42:15,399 [INFO] 策略已掛載: PriceVolume2
2026-02-13 22:42:15,399 [INFO] 策略已掛載: PriceVolume3
2026-02-13 22:42:15,399 [INFO] 策略已掛載: PriceVolume4
2026-02-13 22:42:15,401 [INFO] 策略已掛載: PriceVolume5
2026-02-13 22:42:15,401 [INFO] 策略已掛載: PriceVolume6
2026-02-13 22:42:15,401 [INFO] 策略已掛載: PriceVolume7
2026-02-13 22:42:15,401 [INFO] 策略已掛載: PriceVolume8
2026-02-13 22:42:15,401 [INFO] 策略已掛載: PriceVolume9
2026-02-13 22:42:15,402 [INFO] 策略已掛載: SentimentStrategyV3
2026-02-13 22:42:15,402 [INFO] 策略已掛載: SentimentStrategyV2
2026-02-13 22:42:15,402 [INFO] 策略已掛載: PriceVolume10
2026-02-13 22:42:15,402 [INFO] 策略已掛載: QQQ_price
2026-02-13 22:42:15,402 [INFO] 目前運行策略列表: ['Strategy1_MAD_BSR', 'Price_Volume2', 'Strategy3_MAD_OBV_Quantile', 'Strategy4_High_Momentum', 'Strategy5_HighVol_Momentum', 'Strategy6_Climax_Momentum', 'Strategy7_Mom_LowVolFilter', 'Strategy8_Vol_BuyPressure', 'Strategy9_Mom_VROC_Shock', 'Strategy11_Trend_ZScore', 'Strategy12_GnF_Yield_Ratio', 'Strategy10_Volume_Diff_Reversion', 'Strategy13_QQQ_Wavelet_Trend']
2026-02-13 22:42:15,403 [INFO]  [Mock Mode] 模擬執行器已啟動，所有訂單均為虛擬。
2026-02-13 22:42:18,608 [INFO] 監控 1h K 線...
2026-02-13 22:42:18,669 [INFO] [ETL] 處理新 K 線: 2026-02-13 13:00:00
2026-02-13 22:42:18,685 [ERROR] 特徵計算失敗 mad_close_10_v1: 'MAD_V1' object has no attribute '_get_clean_kline'
2026-02-13 22:42:18,686 [ERROR] 特徵計算失敗 bs_ratio_v1: 'BSRatio_V1' object has no attribute '_get_clean_kline'
2026-02-13 22:42:18,686 [ERROR] 特徵計算失敗 mad_quantile_10_25_0.8_v1: 'MAD_Quantile_V1' object has no attribute '_get_clean_kline'
2026-02-13 22:42:18,687 [ERROR] 特徵計算失敗 bs_quantile_25_0.9_v1: 'BSRatio_Quantile_V1' object has no attribute '_get_clean_kline'
2026-02-13 22:42:18,740 [ERROR] 特徵計算失敗 is_us_trade_time_v1: 'IsUSTradeTime_V1' object has no attribute '_get_clean_kline'
2026-02-13 22:42:18,741 [ERROR] 特徵計算失敗 custom_atr_16_v1: 'CustomATR_V1' object has no attribute '_get_clean_kline'
2026-02-13 22:42:18,742 [ERROR] 特徵計算失敗 smooth_obv_20_v1: 'SmoothOBV_V1' object has no attribute '_get_clean_kline'
2026-02-13 22:42:18,742 [ERROR] 特徵計算失敗 custom_atr_ma_16_30_v1: 'CustomATR_MA_V1' object has no attribute '_get_clean_kline'
2026-02-13 22:42:18,743 [ERROR] 特徵計算失敗 smooth_obv_ma_20_5_v1: 'SmoothOBV_MA_V1' object has no attribute '_get_clean_kline'
2026-02-13 22:42:18,744 [ERROR] 特徵計算失敗 mad_close_10_v1: 'MAD_V1' object has no attribute '_get_clean_kline'
2026-02-13 22:42:18,744 [ERROR] 特徵計算失敗 smooth_obv_20_v1: 'SmoothOBV_V1' object has no attribute '_get_clean_kline'
2026-02-13 22:42:18,745 [ERROR] 特徵計算失敗 mad_quantile_10_90_0.9_v1: 'MAD_Quantile_V1' object has no attribute '_get_clean_kline'
2026-02-13 22:42:18,745 [ERROR] 特徵計算失敗 smooth_obv_quantile_20_90_0.3_v1: 'SmoothOBV_Quantile_V1' object has no attribute '_get_clean_kline'
2026-02-13 22:42:18,746 [ERROR] 特徵計算失敗 vroc_10_v1: 'VROC_V1' object has no attribute '_get_clean_kline'
2026-02-13 22:42:18,747 [ERROR] 特徵計算失敗 smooth_obv_20_v1: 'SmoothOBV_V1' object has no attribute '_get_clean_kline'
2026-02-13 22:42:18,747 [ERROR] 特徵計算失敗 smooth_obv_quantile_20_250_0.8_v1: 'SmoothOBV_Quantile_V1' object has no attribute '_get_clean_kline'
2026-02-13 22:42:18,749 [ERROR] 特徵計算失敗 vroc_quantile_10_250_0.8_v1: 'VROC_Quantile_V1' object has no attribute '_get_clean_kline'
2026-02-13 22:42:18,750 [ERROR] 特徵計算失敗 custom_atr_16_v1: 'CustomATR_V1' object has no attribute '_get_clean_kline'
2026-02-13 22:42:18,750 [ERROR] 特徵計算失敗 smooth_mom_10_5_v1: 'SmoothMomentum_V1' object has no attribute '_get_clean_kline'
2026-02-13 22:42:18,751 [ERROR] 特徵計算失敗 custom_atr_quantile_16_25_0.9_v1: 'CustomATR_Quantile_V1' object has no attribute '_get_clean_kline'
2026-02-13 22:42:18,751 [ERROR] 特徵計算失敗 smooth_mom_quantile_10_5_25_0.7_v1: 'SmoothMomentum_Quantile_V1' object has no attribute '_get_clean_kline'
2026-02-13 22:42:18,752 [ERROR] 特徵計算失敗 custom_atr_16_v1: 'CustomATR_V1' object has no attribute '_get_clean_kline'
2026-02-13 22:42:18,752 [ERROR] 特徵計算失敗 smooth_obv_20_v1: 'SmoothOBV_V1' object has no attribute '_get_clean_kline'
2026-02-13 22:42:18,752 [ERROR] 特徵計算失敗 custom_atr_quantile_16_30_0.9_v1: 'CustomATR_Quantile_V1' object has no attribute '_get_clean_kline'
2026-02-13 22:42:18,753 [ERROR] 特徵計算失敗 smooth_obv_quantile_20_30_0.9_v1: 'SmoothOBV_Quantile_V1' object has no attribute '_get_clean_kline'
2026-02-13 22:42:18,754 [ERROR] 特徵計算失敗 smooth_mom_10_5_v1: 'SmoothMomentum_V1' object has no attribute '_get_clean_kline'
2026-02-13 22:42:18,754 [ERROR] 特徵計算失敗 mad_close_10_v1: 'MAD_V1' object has no attribute '_get_clean_kline'
2026-02-13 22:42:18,754 [ERROR] 特徵計算失敗 smooth_mom_quantile_10_5_25_0.7_v1: 'SmoothMomentum_Quantile_V1' object has no attribute '_get_clean_kline'
2026-02-13 22:42:18,754 [ERROR] 特徵計算失敗 mad_quantile_10_25_0.1_v1: 'MAD_Quantile_V1' object has no attribute '_get_clean_kline'
2026-02-13 22:42:18,755 [ERROR] 特徵計算失敗 mad_close_10_v1: 'MAD_V1' object has no attribute '_get_clean_kline'
2026-02-13 22:42:18,756 [ERROR] 特徵計算失敗 bs_ratio_v1: 'BSRatio_V1' object has no attribute '_get_clean_kline'
2026-02-13 22:42:18,756 [ERROR] 特徵計算失敗 mad_quantile_10_30_0.7_v1: 'MAD_Quantile_V1' object has no attribute '_get_clean_kline'
2026-02-13 22:42:18,756 [ERROR] 特徵計算失敗 bs_quantile_30_0.9_v1: 'BSRatio_Quantile_V1' object has no attribute '_get_clean_kline'
2026-02-13 22:42:18,757 [ERROR] 特徵計算失敗 smooth_mom_10_5_v1: 'SmoothMomentum_V1' object has no attribute '_get_clean_kline'
2026-02-13 22:42:18,758 [ERROR] 特徵計算失敗 vroc_10_v1: 'VROC_V1' object has no attribute '_get_clean_kline'
2026-02-13 22:42:18,758 [ERROR] 特徵計算失敗 smooth_mom_quantile_10_5_90_0.8_v1: 'SmoothMomentum_Quantile_V1' object has no attribute '_get_clean_kline'
2026-02-13 22:42:18,758 [ERROR] 特徵計算失敗 vroc_quantile_10_90_0.9_v1: 'VROC_Quantile_V1' object has no attribute '_get_clean_kline'
2026-02-13 22:42:18,759 [ERROR] 特徵計算失敗 google_trends_raw_google_trends_BTC_v1: 'GoogleTrendsRaw_V1' object has no attribute '_inspect_data'
2026-02-13 22:42:18,759 [ERROR] 特徵計算失敗 google_trends_raw_google_trends_crypto_v1: 'GoogleTrendsRaw_V1' object has no attribute '_inspect_data'
2026-02-13 22:42:18,760 [ERROR] 特徵計算失敗 zscore_close_100_v1: 'ZScore_V1' object has no attribute '_get_clean_kline'
2026-02-13 22:42:18,760 [ERROR] 特徵計算失敗 zscore_quantile_100_1000_0.7_v1: 'ZScore_Quantile_V1' object has no attribute '_get_clean_kline'
2026-02-13 22:42:18,762 [ERROR] 特徵計算失敗 fear_greed_raw_v1: 'FearGreedRaw_V1' object has no attribute '_inspect_data'
2026-02-13 22:42:18,766 [ERROR] 特徵計算失敗 macro_raw_yield_10y_v1: 'open_time' is both an index level and a column label, which is ambiguous.
2026-02-13 22:42:18,772 [ERROR] 特徵計算失敗 vol_sma_diff_15_v1: 'VolumeSMA_Diff_V1' object has no attribute '_get_clean_kline'
2026-02-13 22:42:18,772 [ERROR] 特徵計算失敗 vol_sma_diff_quantile_15_60_0.8_v1: 'VolumeSMA_Diff_Quantile_V1' object has no attribute '_get_clean_kline'
2026-02-13 22:42:18,773 [ERROR] 特徵計算失敗 vol_sma_diff_quantile_15_100_0.2_v1: 'VolumeSMA_Diff_Quantile_V1' object has no attribute '_get_clean_kline'
2026-02-13 22:42:18,773 [ERROR] 特徵計算失敗 is_us_trade_time_v1: 'IsUSTradeTime_V1' object has no attribute '_get_clean_kline'
2026-02-13 22:42:18,786 [ERROR] 特徵計算失敗 wavelet_us_stock_qqq_120_A_mean_v1: 'open_time' is both an index level and a column label, which is ambiguous.
2026-02-13 22:42:18,788 [INFO] [SNAPSHOT] 交易所總持倉: 0.0 BTC | 現價: 66882.2
2026-02-13 22:42:18,788 [INFO] 本週期結束，等待下一次收盤...
2026-02-13 22:45:51,331 [WARNING] 停止運行
2026-02-13 22:45:53,874 [INFO] 設定檔載入成功: config.json
2026-02-13 22:45:54,526 [INFO] [BACKFILL] 正在檢查 BTCUSDT 數據完整性...
2026-02-13 22:45:54,530 [INFO] [BACKFILL] 上次收盤: 2026-02-13 14:00:00 | 現在時間: 2026-02-13 14:45:54.530000 | 缺少 K 線: 0 根
2026-02-13 22:45:54,530 [INFO] [BACKFILL] 開始回補 2 根 K 線...
2026-02-13 22:45:55,065 [INFO] [BACKFILL] 成功寫入 2 筆數據！斷層修復完成。
2026-02-13 22:45:55,067 [INFO] [BG-TASK] 開始更新外部數據...
2026-02-13 22:45:55,067 [INFO]  外部數據背景更新啟動
2026-02-13 22:45:55,067 [INFO] 載入外部數據源: ['fear_greed', 'google_trends', 'fred_macro', 'us_stock_qqq']
2026-02-13 22:45:55,069 [INFO] 策略已掛載: PriceVolume1
2026-02-13 22:45:55,069 [INFO] 策略已掛載: PriceVolume2
2026-02-13 22:45:55,069 [INFO] 策略已掛載: PriceVolume3
2026-02-13 22:45:55,070 [INFO] 策略已掛載: PriceVolume4
2026-02-13 22:45:55,070 [INFO] 策略已掛載: PriceVolume5
2026-02-13 22:45:55,070 [INFO] 策略已掛載: PriceVolume6
2026-02-13 22:45:55,071 [INFO] 策略已掛載: PriceVolume7
2026-02-13 22:45:55,071 [INFO] 策略已掛載: PriceVolume8
2026-02-13 22:45:55,072 [INFO] 策略已掛載: PriceVolume9
2026-02-13 22:45:55,072 [INFO] 策略已掛載: SentimentStrategyV3
2026-02-13 22:45:55,072 [INFO] 策略已掛載: SentimentStrategyV2
2026-02-13 22:45:55,072 [INFO] 策略已掛載: PriceVolume10
2026-02-13 22:45:55,072 [INFO] 策略已掛載: QQQ_price
2026-02-13 22:45:55,074 [INFO] 目前運行策略列表: ['Strategy1_MAD_BSR', 'Price_Volume2', 'Strategy3_MAD_OBV_Quantile', 'Strategy4_High_Momentum', 'Strategy5_HighVol_Momentum', 'Strategy6_Climax_Momentum', 'Strategy7_Mom_LowVolFilter', 'Strategy8_Vol_BuyPressure', 'Strategy9_Mom_VROC_Shock', 'Strategy11_Trend_ZScore', 'Strategy12_GnF_Yield_Ratio', 'Strategy10_Volume_Diff_Reversion', 'Strategy13_QQQ_Wavelet_Trend']
2026-02-13 22:45:55,074 [INFO]  [Mock Mode] 模擬執行器已啟動，所有訂單均為虛擬。
2026-02-13 22:45:56,542 [INFO] 監控 1h K 線...
2026-02-13 22:45:56,598 [INFO] [ETL] 處理新 K 線: 2026-02-13 13:00:00
2026-02-13 22:45:56,617 [ERROR] 特徵計算失敗 mad_close_10_v1: Index(...) must be called with a collection of some kind, 'open_time' was passed
2026-02-13 22:45:56,619 [ERROR] 特徵計算失敗 bs_ratio_v1: Index(...) must be called with a collection of some kind, 'open_time' was passed
2026-02-13 22:45:56,623 [ERROR] 特徵計算失敗 mad_quantile_10_25_0.8_v1: Index(...) must be called with a collection of some kind, 'open_time' was passed
2026-02-13 22:45:56,626 [ERROR] 特徵計算失敗 bs_quantile_25_0.9_v1: Index(...) must be called with a collection of some kind, 'open_time' was passed
2026-02-13 22:45:56,772 [ERROR] 特徵計算失敗 is_us_trade_time_v1: Index(...) must be called with a collection of some kind, 'open_time' was passed
2026-02-13 22:45:56,774 [ERROR] 特徵計算失敗 custom_atr_16_v1: 'numpy.ndarray' object has no attribute 'values'
2026-02-13 22:45:56,776 [ERROR] 特徵計算失敗 smooth_obv_20_v1: Index(...) must be called with a collection of some kind, 'open_time' was passed
2026-02-13 22:45:56,778 [ERROR] 特徵計算失敗 custom_atr_ma_16_30_v1: Index(...) must be called with a collection of some kind, 'open_time' was passed
2026-02-13 22:45:56,780 [ERROR] 特徵計算失敗 smooth_obv_ma_20_5_v1: Index(...) must be called with a collection of some kind, 'open_time' was passed
2026-02-13 22:45:56,784 [ERROR] 特徵計算失敗 mad_close_10_v1: Index(...) must be called with a collection of some kind, 'open_time' was passed
2026-02-13 22:45:56,786 [ERROR] 特徵計算失敗 smooth_obv_20_v1: Index(...) must be called with a collection of some kind, 'open_time' was passed
2026-02-13 22:45:56,789 [ERROR] 特徵計算失敗 mad_quantile_10_90_0.9_v1: Index(...) must be called with a collection of some kind, 'open_time' was passed
2026-02-13 22:45:56,792 [ERROR] 特徵計算失敗 smooth_obv_quantile_20_90_0.3_v1: Index(...) must be called with a collection of some kind, 'open_time' was passed
2026-02-13 22:45:56,794 [ERROR] 特徵計算失敗 vroc_10_v1: Index(...) must be called with a collection of some kind, 'open_time' was passed
2026-02-13 22:45:56,796 [ERROR] 特徵計算失敗 smooth_obv_20_v1: Index(...) must be called with a collection of some kind, 'open_time' was passed
2026-02-13 22:45:56,799 [ERROR] 特徵計算失敗 smooth_obv_quantile_20_250_0.8_v1: Index(...) must be called with a collection of some kind, 'open_time' was passed
2026-02-13 22:45:56,801 [ERROR] 特徵計算失敗 vroc_quantile_10_250_0.8_v1: Index(...) must be called with a collection of some kind, 'open_time' was passed
2026-02-13 22:45:56,802 [ERROR] 特徵計算失敗 custom_atr_16_v1: 'numpy.ndarray' object has no attribute 'values'
2026-02-13 22:45:56,805 [ERROR] 特徵計算失敗 smooth_mom_10_5_v1: Index(...) must be called with a collection of some kind, 'open_time' was passed
2026-02-13 22:45:56,808 [ERROR] 特徵計算失敗 custom_atr_quantile_16_25_0.9_v1: Index(...) must be called with a collection of some kind, 'open_time' was passed
2026-02-13 22:45:56,810 [ERROR] 特徵計算失敗 smooth_mom_quantile_10_5_25_0.7_v1: Index(...) must be called with a collection of some kind, 'open_time' was passed
2026-02-13 22:45:56,813 [ERROR] 特徵計算失敗 custom_atr_16_v1: 'numpy.ndarray' object has no attribute 'values'
2026-02-13 22:45:56,814 [ERROR] 特徵計算失敗 smooth_obv_20_v1: Index(...) must be called with a collection of some kind, 'open_time' was passed
2026-02-13 22:45:56,817 [ERROR] 特徵計算失敗 custom_atr_quantile_16_30_0.9_v1: Index(...) must be called with a collection of some kind, 'open_time' was passed
2026-02-13 22:45:56,820 [ERROR] 特徵計算失敗 smooth_obv_quantile_20_30_0.9_v1: Index(...) must be called with a collection of some kind, 'open_time' was passed
2026-02-13 22:45:56,823 [ERROR] 特徵計算失敗 smooth_mom_10_5_v1: Index(...) must be called with a collection of some kind, 'open_time' was passed
2026-02-13 22:45:56,825 [ERROR] 特徵計算失敗 mad_close_10_v1: Index(...) must be called with a collection of some kind, 'open_time' was passed
2026-02-13 22:45:56,829 [ERROR] 特徵計算失敗 smooth_mom_quantile_10_5_25_0.7_v1: Index(...) must be called with a collection of some kind, 'open_time' was passed
2026-02-13 22:45:56,832 [ERROR] 特徵計算失敗 mad_quantile_10_25_0.1_v1: Index(...) must be called with a collection of some kind, 'open_time' was passed
2026-02-13 22:45:56,835 [ERROR] 特徵計算失敗 mad_close_10_v1: Index(...) must be called with a collection of some kind, 'open_time' was passed
2026-02-13 22:45:56,837 [ERROR] 特徵計算失敗 bs_ratio_v1: Index(...) must be called with a collection of some kind, 'open_time' was passed
2026-02-13 22:45:56,840 [ERROR] 特徵計算失敗 mad_quantile_10_30_0.7_v1: Index(...) must be called with a collection of some kind, 'open_time' was passed
2026-02-13 22:45:56,843 [ERROR] 特徵計算失敗 bs_quantile_30_0.9_v1: Index(...) must be called with a collection of some kind, 'open_time' was passed
2026-02-13 22:45:56,846 [ERROR] 特徵計算失敗 smooth_mom_10_5_v1: Index(...) must be called with a collection of some kind, 'open_time' was passed
2026-02-13 22:45:56,849 [ERROR] 特徵計算失敗 vroc_10_v1: Index(...) must be called with a collection of some kind, 'open_time' was passed
2026-02-13 22:45:56,851 [ERROR] 特徵計算失敗 smooth_mom_quantile_10_5_90_0.8_v1: Index(...) must be called with a collection of some kind, 'open_time' was passed
2026-02-13 22:45:56,854 [ERROR] 特徵計算失敗 vroc_quantile_10_90_0.9_v1: Index(...) must be called with a collection of some kind, 'open_time' was passed
2026-02-13 22:45:56,857 [ERROR] 特徵計算失敗 google_trends_raw_google_trends_BTC_v1: 'open_time' is both an index level and a column label, which is ambiguous.
2026-02-13 22:45:56,859 [ERROR] 特徵計算失敗 google_trends_raw_google_trends_crypto_v1: 'open_time' is both an index level and a column label, which is ambiguous.
2026-02-13 22:45:56,862 [ERROR] 特徵計算失敗 zscore_close_100_v1: Index(...) must be called with a collection of some kind, 'open_time' was passed
2026-02-13 22:45:56,865 [ERROR] 特徵計算失敗 zscore_quantile_100_1000_0.7_v1: Index(...) must be called with a collection of some kind, 'open_time' was passed
2026-02-13 22:45:56,868 [ERROR] 特徵計算失敗 fear_greed_raw_v1: 'FearGreedRaw_V1' object has no attribute 'metric'
2026-02-13 22:45:56,869 [ERROR] 特徵計算失敗 macro_raw_yield_10y_v1: 'open_time' is both an index level and a column label, which is ambiguous.
2026-02-13 22:45:56,877 [ERROR] 特徵計算失敗 vol_sma_diff_15_v1: Index(...) must be called with a collection of some kind, 'open_time' was passed
2026-02-13 22:45:56,880 [ERROR] 特徵計算失敗 vol_sma_diff_quantile_15_60_0.8_v1: Index(...) must be called with a collection of some kind, 'open_time' was passed
2026-02-13 22:45:56,883 [ERROR] 特徵計算失敗 vol_sma_diff_quantile_15_100_0.2_v1: Index(...) must be called with a collection of some kind, 'open_time' was passed
2026-02-13 22:45:56,972 [ERROR] 特徵計算失敗 is_us_trade_time_v1: Index(...) must be called with a collection of some kind, 'open_time' was passed
2026-02-13 22:45:56,983 [ERROR] 特徵計算失敗 wavelet_us_stock_qqq_120_A_mean_v1: 'open_time' is both an index level and a column label, which is ambiguous.
2026-02-13 22:45:56,985 [INFO] [SNAPSHOT] 交易所總持倉: 0.0 BTC | 現價: 67681.7
2026-02-13 22:45:56,986 [INFO] 本週期結束，等待下一次收盤...
2026-02-13 22:46:01,918 [WARNING] 停止運行
2026-02-13 22:52:11,244 [INFO] 設定檔載入成功: config.json
2026-02-13 22:52:11,942 [INFO] [BACKFILL] 正在檢查 BTCUSDT 數據完整性...
2026-02-13 22:52:11,946 [INFO] [BACKFILL] 上次收盤: 2026-02-13 14:00:00 | 現在時間: 2026-02-13 14:52:11.946000 | 缺少 K 線: 0 根
2026-02-13 22:52:11,948 [INFO] [BACKFILL] 開始回補 2 根 K 線...
2026-02-13 22:52:12,386 [INFO] [BACKFILL] 成功寫入 2 筆數據！斷層修復完成。
2026-02-13 22:52:12,386 [INFO] [BG-TASK] 開始更新外部數據...
2026-02-13 22:52:12,387 [INFO]  外部數據背景更新啟動
2026-02-13 22:52:12,387 [INFO] 載入外部數據源: ['fear_greed', 'google_trends', 'fred_macro', 'us_stock_qqq']
2026-02-13 22:52:12,389 [INFO] 策略已掛載: PriceVolume1
2026-02-13 22:52:12,389 [INFO] 策略已掛載: PriceVolume2
2026-02-13 22:52:12,389 [INFO] 策略已掛載: PriceVolume3
2026-02-13 22:52:12,390 [INFO] 策略已掛載: PriceVolume4
2026-02-13 22:52:12,390 [INFO] 策略已掛載: PriceVolume5
2026-02-13 22:52:12,390 [INFO] 策略已掛載: PriceVolume6
2026-02-13 22:52:12,390 [INFO] 策略已掛載: PriceVolume7
2026-02-13 22:52:12,391 [INFO] 策略已掛載: PriceVolume8
2026-02-13 22:52:12,391 [INFO] 策略已掛載: PriceVolume9
2026-02-13 22:52:12,392 [INFO] 策略已掛載: SentimentStrategyV3
2026-02-13 22:52:12,392 [INFO] 策略已掛載: SentimentStrategyV2
2026-02-13 22:52:12,393 [INFO] 策略已掛載: PriceVolume10
2026-02-13 22:52:12,393 [INFO] 策略已掛載: QQQ_price
2026-02-13 22:52:12,393 [INFO] 目前運行策略列表: ['Strategy1_MAD_BSR', 'Price_Volume2', 'Strategy3_MAD_OBV_Quantile', 'Strategy4_High_Momentum', 'Strategy5_HighVol_Momentum', 'Strategy6_Climax_Momentum', 'Strategy7_Mom_LowVolFilter', 'Strategy8_Vol_BuyPressure', 'Strategy9_Mom_VROC_Shock', 'Strategy11_Trend_ZScore', 'Strategy12_GnF_Yield_Ratio', 'Strategy10_Volume_Diff_Reversion', 'Strategy13_QQQ_Wavelet_Trend']
2026-02-13 22:52:12,393 [INFO]  [Mock Mode] 模擬執行器已啟動，所有訂單均為虛擬。
2026-02-13 22:52:14,105 [INFO] 監控 1h K 線...
2026-02-13 22:52:14,163 [INFO] [ETL] 處理新 K 線: 2026-02-13 13:00:00
2026-02-13 22:52:14,186 [ERROR] 特徵計算失敗 mad_close_10_v1: Index(...) must be called with a collection of some kind, 'open_time' was passed
2026-02-13 22:52:14,189 [ERROR] 特徵計算失敗 bs_ratio_v1: Index(...) must be called with a collection of some kind, 'open_time' was passed
2026-02-13 22:52:14,195 [ERROR] 特徵計算失敗 mad_quantile_10_25_0.8_v1: Index(...) must be called with a collection of some kind, 'open_time' was passed
2026-02-13 22:52:14,199 [ERROR] 特徵計算失敗 bs_quantile_25_0.9_v1: Index(...) must be called with a collection of some kind, 'open_time' was passed
2026-02-13 22:52:14,358 [ERROR] 特徵計算失敗 is_us_trade_time_v1: Index(...) must be called with a collection of some kind, 'open_time' was passed
2026-02-13 22:52:14,360 [ERROR] 特徵計算失敗 custom_atr_16_v1: 'numpy.ndarray' object has no attribute 'values'
2026-02-13 22:52:14,362 [ERROR] 特徵計算失敗 smooth_obv_20_v1: Index(...) must be called with a collection of some kind, 'open_time' was passed
2026-02-13 22:52:14,364 [ERROR] 特徵計算失敗 custom_atr_ma_16_30_v1: Index(...) must be called with a collection of some kind, 'open_time' was passed
2026-02-13 22:52:14,365 [ERROR] 特徵計算失敗 smooth_obv_ma_20_5_v1: Index(...) must be called with a collection of some kind, 'open_time' was passed
2026-02-13 22:52:14,368 [ERROR] 特徵計算失敗 mad_close_10_v1: Index(...) must be called with a collection of some kind, 'open_time' was passed
2026-02-13 22:52:14,370 [ERROR] 特徵計算失敗 smooth_obv_20_v1: Index(...) must be called with a collection of some kind, 'open_time' was passed
2026-02-13 22:52:14,373 [ERROR] 特徵計算失敗 mad_quantile_10_90_0.9_v1: Index(...) must be called with a collection of some kind, 'open_time' was passed
2026-02-13 22:52:14,376 [ERROR] 特徵計算失敗 smooth_obv_quantile_20_90_0.3_v1: Index(...) must be called with a collection of some kind, 'open_time' was passed
2026-02-13 22:52:14,379 [ERROR] 特徵計算失敗 vroc_10_v1: Index(...) must be called with a collection of some kind, 'open_time' was passed
2026-02-13 22:52:14,380 [ERROR] 特徵計算失敗 smooth_obv_20_v1: Index(...) must be called with a collection of some kind, 'open_time' was passed
2026-02-13 22:52:14,384 [ERROR] 特徵計算失敗 smooth_obv_quantile_20_250_0.8_v1: Index(...) must be called with a collection of some kind, 'open_time' was passed
2026-02-13 22:52:14,386 [ERROR] 特徵計算失敗 vroc_quantile_10_250_0.8_v1: Index(...) must be called with a collection of some kind, 'open_time' was passed
2026-02-13 22:52:14,387 [ERROR] 特徵計算失敗 custom_atr_16_v1: 'numpy.ndarray' object has no attribute 'values'
2026-02-13 22:52:14,389 [ERROR] 特徵計算失敗 smooth_mom_10_5_v1: Index(...) must be called with a collection of some kind, 'open_time' was passed
2026-02-13 22:52:14,393 [ERROR] 特徵計算失敗 custom_atr_quantile_16_25_0.9_v1: Index(...) must be called with a collection of some kind, 'open_time' was passed
2026-02-13 22:52:14,396 [ERROR] 特徵計算失敗 smooth_mom_quantile_10_5_25_0.7_v1: Index(...) must be called with a collection of some kind, 'open_time' was passed
2026-02-13 22:52:14,398 [ERROR] 特徵計算失敗 custom_atr_16_v1: 'numpy.ndarray' object has no attribute 'values'
2026-02-13 22:52:14,400 [ERROR] 特徵計算失敗 smooth_obv_20_v1: Index(...) must be called with a collection of some kind, 'open_time' was passed
2026-02-13 22:52:14,403 [ERROR] 特徵計算失敗 custom_atr_quantile_16_30_0.9_v1: Index(...) must be called with a collection of some kind, 'open_time' was passed
2026-02-13 22:52:14,406 [ERROR] 特徵計算失敗 smooth_obv_quantile_20_30_0.9_v1: Index(...) must be called with a collection of some kind, 'open_time' was passed
2026-02-13 22:52:14,408 [ERROR] 特徵計算失敗 smooth_mom_10_5_v1: Index(...) must be called with a collection of some kind, 'open_time' was passed
2026-02-13 22:52:14,409 [ERROR] 特徵計算失敗 mad_close_10_v1: Index(...) must be called with a collection of some kind, 'open_time' was passed
2026-02-13 22:52:14,412 [ERROR] 特徵計算失敗 smooth_mom_quantile_10_5_25_0.7_v1: Index(...) must be called with a collection of some kind, 'open_time' was passed
2026-02-13 22:52:14,415 [ERROR] 特徵計算失敗 mad_quantile_10_25_0.1_v1: Index(...) must be called with a collection of some kind, 'open_time' was passed
2026-02-13 22:52:14,417 [ERROR] 特徵計算失敗 mad_close_10_v1: Index(...) must be called with a collection of some kind, 'open_time' was passed
2026-02-13 22:52:14,419 [ERROR] 特徵計算失敗 bs_ratio_v1: Index(...) must be called with a collection of some kind, 'open_time' was passed
2026-02-13 22:52:14,422 [ERROR] 特徵計算失敗 mad_quantile_10_30_0.7_v1: Index(...) must be called with a collection of some kind, 'open_time' was passed
2026-02-13 22:52:14,425 [ERROR] 特徵計算失敗 bs_quantile_30_0.9_v1: Index(...) must be called with a collection of some kind, 'open_time' was passed
2026-02-13 22:52:14,428 [ERROR] 特徵計算失敗 smooth_mom_10_5_v1: Index(...) must be called with a collection of some kind, 'open_time' was passed
2026-02-13 22:52:14,431 [ERROR] 特徵計算失敗 vroc_10_v1: Index(...) must be called with a collection of some kind, 'open_time' was passed
2026-02-13 22:52:14,433 [ERROR] 特徵計算失敗 smooth_mom_quantile_10_5_90_0.8_v1: Index(...) must be called with a collection of some kind, 'open_time' was passed
2026-02-13 22:52:14,436 [ERROR] 特徵計算失敗 vroc_quantile_10_90_0.9_v1: Index(...) must be called with a collection of some kind, 'open_time' was passed
2026-02-13 22:52:14,438 [ERROR] 特徵計算失敗 google_trends_raw_google_trends_BTC_v1: 'open_time' is both an index level and a column label, which is ambiguous.
2026-02-13 22:52:14,440 [ERROR] 特徵計算失敗 google_trends_raw_google_trends_crypto_v1: 'open_time' is both an index level and a column label, which is ambiguous.
2026-02-13 22:52:14,442 [ERROR] 特徵計算失敗 zscore_close_100_v1: Index(...) must be called with a collection of some kind, 'open_time' was passed
2026-02-13 22:52:14,445 [ERROR] 特徵計算失敗 zscore_quantile_100_1000_0.7_v1: Index(...) must be called with a collection of some kind, 'open_time' was passed
2026-02-13 22:52:14,448 [ERROR] 特徵計算失敗 fear_greed_raw_v1: 'FearGreedRaw_V1' object has no attribute 'metric'
2026-02-13 22:52:14,450 [ERROR] 特徵計算失敗 macro_raw_yield_10y_v1: 'open_time' is both an index level and a column label, which is ambiguous.
2026-02-13 22:52:14,457 [ERROR] 特徵計算失敗 vol_sma_diff_15_v1: Index(...) must be called with a collection of some kind, 'open_time' was passed
2026-02-13 22:52:14,459 [ERROR] 特徵計算失敗 vol_sma_diff_quantile_15_60_0.8_v1: Index(...) must be called with a collection of some kind, 'open_time' was passed
2026-02-13 22:52:14,463 [ERROR] 特徵計算失敗 vol_sma_diff_quantile_15_100_0.2_v1: Index(...) must be called with a collection of some kind, 'open_time' was passed
2026-02-13 22:52:14,551 [ERROR] 特徵計算失敗 is_us_trade_time_v1: Index(...) must be called with a collection of some kind, 'open_time' was passed
2026-02-13 22:52:14,563 [ERROR] 特徵計算失敗 wavelet_us_stock_qqq_120_A_mean_v1: 'open_time' is both an index level and a column label, which is ambiguous.
2026-02-13 22:52:14,564 [INFO] [SNAPSHOT] 交易所總持倉: 0.0 BTC | 現價: 67866.0
2026-02-13 22:52:14,564 [INFO] 本週期結束，等待下一次收盤...
2026-02-13 22:52:19,315 [WARNING] 停止運行
2026-02-13 22:54:41,211 [INFO] 設定檔載入成功: config.json
2026-02-13 22:54:41,592 [INFO] [BACKFILL] 正在檢查 BTCUSDT 數據完整性...
2026-02-13 22:54:41,596 [INFO] [BACKFILL] 上次收盤: 2026-02-13 14:00:00 | 現在時間: 2026-02-13 14:54:41.596000 | 缺少 K 線: 0 根
2026-02-13 22:54:41,597 [INFO] [BACKFILL] 開始回補 2 根 K 線...
2026-02-13 22:54:41,954 [INFO] [BACKFILL] 成功寫入 2 筆數據！斷層修復完成。
2026-02-13 22:54:41,955 [INFO] [BG-TASK] 開始更新外部數據...
2026-02-13 22:54:41,956 [INFO]  外部數據背景更新啟動
2026-02-13 22:54:41,956 [INFO] 載入外部數據源: ['fear_greed', 'google_trends', 'fred_macro', 'us_stock_qqq']
2026-02-13 22:54:41,958 [INFO] 策略已掛載: PriceVolume1
2026-02-13 22:54:41,958 [INFO] 策略已掛載: PriceVolume2
2026-02-13 22:54:41,959 [INFO] 策略已掛載: PriceVolume3
2026-02-13 22:54:41,959 [INFO] 策略已掛載: PriceVolume4
2026-02-13 22:54:41,960 [INFO] 策略已掛載: PriceVolume5
2026-02-13 22:54:41,960 [INFO] 策略已掛載: PriceVolume6
2026-02-13 22:54:41,960 [INFO] 策略已掛載: PriceVolume7
2026-02-13 22:54:41,961 [INFO] 策略已掛載: PriceVolume8
2026-02-13 22:54:41,961 [INFO] 策略已掛載: PriceVolume9
2026-02-13 22:54:41,962 [INFO] 策略已掛載: SentimentStrategyV3
2026-02-13 22:54:41,962 [INFO] 策略已掛載: SentimentStrategyV2
2026-02-13 22:54:41,962 [INFO] 策略已掛載: PriceVolume10
2026-02-13 22:54:41,963 [INFO] 策略已掛載: QQQ_price
2026-02-13 22:54:41,963 [INFO] 目前運行策略列表: ['Strategy1_MAD_BSR', 'Price_Volume2', 'Strategy3_MAD_OBV_Quantile', 'Strategy4_High_Momentum', 'Strategy5_HighVol_Momentum', 'Strategy6_Climax_Momentum', 'Strategy7_Mom_LowVolFilter', 'Strategy8_Vol_BuyPressure', 'Strategy9_Mom_VROC_Shock', 'Strategy11_Trend_ZScore', 'Strategy12_GnF_Yield_Ratio', 'Strategy10_Volume_Diff_Reversion', 'Strategy13_QQQ_Wavelet_Trend']
2026-02-13 22:54:41,963 [INFO]  [Mock Mode] 模擬執行器已啟動，所有訂單均為虛擬。
2026-02-13 22:54:43,472 [INFO] 監控 1h K 線...
2026-02-13 22:54:43,532 [INFO] [ETL] 處理新 K 線: 2026-02-13 13:00:00
2026-02-13 22:54:43,552 [ERROR] 特徵計算失敗 mad_close_10_v1: Index(...) must be called with a collection of some kind, 'open_time' was passed
2026-02-13 22:54:43,555 [ERROR] 特徵計算失敗 bs_ratio_v1: Index(...) must be called with a collection of some kind, 'open_time' was passed
2026-02-13 22:54:43,558 [ERROR] 特徵計算失敗 mad_quantile_10_25_0.8_v1: Index(...) must be called with a collection of some kind, 'open_time' was passed
2026-02-13 22:54:43,561 [ERROR] 特徵計算失敗 bs_quantile_25_0.9_v1: Index(...) must be called with a collection of some kind, 'open_time' was passed
2026-02-13 22:54:43,711 [ERROR] 特徵計算失敗 is_us_trade_time_v1: Index(...) must be called with a collection of some kind, 'open_time' was passed
2026-02-13 22:54:43,714 [ERROR] 特徵計算失敗 custom_atr_16_v1: Index(...) must be called with a collection of some kind, 'open_time' was passed
2026-02-13 22:54:43,716 [ERROR] 特徵計算失敗 smooth_obv_20_v1: Index(...) must be called with a collection of some kind, 'open_time' was passed
2026-02-13 22:54:43,718 [ERROR] 特徵計算失敗 custom_atr_ma_16_30_v1: Index(...) must be called with a collection of some kind, 'open_time' was passed
2026-02-13 22:54:43,721 [ERROR] 特徵計算失敗 smooth_obv_ma_20_5_v1: Index(...) must be called with a collection of some kind, 'open_time' was passed
2026-02-13 22:54:43,723 [ERROR] 特徵計算失敗 mad_close_10_v1: Index(...) must be called with a collection of some kind, 'open_time' was passed
2026-02-13 22:54:43,725 [ERROR] 特徵計算失敗 smooth_obv_20_v1: Index(...) must be called with a collection of some kind, 'open_time' was passed
2026-02-13 22:54:43,728 [ERROR] 特徵計算失敗 mad_quantile_10_90_0.9_v1: Index(...) must be called with a collection of some kind, 'open_time' was passed
2026-02-13 22:54:43,730 [ERROR] 特徵計算失敗 smooth_obv_quantile_20_90_0.3_v1: Index(...) must be called with a collection of some kind, 'open_time' was passed
2026-02-13 22:54:43,733 [ERROR] 特徵計算失敗 vroc_10_v1: Index(...) must be called with a collection of some kind, 'open_time' was passed
2026-02-13 22:54:43,735 [ERROR] 特徵計算失敗 smooth_obv_20_v1: Index(...) must be called with a collection of some kind, 'open_time' was passed
2026-02-13 22:54:43,738 [ERROR] 特徵計算失敗 smooth_obv_quantile_20_250_0.8_v1: Index(...) must be called with a collection of some kind, 'open_time' was passed
2026-02-13 22:54:43,741 [ERROR] 特徵計算失敗 vroc_quantile_10_250_0.8_v1: Index(...) must be called with a collection of some kind, 'open_time' was passed
2026-02-13 22:54:43,744 [ERROR] 特徵計算失敗 custom_atr_16_v1: Index(...) must be called with a collection of some kind, 'open_time' was passed
2026-02-13 22:54:43,747 [ERROR] 特徵計算失敗 smooth_mom_10_5_v1: Index(...) must be called with a collection of some kind, 'open_time' was passed
2026-02-13 22:54:43,750 [ERROR] 特徵計算失敗 custom_atr_quantile_16_25_0.9_v1: Index(...) must be called with a collection of some kind, 'open_time' was passed
2026-02-13 22:54:43,753 [ERROR] 特徵計算失敗 smooth_mom_quantile_10_5_25_0.7_v1: Index(...) must be called with a collection of some kind, 'open_time' was passed
2026-02-13 22:54:43,754 [ERROR] 特徵計算失敗 custom_atr_16_v1: Index(...) must be called with a collection of some kind, 'open_time' was passed
2026-02-13 22:54:43,757 [ERROR] 特徵計算失敗 smooth_obv_20_v1: Index(...) must be called with a collection of some kind, 'open_time' was passed
2026-02-13 22:54:43,759 [ERROR] 特徵計算失敗 custom_atr_quantile_16_30_0.9_v1: Index(...) must be called with a collection of some kind, 'open_time' was passed
2026-02-13 22:54:43,762 [ERROR] 特徵計算失敗 smooth_obv_quantile_20_30_0.9_v1: Index(...) must be called with a collection of some kind, 'open_time' was passed
2026-02-13 22:54:43,764 [ERROR] 特徵計算失敗 smooth_mom_10_5_v1: Index(...) must be called with a collection of some kind, 'open_time' was passed
2026-02-13 22:54:43,766 [ERROR] 特徵計算失敗 mad_close_10_v1: Index(...) must be called with a collection of some kind, 'open_time' was passed
2026-02-13 22:54:43,769 [ERROR] 特徵計算失敗 smooth_mom_quantile_10_5_25_0.7_v1: Index(...) must be called with a collection of some kind, 'open_time' was passed
2026-02-13 22:54:43,772 [ERROR] 特徵計算失敗 mad_quantile_10_25_0.1_v1: Index(...) must be called with a collection of some kind, 'open_time' was passed
2026-02-13 22:54:43,774 [ERROR] 特徵計算失敗 mad_close_10_v1: Index(...) must be called with a collection of some kind, 'open_time' was passed
2026-02-13 22:54:43,777 [ERROR] 特徵計算失敗 bs_ratio_v1: Index(...) must be called with a collection of some kind, 'open_time' was passed
2026-02-13 22:54:43,780 [ERROR] 特徵計算失敗 mad_quantile_10_30_0.7_v1: Index(...) must be called with a collection of some kind, 'open_time' was passed
2026-02-13 22:54:43,783 [ERROR] 特徵計算失敗 bs_quantile_30_0.9_v1: Index(...) must be called with a collection of some kind, 'open_time' was passed
2026-02-13 22:54:43,786 [ERROR] 特徵計算失敗 smooth_mom_10_5_v1: Index(...) must be called with a collection of some kind, 'open_time' was passed
2026-02-13 22:54:43,787 [ERROR] 特徵計算失敗 vroc_10_v1: Index(...) must be called with a collection of some kind, 'open_time' was passed
2026-02-13 22:54:43,790 [ERROR] 特徵計算失敗 smooth_mom_quantile_10_5_90_0.8_v1: Index(...) must be called with a collection of some kind, 'open_time' was passed
2026-02-13 22:54:43,793 [ERROR] 特徵計算失敗 vroc_quantile_10_90_0.9_v1: Index(...) must be called with a collection of some kind, 'open_time' was passed
2026-02-13 22:54:43,795 [ERROR] 特徵計算失敗 google_trends_raw_google_trends_BTC_v1: 'open_time' is both an index level and a column label, which is ambiguous.
2026-02-13 22:54:43,797 [ERROR] 特徵計算失敗 google_trends_raw_google_trends_crypto_v1: 'open_time' is both an index level and a column label, which is ambiguous.
2026-02-13 22:54:43,800 [ERROR] 特徵計算失敗 zscore_close_100_v1: Index(...) must be called with a collection of some kind, 'open_time' was passed
2026-02-13 22:54:43,803 [ERROR] 特徵計算失敗 zscore_quantile_100_1000_0.7_v1: Index(...) must be called with a collection of some kind, 'open_time' was passed
2026-02-13 22:54:43,806 [ERROR] 特徵計算失敗 fear_greed_raw_v1: 'open_time' is both an index level and a column label, which is ambiguous.
2026-02-13 22:54:43,807 [ERROR] 特徵計算失敗 macro_raw_yield_10y_v1: 'open_time' is both an index level and a column label, which is ambiguous.
2026-02-13 22:54:43,813 [ERROR] 特徵計算失敗 vol_sma_diff_15_v1: Index(...) must be called with a collection of some kind, 'open_time' was passed
2026-02-13 22:54:43,815 [ERROR] 特徵計算失敗 vol_sma_diff_quantile_15_60_0.8_v1: Index(...) must be called with a collection of some kind, 'open_time' was passed
2026-02-13 22:54:43,818 [ERROR] 特徵計算失敗 vol_sma_diff_quantile_15_100_0.2_v1: Index(...) must be called with a collection of some kind, 'open_time' was passed
2026-02-13 22:54:43,907 [ERROR] 特徵計算失敗 is_us_trade_time_v1: Index(...) must be called with a collection of some kind, 'open_time' was passed
2026-02-13 22:54:43,918 [ERROR] 特徵計算失敗 wavelet_us_stock_qqq_120_A_mean_v1: 'open_time' is both an index level and a column label, which is ambiguous.
2026-02-13 22:54:43,920 [INFO] [SNAPSHOT] 交易所總持倉: 0.0 BTC | 現價: 67749.1
2026-02-13 22:54:43,920 [INFO] 本週期結束，等待下一次收盤...
2026-02-13 22:57:52,433 [WARNING] 停止運行
2026-02-13 22:57:54,542 [INFO] 設定檔載入成功: config.json
2026-02-13 22:57:55,227 [INFO] [BACKFILL] 正在檢查 BTCUSDT 數據完整性...
2026-02-13 22:57:55,232 [INFO] [BACKFILL] 上次收盤: 2026-02-13 14:00:00 | 現在時間: 2026-02-13 14:57:55.232000 | 缺少 K 線: 0 根
2026-02-13 22:57:55,233 [INFO] [BACKFILL] 開始回補 2 根 K 線...
2026-02-13 22:57:56,623 [INFO] [BACKFILL] 成功寫入 2 筆數據！斷層修復完成。
2026-02-13 22:57:56,625 [INFO] [BG-TASK] 開始更新外部數據...
2026-02-13 22:57:56,625 [INFO]  外部數據背景更新啟動
2026-02-13 22:57:56,626 [INFO] 載入外部數據源: ['fear_greed', 'google_trends', 'fred_macro', 'us_stock_qqq']
2026-02-13 22:57:56,627 [INFO] 策略已掛載: PriceVolume1
2026-02-13 22:57:56,627 [INFO] 策略已掛載: PriceVolume2
2026-02-13 22:57:56,628 [INFO] 策略已掛載: PriceVolume3
2026-02-13 22:57:56,628 [INFO] 策略已掛載: PriceVolume4
2026-02-13 22:57:56,629 [INFO] 策略已掛載: PriceVolume5
2026-02-13 22:57:56,629 [INFO] 策略已掛載: PriceVolume6
2026-02-13 22:57:56,629 [INFO] 策略已掛載: PriceVolume7
2026-02-13 22:57:56,629 [INFO] 策略已掛載: PriceVolume8
2026-02-13 22:57:56,630 [INFO] 策略已掛載: PriceVolume9
2026-02-13 22:57:56,630 [INFO] 策略已掛載: SentimentStrategyV3
2026-02-13 22:57:56,630 [INFO] 策略已掛載: SentimentStrategyV2
2026-02-13 22:57:56,631 [INFO] 策略已掛載: PriceVolume10
2026-02-13 22:57:56,631 [INFO] 策略已掛載: QQQ_price
2026-02-13 22:57:56,631 [INFO] 目前運行策略列表: ['Strategy1_MAD_BSR', 'Price_Volume2', 'Strategy3_MAD_OBV_Quantile', 'Strategy4_High_Momentum', 'Strategy5_HighVol_Momentum', 'Strategy6_Climax_Momentum', 'Strategy7_Mom_LowVolFilter', 'Strategy8_Vol_BuyPressure', 'Strategy9_Mom_VROC_Shock', 'Strategy11_Trend_ZScore', 'Strategy12_GnF_Yield_Ratio', 'Strategy10_Volume_Diff_Reversion', 'Strategy13_QQQ_Wavelet_Trend']
2026-02-13 22:57:56,631 [INFO]  [Mock Mode] 模擬執行器已啟動，所有訂單均為虛擬。
2026-02-13 22:57:58,088 [INFO] 監控 1h K 線...
2026-02-13 22:57:58,151 [INFO] [ETL] 處理新 K 線: 2026-02-13 13:00:00
2026-02-13 22:57:58,170 [ERROR] 特徵計算失敗 mad_close_10_v1: Index(...) must be called with a collection of some kind, 'open_time' was passed
2026-02-13 22:57:58,172 [ERROR] 特徵計算失敗 bs_ratio_v1: Index(...) must be called with a collection of some kind, 'open_time' was passed
2026-02-13 22:57:58,175 [ERROR] 特徵計算失敗 mad_quantile_10_25_0.8_v1: Index(...) must be called with a collection of some kind, 'open_time' was passed
2026-02-13 22:57:58,177 [ERROR] 特徵計算失敗 bs_quantile_25_0.9_v1: Index(...) must be called with a collection of some kind, 'open_time' was passed
2026-02-13 22:57:58,319 [ERROR] 特徵計算失敗 is_us_trade_time_v1: Index(...) must be called with a collection of some kind, 'open_time' was passed
2026-02-13 22:57:58,322 [ERROR] 特徵計算失敗 custom_atr_16_v1: Index(...) must be called with a collection of some kind, 'open_time' was passed
2026-02-13 22:57:58,323 [ERROR] 特徵計算失敗 smooth_obv_20_v1: Index(...) must be called with a collection of some kind, 'open_time' was passed
2026-02-13 22:57:58,325 [ERROR] 特徵計算失敗 custom_atr_ma_16_30_v1: Index(...) must be called with a collection of some kind, 'open_time' was passed
2026-02-13 22:57:58,326 [ERROR] 特徵計算失敗 smooth_obv_ma_20_5_v1: Index(...) must be called with a collection of some kind, 'open_time' was passed
2026-02-13 22:57:58,328 [ERROR] 特徵計算失敗 mad_close_10_v1: Index(...) must be called with a collection of some kind, 'open_time' was passed
2026-02-13 22:57:58,329 [ERROR] 特徵計算失敗 smooth_obv_20_v1: Index(...) must be called with a collection of some kind, 'open_time' was passed
2026-02-13 22:57:58,332 [ERROR] 特徵計算失敗 mad_quantile_10_90_0.9_v1: Index(...) must be called with a collection of some kind, 'open_time' was passed
2026-02-13 22:57:58,335 [ERROR] 特徵計算失敗 smooth_obv_quantile_20_90_0.3_v1: Index(...) must be called with a collection of some kind, 'open_time' was passed
2026-02-13 22:57:58,336 [ERROR] 特徵計算失敗 vroc_10_v1: Index(...) must be called with a collection of some kind, 'open_time' was passed
2026-02-13 22:57:58,339 [ERROR] 特徵計算失敗 smooth_obv_20_v1: Index(...) must be called with a collection of some kind, 'open_time' was passed
2026-02-13 22:57:58,342 [ERROR] 特徵計算失敗 smooth_obv_quantile_20_250_0.8_v1: Index(...) must be called with a collection of some kind, 'open_time' was passed
2026-02-13 22:57:58,344 [ERROR] 特徵計算失敗 vroc_quantile_10_250_0.8_v1: Index(...) must be called with a collection of some kind, 'open_time' was passed
2026-02-13 22:57:58,346 [ERROR] 特徵計算失敗 custom_atr_16_v1: Index(...) must be called with a collection of some kind, 'open_time' was passed
2026-02-13 22:57:58,347 [ERROR] 特徵計算失敗 smooth_mom_10_5_v1: Index(...) must be called with a collection of some kind, 'open_time' was passed
2026-02-13 22:57:58,350 [ERROR] 特徵計算失敗 custom_atr_quantile_16_25_0.9_v1: Index(...) must be called with a collection of some kind, 'open_time' was passed
2026-02-13 22:57:58,355 [ERROR] 特徵計算失敗 smooth_mom_quantile_10_5_25_0.7_v1: Index(...) must be called with a collection of some kind, 'open_time' was passed
2026-02-13 22:57:58,358 [ERROR] 特徵計算失敗 custom_atr_16_v1: Index(...) must be called with a collection of some kind, 'open_time' was passed
2026-02-13 22:57:58,360 [ERROR] 特徵計算失敗 smooth_obv_20_v1: Index(...) must be called with a collection of some kind, 'open_time' was passed
2026-02-13 22:57:58,362 [ERROR] 特徵計算失敗 custom_atr_quantile_16_30_0.9_v1: Index(...) must be called with a collection of some kind, 'open_time' was passed
2026-02-13 22:57:58,366 [ERROR] 特徵計算失敗 smooth_obv_quantile_20_30_0.9_v1: Index(...) must be called with a collection of some kind, 'open_time' was passed
2026-02-13 22:57:58,368 [ERROR] 特徵計算失敗 smooth_mom_10_5_v1: Index(...) must be called with a collection of some kind, 'open_time' was passed
2026-02-13 22:57:58,370 [ERROR] 特徵計算失敗 mad_close_10_v1: Index(...) must be called with a collection of some kind, 'open_time' was passed
2026-02-13 22:57:58,373 [ERROR] 特徵計算失敗 smooth_mom_quantile_10_5_25_0.7_v1: Index(...) must be called with a collection of some kind, 'open_time' was passed
2026-02-13 22:57:58,376 [ERROR] 特徵計算失敗 mad_quantile_10_25_0.1_v1: Index(...) must be called with a collection of some kind, 'open_time' was passed
2026-02-13 22:57:58,379 [ERROR] 特徵計算失敗 mad_close_10_v1: Index(...) must be called with a collection of some kind, 'open_time' was passed
2026-02-13 22:57:58,382 [ERROR] 特徵計算失敗 bs_ratio_v1: Index(...) must be called with a collection of some kind, 'open_time' was passed
2026-02-13 22:57:58,385 [ERROR] 特徵計算失敗 mad_quantile_10_30_0.7_v1: Index(...) must be called with a collection of some kind, 'open_time' was passed
2026-02-13 22:57:58,388 [ERROR] 特徵計算失敗 bs_quantile_30_0.9_v1: Index(...) must be called with a collection of some kind, 'open_time' was passed
2026-02-13 22:57:58,390 [ERROR] 特徵計算失敗 smooth_mom_10_5_v1: Index(...) must be called with a collection of some kind, 'open_time' was passed
2026-02-13 22:57:58,392 [ERROR] 特徵計算失敗 vroc_10_v1: Index(...) must be called with a collection of some kind, 'open_time' was passed
2026-02-13 22:57:58,394 [ERROR] 特徵計算失敗 smooth_mom_quantile_10_5_90_0.8_v1: Index(...) must be called with a collection of some kind, 'open_time' was passed
2026-02-13 22:57:58,396 [ERROR] 特徵計算失敗 vroc_quantile_10_90_0.9_v1: Index(...) must be called with a collection of some kind, 'open_time' was passed
2026-02-13 22:57:58,400 [ERROR] 特徵計算失敗 google_trends_raw_google_trends_BTC_v1: 'open_time' is both an index level and a column label, which is ambiguous.
2026-02-13 22:57:58,404 [ERROR] 特徵計算失敗 google_trends_raw_google_trends_crypto_v1: 'open_time' is both an index level and a column label, which is ambiguous.
2026-02-13 22:57:58,407 [ERROR] 特徵計算失敗 zscore_close_100_v1: Index(...) must be called with a collection of some kind, 'open_time' was passed
2026-02-13 22:57:58,410 [ERROR] 特徵計算失敗 zscore_quantile_100_1000_0.7_v1: Index(...) must be called with a collection of some kind, 'open_time' was passed
2026-02-13 22:57:58,414 [ERROR] 特徵計算失敗 fear_greed_raw_v1: 'open_time' is both an index level and a column label, which is ambiguous.
2026-02-13 22:57:58,416 [ERROR] 特徵計算失敗 macro_raw_yield_10y_v1: 'open_time' is both an index level and a column label, which is ambiguous.
2026-02-13 22:57:58,422 [ERROR] 特徵計算失敗 vol_sma_diff_15_v1: Index(...) must be called with a collection of some kind, 'open_time' was passed
2026-02-13 22:57:58,424 [ERROR] 特徵計算失敗 vol_sma_diff_quantile_15_60_0.8_v1: Index(...) must be called with a collection of some kind, 'open_time' was passed
2026-02-13 22:57:58,427 [ERROR] 特徵計算失敗 vol_sma_diff_quantile_15_100_0.2_v1: Index(...) must be called with a collection of some kind, 'open_time' was passed
2026-02-13 22:57:58,513 [ERROR] 特徵計算失敗 is_us_trade_time_v1: Index(...) must be called with a collection of some kind, 'open_time' was passed
2026-02-13 22:57:58,525 [ERROR] 特徵計算失敗 wavelet_us_stock_qqq_120_A_mean_v1: 'open_time' is both an index level and a column label, which is ambiguous.
2026-02-13 22:57:58,527 [INFO] [SNAPSHOT] 交易所總持倉: 0.0 BTC | 現價: 67651.6
2026-02-13 22:57:58,528 [INFO] 本週期結束，等待下一次收盤...
2026-02-13 23:00:03,597 [INFO] [ETL] 處理新 K 線: 2026-02-13 14:00:00
2026-02-13 23:00:03,618 [ERROR] 特徵計算失敗 mad_close_10_v1: Index(...) must be called with a collection of some kind, 'open_time' was passed
2026-02-13 23:00:03,620 [ERROR] 特徵計算失敗 bs_ratio_v1: Index(...) must be called with a collection of some kind, 'open_time' was passed
2026-02-13 23:00:03,623 [ERROR] 特徵計算失敗 mad_quantile_10_25_0.8_v1: Index(...) must be called with a collection of some kind, 'open_time' was passed
2026-02-13 23:00:03,626 [ERROR] 特徵計算失敗 bs_quantile_25_0.9_v1: Index(...) must be called with a collection of some kind, 'open_time' was passed
2026-02-13 23:00:03,729 [ERROR] 特徵計算失敗 is_us_trade_time_v1: Index(...) must be called with a collection of some kind, 'open_time' was passed
2026-02-13 23:00:03,732 [ERROR] 特徵計算失敗 custom_atr_16_v1: Index(...) must be called with a collection of some kind, 'open_time' was passed
2026-02-13 23:00:03,734 [ERROR] 特徵計算失敗 smooth_obv_20_v1: Index(...) must be called with a collection of some kind, 'open_time' was passed
2026-02-13 23:00:03,737 [ERROR] 特徵計算失敗 custom_atr_ma_16_30_v1: Index(...) must be called with a collection of some kind, 'open_time' was passed
2026-02-13 23:00:03,741 [ERROR] 特徵計算失敗 smooth_obv_ma_20_5_v1: Index(...) must be called with a collection of some kind, 'open_time' was passed
2026-02-13 23:00:03,744 [ERROR] 特徵計算失敗 mad_close_10_v1: Index(...) must be called with a collection of some kind, 'open_time' was passed
2026-02-13 23:00:03,747 [ERROR] 特徵計算失敗 smooth_obv_20_v1: Index(...) must be called with a collection of some kind, 'open_time' was passed
2026-02-13 23:00:03,751 [ERROR] 特徵計算失敗 mad_quantile_10_90_0.9_v1: Index(...) must be called with a collection of some kind, 'open_time' was passed
2026-02-13 23:00:03,755 [ERROR] 特徵計算失敗 smooth_obv_quantile_20_90_0.3_v1: Index(...) must be called with a collection of some kind, 'open_time' was passed
2026-02-13 23:00:03,759 [ERROR] 特徵計算失敗 vroc_10_v1: Index(...) must be called with a collection of some kind, 'open_time' was passed
2026-02-13 23:00:03,761 [ERROR] 特徵計算失敗 smooth_obv_20_v1: Index(...) must be called with a collection of some kind, 'open_time' was passed
2026-02-13 23:00:03,763 [ERROR] 特徵計算失敗 smooth_obv_quantile_20_250_0.8_v1: Index(...) must be called with a collection of some kind, 'open_time' was passed
2026-02-13 23:00:03,767 [ERROR] 特徵計算失敗 vroc_quantile_10_250_0.8_v1: Index(...) must be called with a collection of some kind, 'open_time' was passed
2026-02-13 23:00:03,770 [ERROR] 特徵計算失敗 custom_atr_16_v1: Index(...) must be called with a collection of some kind, 'open_time' was passed
2026-02-13 23:00:03,772 [ERROR] 特徵計算失敗 smooth_mom_10_5_v1: Index(...) must be called with a collection of some kind, 'open_time' was passed
2026-02-13 23:00:03,776 [ERROR] 特徵計算失敗 custom_atr_quantile_16_25_0.9_v1: Index(...) must be called with a collection of some kind, 'open_time' was passed
2026-02-13 23:00:03,780 [ERROR] 特徵計算失敗 smooth_mom_quantile_10_5_25_0.7_v1: Index(...) must be called with a collection of some kind, 'open_time' was passed
2026-02-13 23:00:03,784 [ERROR] 特徵計算失敗 custom_atr_16_v1: Index(...) must be called with a collection of some kind, 'open_time' was passed
2026-02-13 23:00:03,786 [ERROR] 特徵計算失敗 smooth_obv_20_v1: Index(...) must be called with a collection of some kind, 'open_time' was passed
2026-02-13 23:00:03,789 [ERROR] 特徵計算失敗 custom_atr_quantile_16_30_0.9_v1: Index(...) must be called with a collection of some kind, 'open_time' was passed
2026-02-13 23:00:03,792 [ERROR] 特徵計算失敗 smooth_obv_quantile_20_30_0.9_v1: Index(...) must be called with a collection of some kind, 'open_time' was passed
2026-02-13 23:00:03,794 [ERROR] 特徵計算失敗 smooth_mom_10_5_v1: Index(...) must be called with a collection of some kind, 'open_time' was passed
2026-02-13 23:00:03,796 [ERROR] 特徵計算失敗 mad_close_10_v1: Index(...) must be called with a collection of some kind, 'open_time' was passed
2026-02-13 23:00:03,799 [ERROR] 特徵計算失敗 smooth_mom_quantile_10_5_25_0.7_v1: Index(...) must be called with a collection of some kind, 'open_time' was passed
2026-02-13 23:00:03,803 [ERROR] 特徵計算失敗 mad_quantile_10_25_0.1_v1: Index(...) must be called with a collection of some kind, 'open_time' was passed
2026-02-13 23:00:03,806 [ERROR] 特徵計算失敗 mad_close_10_v1: Index(...) must be called with a collection of some kind, 'open_time' was passed
2026-02-13 23:00:03,809 [ERROR] 特徵計算失敗 bs_ratio_v1: Index(...) must be called with a collection of some kind, 'open_time' was passed
2026-02-13 23:00:03,812 [ERROR] 特徵計算失敗 mad_quantile_10_30_0.7_v1: Index(...) must be called with a collection of some kind, 'open_time' was passed
2026-02-13 23:00:03,816 [ERROR] 特徵計算失敗 bs_quantile_30_0.9_v1: Index(...) must be called with a collection of some kind, 'open_time' was passed
2026-02-13 23:00:03,818 [ERROR] 特徵計算失敗 smooth_mom_10_5_v1: Index(...) must be called with a collection of some kind, 'open_time' was passed
2026-02-13 23:00:03,821 [ERROR] 特徵計算失敗 vroc_10_v1: Index(...) must be called with a collection of some kind, 'open_time' was passed
2026-02-13 23:00:03,823 [ERROR] 特徵計算失敗 smooth_mom_quantile_10_5_90_0.8_v1: Index(...) must be called with a collection of some kind, 'open_time' was passed
2026-02-13 23:00:03,826 [ERROR] 特徵計算失敗 vroc_quantile_10_90_0.9_v1: Index(...) must be called with a collection of some kind, 'open_time' was passed
2026-02-13 23:00:03,828 [ERROR] 特徵計算失敗 google_trends_raw_google_trends_BTC_v1: 'open_time' is both an index level and a column label, which is ambiguous.
2026-02-13 23:00:03,831 [ERROR] 特徵計算失敗 google_trends_raw_google_trends_crypto_v1: 'open_time' is both an index level and a column label, which is ambiguous.
2026-02-13 23:00:03,833 [ERROR] 特徵計算失敗 zscore_close_100_v1: Index(...) must be called with a collection of some kind, 'open_time' was passed
2026-02-13 23:00:03,836 [ERROR] 特徵計算失敗 zscore_quantile_100_1000_0.7_v1: Index(...) must be called with a collection of some kind, 'open_time' was passed
2026-02-13 23:00:03,839 [ERROR] 特徵計算失敗 fear_greed_raw_v1: 'open_time' is both an index level and a column label, which is ambiguous.
2026-02-13 23:00:03,841 [ERROR] 特徵計算失敗 macro_raw_yield_10y_v1: 'open_time' is both an index level and a column label, which is ambiguous.
2026-02-13 23:00:03,848 [ERROR] 特徵計算失敗 vol_sma_diff_15_v1: Index(...) must be called with a collection of some kind, 'open_time' was passed
2026-02-13 23:00:03,851 [ERROR] 特徵計算失敗 vol_sma_diff_quantile_15_60_0.8_v1: Index(...) must be called with a collection of some kind, 'open_time' was passed
2026-02-13 23:00:03,854 [ERROR] 特徵計算失敗 vol_sma_diff_quantile_15_100_0.2_v1: Index(...) must be called with a collection of some kind, 'open_time' was passed
2026-02-13 23:00:03,946 [ERROR] 特徵計算失敗 is_us_trade_time_v1: Index(...) must be called with a collection of some kind, 'open_time' was passed
2026-02-13 23:00:03,957 [ERROR] 特徵計算失敗 wavelet_us_stock_qqq_120_A_mean_v1: 'open_time' is both an index level and a column label, which is ambiguous.
2026-02-13 23:00:03,959 [INFO] [SNAPSHOT] 交易所總持倉: 0.0 BTC | 現價: 67709.5
2026-02-13 23:00:03,959 [INFO] 本週期結束，等待下一次收盤...
2026-02-13 23:00:07,011 [WARNING] 停止運行
2026-02-13 23:00:34,997 [INFO] 設定檔載入成功: config.json
2026-02-13 23:00:35,664 [INFO] [BACKFILL] 正在檢查 BTCUSDT 數據完整性...
2026-02-13 23:00:35,670 [INFO] [BACKFILL] 上次收盤: 2026-02-13 14:00:00 | 現在時間: 2026-02-13 15:00:35.669000 | 缺少 K 線: 1 根
2026-02-13 23:00:35,670 [INFO] [BACKFILL] 開始回補 3 根 K 線...
2026-02-13 23:00:36,159 [INFO] [BACKFILL] 成功寫入 3 筆數據！斷層修復完成。
2026-02-13 23:00:36,160 [INFO] [BG-TASK] 開始更新外部數據...
2026-02-13 23:00:36,160 [INFO]  外部數據背景更新啟動
2026-02-13 23:00:36,161 [INFO] 載入外部數據源: ['fear_greed', 'google_trends', 'fred_macro', 'us_stock_qqq']
2026-02-13 23:00:36,162 [INFO] 策略已掛載: PriceVolume1
2026-02-13 23:00:36,163 [INFO] 策略已掛載: PriceVolume2
2026-02-13 23:00:36,163 [INFO] 策略已掛載: PriceVolume3
2026-02-13 23:00:36,163 [INFO] 策略已掛載: PriceVolume4
2026-02-13 23:00:36,164 [INFO] 策略已掛載: PriceVolume5
2026-02-13 23:00:36,164 [INFO] 策略已掛載: PriceVolume6
2026-02-13 23:00:36,164 [INFO] 策略已掛載: PriceVolume7
2026-02-13 23:00:36,165 [INFO] 策略已掛載: PriceVolume8
2026-02-13 23:00:36,165 [INFO] 策略已掛載: PriceVolume9
2026-02-13 23:00:36,165 [INFO] 策略已掛載: SentimentStrategyV3
2026-02-13 23:00:36,166 [INFO] 策略已掛載: SentimentStrategyV2
2026-02-13 23:00:36,166 [INFO] 策略已掛載: PriceVolume10
2026-02-13 23:00:36,166 [INFO] 策略已掛載: QQQ_price
2026-02-13 23:00:36,166 [INFO] 目前運行策略列表: ['Strategy1_MAD_BSR', 'Price_Volume2', 'Strategy3_MAD_OBV_Quantile', 'Strategy4_High_Momentum', 'Strategy5_HighVol_Momentum', 'Strategy6_Climax_Momentum', 'Strategy7_Mom_LowVolFilter', 'Strategy8_Vol_BuyPressure', 'Strategy9_Mom_VROC_Shock', 'Strategy11_Trend_ZScore', 'Strategy12_GnF_Yield_Ratio', 'Strategy10_Volume_Diff_Reversion', 'Strategy13_QQQ_Wavelet_Trend']
2026-02-13 23:00:36,166 [INFO]  [Mock Mode] 模擬執行器已啟動，所有訂單均為虛擬。
2026-02-13 23:00:37,703 [INFO] 監控 1h K 線...
2026-02-13 23:00:37,761 [INFO] [ETL] 處理新 K 線: 2026-02-13 14:00:00
2026-02-13 23:00:37,776 [ERROR] 特徵計算失敗 mad_close_10_v1: Index(...) must be called with a collection of some kind, 'open_time' was passed
2026-02-13 23:00:37,779 [ERROR] 特徵計算失敗 bs_ratio_v1: Index(...) must be called with a collection of some kind, 'open_time' was passed
2026-02-13 23:00:37,782 [ERROR] 特徵計算失敗 mad_quantile_10_25_0.8_v1: Index(...) must be called with a collection of some kind, 'open_time' was passed
2026-02-13 23:00:37,784 [ERROR] 特徵計算失敗 bs_quantile_25_0.9_v1: Index(...) must be called with a collection of some kind, 'open_time' was passed
2026-02-13 23:00:37,920 [ERROR] 特徵計算失敗 is_us_trade_time_v1: Index(...) must be called with a collection of some kind, 'open_time' was passed
2026-02-13 23:00:37,922 [ERROR] 特徵計算失敗 custom_atr_16_v1: Index(...) must be called with a collection of some kind, 'open_time' was passed
2026-02-13 23:00:37,924 [ERROR] 特徵計算失敗 smooth_obv_20_v1: Index(...) must be called with a collection of some kind, 'open_time' was passed
2026-02-13 23:00:37,926 [ERROR] 特徵計算失敗 custom_atr_ma_16_30_v1: Index(...) must be called with a collection of some kind, 'open_time' was passed
2026-02-13 23:00:37,928 [ERROR] 特徵計算失敗 smooth_obv_ma_20_5_v1: Index(...) must be called with a collection of some kind, 'open_time' was passed
2026-02-13 23:00:37,931 [ERROR] 特徵計算失敗 mad_close_10_v1: Index(...) must be called with a collection of some kind, 'open_time' was passed
2026-02-13 23:00:37,932 [ERROR] 特徵計算失敗 smooth_obv_20_v1: Index(...) must be called with a collection of some kind, 'open_time' was passed
2026-02-13 23:00:37,935 [ERROR] 特徵計算失敗 mad_quantile_10_90_0.9_v1: Index(...) must be called with a collection of some kind, 'open_time' was passed
2026-02-13 23:00:37,938 [ERROR] 特徵計算失敗 smooth_obv_quantile_20_90_0.3_v1: Index(...) must be called with a collection of some kind, 'open_time' was passed
2026-02-13 23:00:37,941 [ERROR] 特徵計算失敗 vroc_10_v1: Index(...) must be called with a collection of some kind, 'open_time' was passed
2026-02-13 23:00:37,942 [ERROR] 特徵計算失敗 smooth_obv_20_v1: Index(...) must be called with a collection of some kind, 'open_time' was passed
2026-02-13 23:00:37,946 [ERROR] 特徵計算失敗 smooth_obv_quantile_20_250_0.8_v1: Index(...) must be called with a collection of some kind, 'open_time' was passed
2026-02-13 23:00:37,950 [ERROR] 特徵計算失敗 vroc_quantile_10_250_0.8_v1: Index(...) must be called with a collection of some kind, 'open_time' was passed
2026-02-13 23:00:37,953 [ERROR] 特徵計算失敗 custom_atr_16_v1: Index(...) must be called with a collection of some kind, 'open_time' was passed
2026-02-13 23:00:37,954 [ERROR] 特徵計算失敗 smooth_mom_10_5_v1: Index(...) must be called with a collection of some kind, 'open_time' was passed
2026-02-13 23:00:37,957 [ERROR] 特徵計算失敗 custom_atr_quantile_16_25_0.9_v1: Index(...) must be called with a collection of some kind, 'open_time' was passed
2026-02-13 23:00:37,960 [ERROR] 特徵計算失敗 smooth_mom_quantile_10_5_25_0.7_v1: Index(...) must be called with a collection of some kind, 'open_time' was passed
2026-02-13 23:00:37,961 [ERROR] 特徵計算失敗 custom_atr_16_v1: Index(...) must be called with a collection of some kind, 'open_time' was passed
2026-02-13 23:00:37,963 [ERROR] 特徵計算失敗 smooth_obv_20_v1: Index(...) must be called with a collection of some kind, 'open_time' was passed
2026-02-13 23:00:37,966 [ERROR] 特徵計算失敗 custom_atr_quantile_16_30_0.9_v1: Index(...) must be called with a collection of some kind, 'open_time' was passed
2026-02-13 23:00:37,968 [ERROR] 特徵計算失敗 smooth_obv_quantile_20_30_0.9_v1: Index(...) must be called with a collection of some kind, 'open_time' was passed
2026-02-13 23:00:37,970 [ERROR] 特徵計算失敗 smooth_mom_10_5_v1: Index(...) must be called with a collection of some kind, 'open_time' was passed
2026-02-13 23:00:37,972 [ERROR] 特徵計算失敗 mad_close_10_v1: Index(...) must be called with a collection of some kind, 'open_time' was passed
2026-02-13 23:00:37,975 [ERROR] 特徵計算失敗 smooth_mom_quantile_10_5_25_0.7_v1: Index(...) must be called with a collection of some kind, 'open_time' was passed
2026-02-13 23:00:37,977 [ERROR] 特徵計算失敗 mad_quantile_10_25_0.1_v1: Index(...) must be called with a collection of some kind, 'open_time' was passed
2026-02-13 23:00:37,980 [ERROR] 特徵計算失敗 mad_close_10_v1: Index(...) must be called with a collection of some kind, 'open_time' was passed
2026-02-13 23:00:37,982 [ERROR] 特徵計算失敗 bs_ratio_v1: Index(...) must be called with a collection of some kind, 'open_time' was passed
2026-02-13 23:00:37,984 [ERROR] 特徵計算失敗 mad_quantile_10_30_0.7_v1: Index(...) must be called with a collection of some kind, 'open_time' was passed
2026-02-13 23:00:37,986 [ERROR] 特徵計算失敗 bs_quantile_30_0.9_v1: Index(...) must be called with a collection of some kind, 'open_time' was passed
2026-02-13 23:00:37,989 [ERROR] 特徵計算失敗 smooth_mom_10_5_v1: Index(...) must be called with a collection of some kind, 'open_time' was passed
2026-02-13 23:00:37,990 [ERROR] 特徵計算失敗 vroc_10_v1: Index(...) must be called with a collection of some kind, 'open_time' was passed
2026-02-13 23:00:37,993 [ERROR] 特徵計算失敗 smooth_mom_quantile_10_5_90_0.8_v1: Index(...) must be called with a collection of some kind, 'open_time' was passed
2026-02-13 23:00:37,996 [ERROR] 特徵計算失敗 vroc_quantile_10_90_0.9_v1: Index(...) must be called with a collection of some kind, 'open_time' was passed
2026-02-13 23:00:37,998 [ERROR] 特徵計算失敗 google_trends_raw_google_trends_BTC_v1: 'open_time' is both an index level and a column label, which is ambiguous.
2026-02-13 23:00:38,000 [ERROR] 特徵計算失敗 google_trends_raw_google_trends_crypto_v1: 'open_time' is both an index level and a column label, which is ambiguous.
2026-02-13 23:00:38,003 [ERROR] 特徵計算失敗 zscore_close_100_v1: Index(...) must be called with a collection of some kind, 'open_time' was passed
2026-02-13 23:00:38,005 [ERROR] 特徵計算失敗 zscore_quantile_100_1000_0.7_v1: Index(...) must be called with a collection of some kind, 'open_time' was passed
2026-02-13 23:00:38,008 [ERROR] 特徵計算失敗 fear_greed_raw_v1: 'open_time' is both an index level and a column label, which is ambiguous.
2026-02-13 23:00:38,010 [ERROR] 特徵計算失敗 macro_raw_yield_10y_v1: 'open_time' is both an index level and a column label, which is ambiguous.
2026-02-13 23:00:38,017 [ERROR] 特徵計算失敗 vol_sma_diff_15_v1: Index(...) must be called with a collection of some kind, 'open_time' was passed
2026-02-13 23:00:38,019 [ERROR] 特徵計算失敗 vol_sma_diff_quantile_15_60_0.8_v1: Index(...) must be called with a collection of some kind, 'open_time' was passed
2026-02-13 23:00:38,022 [ERROR] 特徵計算失敗 vol_sma_diff_quantile_15_100_0.2_v1: Index(...) must be called with a collection of some kind, 'open_time' was passed
2026-02-13 23:00:38,111 [ERROR] 特徵計算失敗 is_us_trade_time_v1: Index(...) must be called with a collection of some kind, 'open_time' was passed
2026-02-13 23:00:38,124 [ERROR] 特徵計算失敗 wavelet_us_stock_qqq_120_A_mean_v1: 'open_time' is both an index level and a column label, which is ambiguous.
2026-02-13 23:00:38,126 [INFO] [SNAPSHOT] 交易所總持倉: 0.0 BTC | 現價: 67743.8
2026-02-13 23:00:38,126 [INFO] 本週期結束，等待下一次收盤...
2026-02-13 23:07:34,614 [WARNING] 停止運行
2026-02-13 23:07:36,486 [INFO] 設定檔載入成功: config.json
2026-02-13 23:07:37,141 [INFO] [BACKFILL] 正在檢查 BTCUSDT 數據完整性...
2026-02-13 23:07:37,146 [INFO] [BACKFILL] 上次收盤: 2026-02-13 15:00:00 | 現在時間: 2026-02-13 15:07:37.145000 | 缺少 K 線: 0 根
2026-02-13 23:07:37,146 [INFO] [BACKFILL] 開始回補 2 根 K 線...
2026-02-13 23:07:37,615 [INFO] [BACKFILL] 成功寫入 2 筆數據！斷層修復完成。
2026-02-13 23:07:37,617 [INFO] [BG-TASK] 開始更新外部數據...
2026-02-13 23:07:37,617 [INFO]  外部數據背景更新啟動
2026-02-13 23:07:37,618 [INFO] 載入外部數據源: ['fear_greed', 'google_trends', 'fred_macro', 'us_stock_qqq']
2026-02-13 23:07:37,620 [INFO] 策略已掛載: PriceVolume1
2026-02-13 23:07:37,620 [INFO] 策略已掛載: PriceVolume2
2026-02-13 23:07:37,620 [INFO] 策略已掛載: PriceVolume3
2026-02-13 23:07:37,621 [INFO] 策略已掛載: PriceVolume4
2026-02-13 23:07:37,621 [INFO] 策略已掛載: PriceVolume5
2026-02-13 23:07:37,621 [INFO] 策略已掛載: PriceVolume6
2026-02-13 23:07:37,621 [INFO] 策略已掛載: PriceVolume7
2026-02-13 23:07:37,622 [INFO] 策略已掛載: PriceVolume8
2026-02-13 23:07:37,622 [INFO] 策略已掛載: PriceVolume9
2026-02-13 23:07:37,622 [INFO] 策略已掛載: SentimentStrategyV3
2026-02-13 23:07:37,623 [INFO] 策略已掛載: SentimentStrategyV2
2026-02-13 23:07:37,623 [INFO] 策略已掛載: PriceVolume10
2026-02-13 23:07:37,623 [INFO] 策略已掛載: QQQ_price
2026-02-13 23:07:37,623 [INFO] 目前運行策略列表: ['Strategy1_MAD_BSR', 'Price_Volume2', 'Strategy3_MAD_OBV_Quantile', 'Strategy4_High_Momentum', 'Strategy5_HighVol_Momentum', 'Strategy6_Climax_Momentum', 'Strategy7_Mom_LowVolFilter', 'Strategy8_Vol_BuyPressure', 'Strategy9_Mom_VROC_Shock', 'Strategy11_Trend_ZScore', 'Strategy12_GnF_Yield_Ratio', 'Strategy10_Volume_Diff_Reversion', 'Strategy13_QQQ_Wavelet_Trend']
2026-02-13 23:07:37,624 [INFO]  [Mock Mode] 模擬執行器已啟動，所有訂單均為虛擬。
2026-02-13 23:07:39,588 [INFO] 監控 1h K 線...
2026-02-13 23:07:39,651 [INFO] [ETL] 處理新 K 線: 2026-02-13 14:00:00
2026-02-13 23:07:39,680 [ERROR] 特徵計算失敗 mad_close_10_v1: Index(...) must be called with a collection of some kind, 'open_time' was passed
2026-02-13 23:07:39,683 [ERROR] 特徵計算失敗 bs_ratio_v1: Index(...) must be called with a collection of some kind, 'open_time' was passed
2026-02-13 23:07:39,687 [ERROR] 特徵計算失敗 mad_quantile_10_25_0.8_v1: Index(...) must be called with a collection of some kind, 'open_time' was passed
2026-02-13 23:07:39,691 [ERROR] 特徵計算失敗 bs_quantile_25_0.9_v1: Index(...) must be called with a collection of some kind, 'open_time' was passed
2026-02-13 23:07:39,951 [ERROR] 特徵計算失敗 is_us_trade_time_v1: Index(...) must be called with a collection of some kind, 'open_time' was passed
2026-02-13 23:07:39,954 [ERROR] 特徵計算失敗 custom_atr_16_v1: Index(...) must be called with a collection of some kind, 'open_time' was passed
2026-02-13 23:07:39,956 [ERROR] 特徵計算失敗 smooth_obv_20_v1: Index(...) must be called with a collection of some kind, 'open_time' was passed
2026-02-13 23:07:39,959 [ERROR] 特徵計算失敗 custom_atr_ma_16_30_v1: Index(...) must be called with a collection of some kind, 'open_time' was passed
2026-02-13 23:07:39,961 [ERROR] 特徵計算失敗 smooth_obv_ma_20_5_v1: Index(...) must be called with a collection of some kind, 'open_time' was passed
2026-02-13 23:07:39,964 [ERROR] 特徵計算失敗 mad_close_10_v1: Index(...) must be called with a collection of some kind, 'open_time' was passed
2026-02-13 23:07:39,967 [ERROR] 特徵計算失敗 smooth_obv_20_v1: Index(...) must be called with a collection of some kind, 'open_time' was passed
2026-02-13 23:07:39,970 [ERROR] 特徵計算失敗 mad_quantile_10_90_0.9_v1: Index(...) must be called with a collection of some kind, 'open_time' was passed
2026-02-13 23:07:39,973 [ERROR] 特徵計算失敗 smooth_obv_quantile_20_90_0.3_v1: Index(...) must be called with a collection of some kind, 'open_time' was passed
2026-02-13 23:07:39,976 [ERROR] 特徵計算失敗 vroc_10_v1: Index(...) must be called with a collection of some kind, 'open_time' was passed
2026-02-13 23:07:39,978 [ERROR] 特徵計算失敗 smooth_obv_20_v1: Index(...) must be called with a collection of some kind, 'open_time' was passed
2026-02-13 23:07:39,982 [ERROR] 特徵計算失敗 smooth_obv_quantile_20_250_0.8_v1: Index(...) must be called with a collection of some kind, 'open_time' was passed
2026-02-13 23:07:39,985 [ERROR] 特徵計算失敗 vroc_quantile_10_250_0.8_v1: Index(...) must be called with a collection of some kind, 'open_time' was passed
2026-02-13 23:07:39,989 [ERROR] 特徵計算失敗 custom_atr_16_v1: Index(...) must be called with a collection of some kind, 'open_time' was passed
2026-02-13 23:07:39,991 [ERROR] 特徵計算失敗 smooth_mom_10_5_v1: Index(...) must be called with a collection of some kind, 'open_time' was passed
2026-02-13 23:07:39,995 [ERROR] 特徵計算失敗 custom_atr_quantile_16_25_0.9_v1: Index(...) must be called with a collection of some kind, 'open_time' was passed
2026-02-13 23:07:39,998 [ERROR] 特徵計算失敗 smooth_mom_quantile_10_5_25_0.7_v1: Index(...) must be called with a collection of some kind, 'open_time' was passed
2026-02-13 23:07:40,001 [ERROR] 特徵計算失敗 custom_atr_16_v1: Index(...) must be called with a collection of some kind, 'open_time' was passed
2026-02-13 23:07:40,003 [ERROR] 特徵計算失敗 smooth_obv_20_v1: Index(...) must be called with a collection of some kind, 'open_time' was passed
2026-02-13 23:07:40,007 [ERROR] 特徵計算失敗 custom_atr_quantile_16_30_0.9_v1: Index(...) must be called with a collection of some kind, 'open_time' was passed
2026-02-13 23:07:40,010 [ERROR] 特徵計算失敗 smooth_obv_quantile_20_30_0.9_v1: Index(...) must be called with a collection of some kind, 'open_time' was passed
2026-02-13 23:07:40,013 [ERROR] 特徵計算失敗 smooth_mom_10_5_v1: Index(...) must be called with a collection of some kind, 'open_time' was passed
2026-02-13 23:07:40,016 [ERROR] 特徵計算失敗 mad_close_10_v1: Index(...) must be called with a collection of some kind, 'open_time' was passed
2026-02-13 23:07:40,020 [ERROR] 特徵計算失敗 smooth_mom_quantile_10_5_25_0.7_v1: Index(...) must be called with a collection of some kind, 'open_time' was passed
2026-02-13 23:07:40,024 [ERROR] 特徵計算失敗 mad_quantile_10_25_0.1_v1: Index(...) must be called with a collection of some kind, 'open_time' was passed
2026-02-13 23:07:40,027 [ERROR] 特徵計算失敗 mad_close_10_v1: Index(...) must be called with a collection of some kind, 'open_time' was passed
2026-02-13 23:07:40,029 [ERROR] 特徵計算失敗 bs_ratio_v1: Index(...) must be called with a collection of some kind, 'open_time' was passed
2026-02-13 23:07:40,032 [ERROR] 特徵計算失敗 mad_quantile_10_30_0.7_v1: Index(...) must be called with a collection of some kind, 'open_time' was passed
2026-02-13 23:07:40,036 [ERROR] 特徵計算失敗 bs_quantile_30_0.9_v1: Index(...) must be called with a collection of some kind, 'open_time' was passed
2026-02-13 23:07:40,038 [ERROR] 特徵計算失敗 smooth_mom_10_5_v1: Index(...) must be called with a collection of some kind, 'open_time' was passed
2026-02-13 23:07:40,040 [ERROR] 特徵計算失敗 vroc_10_v1: Index(...) must be called with a collection of some kind, 'open_time' was passed
2026-02-13 23:07:40,043 [ERROR] 特徵計算失敗 smooth_mom_quantile_10_5_90_0.8_v1: Index(...) must be called with a collection of some kind, 'open_time' was passed
2026-02-13 23:07:40,047 [ERROR] 特徵計算失敗 vroc_quantile_10_90_0.9_v1: Index(...) must be called with a collection of some kind, 'open_time' was passed
2026-02-13 23:07:40,051 [ERROR] 特徵計算失敗 google_trends_raw_google_trends_BTC_v1: 'open_time' is both an index level and a column label, which is ambiguous.
2026-02-13 23:07:40,054 [ERROR] 特徵計算失敗 google_trends_raw_google_trends_crypto_v1: 'open_time' is both an index level and a column label, which is ambiguous.
2026-02-13 23:07:40,056 [ERROR] 特徵計算失敗 zscore_close_100_v1: Index(...) must be called with a collection of some kind, 'open_time' was passed
2026-02-13 23:07:40,061 [ERROR] 特徵計算失敗 zscore_quantile_100_1000_0.7_v1: Index(...) must be called with a collection of some kind, 'open_time' was passed
2026-02-13 23:07:40,065 [ERROR] 特徵計算失敗 fear_greed_raw_v1: 'open_time' is both an index level and a column label, which is ambiguous.
2026-02-13 23:07:40,069 [ERROR] 特徵計算失敗 macro_raw_yield_10y_v1: 'open_time' is both an index level and a column label, which is ambiguous.
2026-02-13 23:07:40,078 [ERROR] 特徵計算失敗 vol_sma_diff_15_v1: Index(...) must be called with a collection of some kind, 'open_time' was passed
2026-02-13 23:07:40,082 [ERROR] 特徵計算失敗 vol_sma_diff_quantile_15_60_0.8_v1: Index(...) must be called with a collection of some kind, 'open_time' was passed
2026-02-13 23:07:40,085 [ERROR] 特徵計算失敗 vol_sma_diff_quantile_15_100_0.2_v1: Index(...) must be called with a collection of some kind, 'open_time' was passed
2026-02-13 23:07:40,250 [ERROR] 特徵計算失敗 is_us_trade_time_v1: Index(...) must be called with a collection of some kind, 'open_time' was passed
2026-02-13 23:07:40,270 [ERROR] 特徵計算失敗 wavelet_us_stock_qqq_120_A_mean_v1: 'open_time' is both an index level and a column label, which is ambiguous.
2026-02-13 23:07:40,273 [INFO] [SNAPSHOT] 交易所總持倉: 0.0 BTC | 現價: 67700.1
2026-02-13 23:07:40,273 [INFO] 本週期結束，等待下一次收盤...
2026-02-13 23:07:48,290 [WARNING] 停止運行
2026-02-13 23:15:34,807 [INFO] 設定檔載入成功: config.json
2026-02-13 23:15:35,484 [INFO] [BACKFILL] 正在檢查 BTCUSDT 數據完整性...
2026-02-13 23:15:35,488 [INFO] [BACKFILL] 上次收盤: 2026-02-13 15:00:00 | 現在時間: 2026-02-13 15:15:35.487000 | 缺少 K 線: 0 根
2026-02-13 23:15:35,488 [INFO] [BACKFILL] 開始回補 2 根 K 線...
2026-02-13 23:15:35,985 [INFO] [BACKFILL] 成功寫入 2 筆數據！斷層修復完成。
2026-02-13 23:15:35,986 [INFO] [BG-TASK] 開始更新外部數據...
2026-02-13 23:15:35,986 [INFO]  外部數據背景更新啟動
2026-02-13 23:15:35,987 [INFO] 載入外部數據源: ['fear_greed', 'google_trends', 'fred_macro', 'us_stock_qqq']
2026-02-13 23:15:35,988 [INFO] 策略已掛載: PriceVolume2
2026-02-13 23:15:35,988 [INFO] 目前運行策略列表: ['Price_Volume2']
2026-02-13 23:15:35,988 [INFO]  [Mock Mode] 模擬執行器已啟動，所有訂單均為虛擬。
2026-02-13 23:15:37,539 [INFO] 監控 1h K 線...
2026-02-13 23:15:37,607 [INFO] [ETL] 處理新 K 線: 2026-02-13 14:00:00
2026-02-13 23:15:37,626 [ERROR] 特徵計算失敗 custom_atr_16_v1: Index(...) must be called with a collection of some kind, 'open_time' was passed
2026-02-13 23:15:37,628 [ERROR] 特徵計算失敗 smooth_obv_20_v1: Index(...) must be called with a collection of some kind, 'open_time' was passed
2026-02-13 23:15:37,631 [ERROR] 特徵計算失敗 custom_atr_ma_16_30_v1: Index(...) must be called with a collection of some kind, 'open_time' was passed
2026-02-13 23:15:37,633 [ERROR] 特徵計算失敗 smooth_obv_ma_20_5_v1: Index(...) must be called with a collection of some kind, 'open_time' was passed
2026-02-13 23:15:37,634 [INFO] [SNAPSHOT] 交易所總持倉: 0.0 BTC | 現價: 68428.4
2026-02-13 23:15:37,634 [INFO] 本週期結束，等待下一次收盤...
2026-02-13 23:20:09,553 [WARNING] 停止運行
2026-02-13 23:20:12,400 [INFO] 設定檔載入成功: config.json
2026-02-13 23:20:13,022 [INFO] [BACKFILL] 正在檢查 BTCUSDT 數據完整性...
2026-02-13 23:20:13,027 [INFO] [BACKFILL] 上次收盤: 2026-02-13 15:00:00 | 現在時間: 2026-02-13 15:20:13.027000 | 缺少 K 線: 0 根
2026-02-13 23:20:13,027 [INFO] [BACKFILL] 開始回補 2 根 K 線...
2026-02-13 23:20:13,450 [INFO] [BACKFILL] 成功寫入 2 筆數據！斷層修復完成。
2026-02-13 23:20:13,451 [INFO] [BG-TASK] 開始更新外部數據...
2026-02-13 23:20:13,451 [INFO]  外部數據背景更新啟動
2026-02-13 23:20:13,452 [INFO] 載入外部數據源: ['fear_greed', 'google_trends', 'fred_macro', 'us_stock_qqq']
2026-02-13 23:20:13,454 [INFO] 策略已掛載: PriceVolume2
2026-02-13 23:20:13,454 [INFO] 目前運行策略列表: ['Price_Volume2']
2026-02-13 23:20:13,454 [INFO]  [Mock Mode] 模擬執行器已啟動，所有訂單均為虛擬。
2026-02-13 23:20:14,982 [INFO] 監控 1h K 線...
2026-02-13 23:20:15,039 [INFO] [ETL] 處理新 K 線: 2026-02-13 14:00:00
2026-02-13 23:20:15,066 [INFO] [SNAPSHOT] 交易所總持倉: 0.0 BTC | 現價: 68259.1
2026-02-13 23:20:15,066 [INFO] 本週期結束，等待下一次收盤...
2026-02-13 23:26:38,237 [WARNING] 停止運行
2026-02-13 23:26:40,074 [INFO] 設定檔載入成功: config.json
2026-02-13 23:26:40,735 [INFO] [BACKFILL] 正在檢查 BTCUSDT 數據完整性...
2026-02-13 23:26:40,740 [INFO] [BACKFILL] 上次收盤: 2026-02-13 15:00:00 | 現在時間: 2026-02-13 15:26:40.740000 | 缺少 K 線: 0 根
2026-02-13 23:26:40,741 [INFO] [BACKFILL] 開始回補 2 根 K 線...
2026-02-13 23:26:41,168 [INFO] [BACKFILL] 成功寫入 2 筆數據！斷層修復完成。
2026-02-13 23:26:41,169 [INFO] [BG-TASK] 開始更新外部數據...
2026-02-13 23:26:41,170 [INFO]  外部數據背景更新啟動
2026-02-13 23:26:41,171 [INFO] 載入外部數據源: ['fear_greed', 'google_trends', 'fred_macro', 'us_stock_qqq']
2026-02-13 23:26:41,173 [INFO] 策略已掛載: PriceVolume2
2026-02-13 23:26:41,173 [INFO] 目前運行策略列表: ['Price_Volume2']
2026-02-13 23:26:41,173 [INFO]  [Mock Mode] 模擬執行器已啟動，所有訂單均為虛擬。
2026-02-13 23:26:42,624 [INFO] 監控 1h K 線...
2026-02-13 23:26:42,679 [INFO] [ETL] 處理新 K 線: 2026-02-13 14:00:00
2026-02-13 23:26:42,701 [INFO] [SNAPSHOT] 交易所總持倉: 0.0 BTC | 現價: 68659.6
2026-02-13 23:26:42,701 [INFO] 本週期結束，等待下一次收盤...
2026-02-13 23:26:45,906 [WARNING] 停止運行
2026-02-13 23:27:34,739 [INFO] 設定檔載入成功: config.json
2026-02-13 23:27:35,374 [INFO] [BACKFILL] 正在檢查 BTCUSDT 數據完整性...
2026-02-13 23:27:35,378 [INFO] [BACKFILL] 上次收盤: 2026-02-13 15:00:00 | 現在時間: 2026-02-13 15:27:35.378000 | 缺少 K 線: 0 根
2026-02-13 23:27:35,378 [INFO] [BACKFILL] 開始回補 2 根 K 線...
2026-02-13 23:27:35,744 [INFO] [BACKFILL] 成功寫入 2 筆數據！斷層修復完成。
2026-02-13 23:27:35,745 [INFO] [BG-TASK] 開始更新外部數據...
2026-02-13 23:27:35,745 [INFO]  外部數據背景更新啟動
2026-02-13 23:27:35,746 [INFO] 載入外部數據源: ['fear_greed', 'google_trends', 'fred_macro', 'us_stock_qqq']
2026-02-13 23:27:35,748 [INFO] 策略已掛載: PriceVolume2
2026-02-13 23:27:35,748 [INFO] 目前運行策略列表: ['Price_Volume2']
2026-02-13 23:27:35,748 [INFO]  [Mock Mode] 模擬執行器已啟動，所有訂單均為虛擬。
2026-02-13 23:27:37,292 [INFO] 監控 1h K 線...
2026-02-13 23:27:37,358 [INFO] [ETL] 處理新 K 線: 2026-02-13 14:00:00
2026-02-13 23:27:37,401 [INFO] [SNAPSHOT] 交易所總持倉: 0.0 BTC | 現價: 68661.1
2026-02-13 23:27:37,402 [INFO] 本週期結束，等待下一次收盤...
2026-02-13 23:28:36,488 [WARNING] 停止運行
2026-02-13 23:28:42,897 [INFO] 設定檔載入成功: config.json
2026-02-13 23:28:43,505 [INFO] [BACKFILL] 正在檢查 BTCUSDT 數據完整性...
2026-02-13 23:28:43,509 [INFO] [BACKFILL] 上次收盤: 2026-02-13 15:00:00 | 現在時間: 2026-02-13 15:28:43.509000 | 缺少 K 線: 0 根
2026-02-13 23:28:43,509 [INFO] [BACKFILL] 開始回補 2 根 K 線...
2026-02-13 23:28:43,908 [INFO] [BACKFILL] 成功寫入 2 筆數據！斷層修復完成。
2026-02-13 23:28:43,909 [INFO] [BG-TASK] 開始更新外部數據...
2026-02-13 23:28:43,909 [INFO]  外部數據背景更新啟動
2026-02-13 23:28:43,910 [INFO] 載入外部數據源: ['fear_greed', 'google_trends', 'fred_macro', 'us_stock_qqq']
2026-02-13 23:28:43,911 [INFO] 策略已掛載: PriceVolume2
2026-02-13 23:28:43,912 [INFO] 目前運行策略列表: ['Price_Volume2']
2026-02-13 23:28:43,912 [INFO]  [Mock Mode] 模擬執行器已啟動，所有訂單均為虛擬。
2026-02-13 23:28:45,461 [INFO] 監控 1h K 線...
2026-02-13 23:28:45,513 [INFO] [ETL] 處理新 K 線: 2026-02-13 14:00:00
2026-02-13 23:28:45,543 [INFO] [SNAPSHOT] 交易所總持倉: 0.0 BTC | 現價: 68740.0
2026-02-13 23:28:45,543 [INFO] 本週期結束，等待下一次收盤...
2026-02-13 23:45:06,117 [WARNING] 停止運行
2026-02-13 23:47:26,593 [INFO] 設定檔載入成功: config.json
2026-02-13 23:47:27,292 [INFO] [BACKFILL] 正在檢查 BTCUSDT 數據完整性...
2026-02-13 23:47:27,297 [INFO] [BACKFILL] 上次收盤: 2026-02-13 15:00:00 | 現在時間: 2026-02-13 15:47:27.295000 | 缺少 K 線: 0 根
2026-02-13 23:47:27,297 [INFO] [BACKFILL] 開始回補 2 根 K 線...
2026-02-13 23:47:27,745 [INFO] [BACKFILL] 成功寫入 2 筆數據！斷層修復完成。
2026-02-13 23:47:27,746 [INFO] [BG-TASK] 開始更新外部數據...
2026-02-13 23:47:27,746 [INFO]  外部數據背景更新啟動
2026-02-13 23:47:27,746 [INFO] 載入外部數據源: ['fear_greed', 'google_trends', 'fred_macro', 'us_stock_qqq']
2026-02-13 23:47:27,748 [INFO] 策略已掛載: PriceVolume2
2026-02-13 23:47:27,748 [INFO] 目前運行策略列表: ['Price_Volume2']
2026-02-13 23:47:27,748 [INFO]  [Mock Mode] 模擬執行器已啟動，所有訂單均為虛擬。
2026-02-13 23:47:29,327 [INFO] 監控 1h K 線...
2026-02-13 23:47:29,389 [INFO] [ETL] 處理新 K 線: 2026-02-13 14:00:00
2026-02-13 23:47:29,415 [ERROR] 特徵計算失敗 custom_atr_16_v1: Index(...) must be called with a collection of some kind, 'open_time' was passed
2026-02-13 23:47:29,421 [ERROR] 特徵計算失敗 smooth_obv_20_v1: Index(...) must be called with a collection of some kind, 'open_time' was passed
2026-02-13 23:47:29,423 [ERROR] 特徵計算失敗 custom_atr_ma_16_30_v1: Index(...) must be called with a collection of some kind, 'open_time' was passed
2026-02-13 23:47:29,427 [ERROR] 特徵計算失敗 smooth_obv_ma_20_5_v1: Index(...) must be called with a collection of some kind, 'open_time' was passed
2026-02-13 23:47:29,427 [INFO] [SNAPSHOT] 交易所總持倉: 0.0 BTC | 現價: 68502.9
2026-02-13 23:47:29,427 [INFO] 本週期結束，等待下一次收盤...
2026-02-13 23:47:31,608 [WARNING] 停止運行
2026-02-13 23:53:52,453 [INFO] 設定檔載入成功: config.json
2026-02-13 23:53:53,141 [INFO] [BACKFILL] 正在檢查 BTCUSDT 數據完整性...
2026-02-13 23:53:53,146 [INFO] [BACKFILL] 上次收盤: 2026-02-13 15:00:00 | 現在時間: 2026-02-13 15:53:53.145000 | 缺少 K 線: 0 根
2026-02-13 23:53:53,146 [INFO] [BACKFILL] 開始回補 2 根 K 線...
2026-02-13 23:53:53,687 [INFO] [BACKFILL] 成功寫入 2 筆數據！斷層修復完成。
2026-02-13 23:53:53,688 [INFO] [BG-TASK] 開始更新外部數據...
2026-02-13 23:53:53,688 [INFO]  外部數據背景更新啟動
2026-02-13 23:53:53,689 [INFO] 載入外部數據源: ['fear_greed', 'google_trends', 'fred_macro', 'us_stock_qqq']
2026-02-13 23:53:53,690 [INFO] 策略已掛載: PriceVolume2
2026-02-13 23:53:53,691 [INFO] 目前運行策略列表: ['Price_Volume2']
2026-02-13 23:53:53,691 [INFO]  [Mock Mode] 模擬執行器已啟動，所有訂單均為虛擬。
2026-02-13 23:53:56,683 [INFO] 監控 1h K 線...
2026-02-13 23:53:56,734 [INFO] [ETL] 處理新 K 線: 2026-02-13 14:00:00
2026-02-13 23:53:56,759 [ERROR] 特徵計算失敗 custom_atr_16_v1: Index(...) must be called with a collection of some kind, 'open_time' was passed
2026-02-13 23:53:56,765 [ERROR] 特徵計算失敗 smooth_obv_20_v1: Index(...) must be called with a collection of some kind, 'open_time' was passed
2026-02-13 23:53:56,770 [ERROR] 特徵計算失敗 custom_atr_ma_16_30_v1: Index(...) must be called with a collection of some kind, 'open_time' was passed
2026-02-13 23:53:56,775 [ERROR] 特徵計算失敗 smooth_obv_ma_20_5_v1: Index(...) must be called with a collection of some kind, 'open_time' was passed
2026-02-13 23:53:56,776 [INFO] [SNAPSHOT] 交易所總持倉: 0.0 BTC | 現價: 68574.8
2026-02-13 23:53:56,776 [INFO] 本週期結束，等待下一次收盤...
2026-02-13 23:54:50,685 [WARNING] 停止運行
2026-02-13 23:54:56,492 [INFO] 設定檔載入成功: config.json
2026-02-13 23:54:57,100 [INFO] [BACKFILL] 正在檢查 BTCUSDT 數據完整性...
2026-02-13 23:54:57,106 [INFO] [BACKFILL] 上次收盤: 2026-02-13 15:00:00 | 現在時間: 2026-02-13 15:54:57.105000 | 缺少 K 線: 0 根
2026-02-13 23:54:57,106 [INFO] [BACKFILL] 開始回補 2 根 K 線...
2026-02-13 23:54:57,482 [INFO] [BACKFILL] 成功寫入 2 筆數據！斷層修復完成。
2026-02-13 23:54:57,483 [INFO] [BG-TASK] 開始更新外部數據...
2026-02-13 23:54:57,483 [INFO]  外部數據背景更新啟動
2026-02-13 23:54:57,484 [INFO] 載入外部數據源: ['fear_greed', 'google_trends', 'fred_macro', 'us_stock_qqq']
2026-02-13 23:54:57,485 [INFO] 策略已掛載: PriceVolume2
2026-02-13 23:54:57,485 [INFO] 目前運行策略列表: ['Price_Volume2']
2026-02-13 23:54:57,486 [INFO]  [Mock Mode] 模擬執行器已啟動，所有訂單均為虛擬。
2026-02-13 23:54:58,958 [INFO] 監控 1h K 線...
2026-02-13 23:54:59,017 [INFO] [ETL] 處理新 K 線: 2026-02-13 14:00:00
2026-02-13 23:54:59,039 [ERROR] 特徵計算失敗 custom_atr_16_v1: Index(...) must be called with a collection of some kind, 'open_time' was passed
2026-02-13 23:54:59,043 [ERROR] 特徵計算失敗 smooth_obv_20_v1: Index(...) must be called with a collection of some kind, 'open_time' was passed
2026-02-13 23:54:59,048 [ERROR] 特徵計算失敗 custom_atr_ma_16_30_v1: Index(...) must be called with a collection of some kind, 'open_time' was passed
2026-02-13 23:54:59,053 [ERROR] 特徵計算失敗 smooth_obv_ma_20_5_v1: Index(...) must be called with a collection of some kind, 'open_time' was passed
2026-02-13 23:54:59,053 [INFO] [SNAPSHOT] 交易所總持倉: 0.0 BTC | 現價: 68567.3
2026-02-13 23:54:59,053 [INFO] 本週期結束，等待下一次收盤...
2026-02-13 23:55:05,843 [WARNING] 停止運行
2026-02-13 23:55:21,816 [INFO] 設定檔載入成功: config.json
2026-02-13 23:55:22,464 [INFO] [BACKFILL] 正在檢查 BTCUSDT 數據完整性...
2026-02-13 23:55:22,469 [INFO] [BACKFILL] 上次收盤: 2026-02-13 15:00:00 | 現在時間: 2026-02-13 15:55:22.469000 | 缺少 K 線: 0 根
2026-02-13 23:55:22,470 [INFO] [BACKFILL] 開始回補 2 根 K 線...
2026-02-13 23:55:22,830 [INFO] [BACKFILL] 成功寫入 2 筆數據！斷層修復完成。
2026-02-13 23:55:22,832 [INFO] [BG-TASK] 開始更新外部數據...
2026-02-13 23:55:22,832 [INFO]  外部數據背景更新啟動
2026-02-13 23:55:22,832 [INFO] 載入外部數據源: ['fear_greed', 'google_trends', 'fred_macro', 'us_stock_qqq']
2026-02-13 23:55:22,834 [INFO] 策略已掛載: PriceVolume2
2026-02-13 23:55:22,834 [INFO] 目前運行策略列表: ['Price_Volume2']
2026-02-13 23:55:22,834 [INFO]  [Mock Mode] 模擬執行器已啟動，所有訂單均為虛擬。
2026-02-13 23:55:24,356 [INFO] 監控 1h K 線...
2026-02-13 23:55:24,413 [INFO] [ETL] 處理新 K 線: 2026-02-13 14:00:00
2026-02-13 23:55:24,440 [ERROR] 特徵計算失敗 custom_atr_16_v1: Index(...) must be called with a collection of some kind, 'open_time' was passed
2026-02-13 23:55:24,444 [ERROR] 特徵計算失敗 smooth_obv_20_v1: Index(...) must be called with a collection of some kind, 'open_time' was passed
2026-02-13 23:55:24,450 [ERROR] 特徵計算失敗 custom_atr_ma_16_30_v1: Index(...) must be called with a collection of some kind, 'open_time' was passed
2026-02-13 23:55:24,454 [ERROR] 特徵計算失敗 smooth_obv_ma_20_5_v1: Index(...) must be called with a collection of some kind, 'open_time' was passed
2026-02-13 23:55:24,455 [INFO] [SNAPSHOT] 交易所總持倉: 0.0 BTC | 現價: 68584.7
2026-02-13 23:55:24,455 [INFO] 本週期結束，等待下一次收盤...
2026-02-13 23:55:35,650 [WARNING] 停止運行
2026-02-14 00:05:28,483 [INFO] 設定檔載入成功: config.json
2026-02-14 00:05:29,211 [INFO] [BACKFILL] 正在檢查 BTCUSDT 數據完整性...
2026-02-14 00:05:29,216 [INFO] [BACKFILL] 上次收盤: 2026-02-13 15:00:00 | 現在時間: 2026-02-13 16:05:29.216000 | 缺少 K 線: 1 根
2026-02-14 00:05:29,216 [INFO] [BACKFILL] 開始回補 3 根 K 線...
2026-02-14 00:05:29,702 [INFO] [BACKFILL] 成功寫入 3 筆數據！斷層修復完成。
2026-02-14 00:05:29,703 [INFO] [BG-TASK] 開始更新外部數據...
2026-02-14 00:05:29,703 [INFO]  外部數據背景更新啟動
2026-02-14 00:05:29,703 [INFO] 載入外部數據源: ['fear_greed', 'google_trends', 'fred_macro', 'us_stock_qqq']
2026-02-14 00:05:29,705 [INFO] 策略已掛載: PriceVolume1
2026-02-14 00:05:29,705 [INFO] 策略已掛載: PriceVolume2
2026-02-14 00:05:29,705 [INFO] 策略已掛載: PriceVolume3
2026-02-14 00:05:29,705 [INFO] 策略已掛載: PriceVolume4
2026-02-14 00:05:29,706 [INFO] 策略已掛載: PriceVolume5
2026-02-14 00:05:29,706 [INFO] 策略已掛載: PriceVolume6
2026-02-14 00:05:29,706 [INFO] 策略已掛載: PriceVolume7
2026-02-14 00:05:29,706 [INFO] 策略已掛載: PriceVolume8
2026-02-14 00:05:29,706 [INFO] 策略已掛載: PriceVolume9
2026-02-14 00:05:29,707 [INFO] 策略已掛載: SentimentStrategyV3
2026-02-14 00:05:29,707 [INFO] 策略已掛載: SentimentStrategyV2
2026-02-14 00:05:29,707 [INFO] 策略已掛載: PriceVolume10
2026-02-14 00:05:29,707 [INFO] 策略已掛載: QQQ_price
2026-02-14 00:05:29,707 [INFO] 目前運行策略列表: ['Strategy1_MAD_BSR', 'Price_Volume2', 'Strategy3_MAD_OBV_Quantile', 'Strategy4_High_Momentum', 'Strategy5_HighVol_Momentum', 'Strategy6_Climax_Momentum', 'Strategy7_Mom_LowVolFilter', 'Strategy8_Vol_BuyPressure', 'Strategy9_Mom_VROC_Shock', 'Strategy11_Trend_ZScore', 'Strategy12_GnF_Yield_Ratio', 'Strategy10_Volume_Diff_Reversion', 'Strategy13_QQQ_Wavelet_Trend']
2026-02-14 00:05:29,708 [INFO]  [Mock Mode] 模擬執行器已啟動，所有訂單均為虛擬。
2026-02-14 00:05:31,134 [INFO] 監控 1h K 線...
2026-02-14 00:05:31,201 [INFO] [ETL] 處理新 K 線: 2026-02-13 15:00:00
2026-02-14 00:05:31,226 [ERROR] 特徵計算失敗 mad_close_10_v1: Index(...) must be called with a collection of some kind, 'open_time' was passed
2026-02-14 00:05:31,232 [ERROR] 特徵計算失敗 bs_ratio_v1: Index(...) must be called with a collection of some kind, 'open_time' was passed
2026-02-14 00:05:31,238 [ERROR] 特徵計算失敗 mad_quantile_10_25_0.8_v1: Index(...) must be called with a collection of some kind, 'open_time' was passed
2026-02-14 00:05:31,244 [ERROR] 特徵計算失敗 bs_quantile_25_0.9_v1: Index(...) must be called with a collection of some kind, 'open_time' was passed
2026-02-14 00:05:31,393 [ERROR] 特徵計算失敗 is_us_trade_time_v1: Index(...) must be called with a collection of some kind, 'open_time' was passed
2026-02-14 00:05:31,399 [ERROR] 特徵計算失敗 custom_atr_16_v1: Index(...) must be called with a collection of some kind, 'open_time' was passed
2026-02-14 00:05:31,402 [ERROR] 特徵計算失敗 smooth_obv_20_v1: Index(...) must be called with a collection of some kind, 'open_time' was passed
2026-02-14 00:05:31,408 [ERROR] 特徵計算失敗 custom_atr_ma_16_30_v1: Index(...) must be called with a collection of some kind, 'open_time' was passed
2026-02-14 00:05:31,413 [ERROR] 特徵計算失敗 smooth_obv_ma_20_5_v1: Index(...) must be called with a collection of some kind, 'open_time' was passed
2026-02-14 00:05:31,418 [ERROR] 特徵計算失敗 mad_close_10_v1: Index(...) must be called with a collection of some kind, 'open_time' was passed
2026-02-14 00:05:31,425 [ERROR] 特徵計算失敗 smooth_obv_20_v1: Index(...) must be called with a collection of some kind, 'open_time' was passed
2026-02-14 00:05:31,429 [ERROR] 特徵計算失敗 mad_quantile_10_90_0.9_v1: Index(...) must be called with a collection of some kind, 'open_time' was passed
2026-02-14 00:05:31,436 [ERROR] 特徵計算失敗 smooth_obv_quantile_20_90_0.3_v1: Index(...) must be called with a collection of some kind, 'open_time' was passed
2026-02-14 00:05:31,441 [ERROR] 特徵計算失敗 vroc_10_v1: Index(...) must be called with a collection of some kind, 'open_time' was passed
2026-02-14 00:05:31,446 [ERROR] 特徵計算失敗 smooth_obv_20_v1: Index(...) must be called with a collection of some kind, 'open_time' was passed
2026-02-14 00:05:31,452 [ERROR] 特徵計算失敗 smooth_obv_quantile_20_250_0.8_v1: Index(...) must be called with a collection of some kind, 'open_time' was passed
2026-02-14 00:05:31,458 [ERROR] 特徵計算失敗 vroc_quantile_10_250_0.8_v1: Index(...) must be called with a collection of some kind, 'open_time' was passed
2026-02-14 00:05:31,463 [ERROR] 特徵計算失敗 custom_atr_16_v1: Index(...) must be called with a collection of some kind, 'open_time' was passed
2026-02-14 00:05:31,469 [ERROR] 特徵計算失敗 smooth_mom_10_5_v1: Index(...) must be called with a collection of some kind, 'open_time' was passed
2026-02-14 00:05:31,476 [ERROR] 特徵計算失敗 custom_atr_quantile_16_25_0.9_v1: Index(...) must be called with a collection of some kind, 'open_time' was passed
2026-02-14 00:05:31,483 [ERROR] 特徵計算失敗 smooth_mom_quantile_10_5_25_0.7_v1: Index(...) must be called with a collection of some kind, 'open_time' was passed
2026-02-14 00:05:31,489 [ERROR] 特徵計算失敗 custom_atr_16_v1: Index(...) must be called with a collection of some kind, 'open_time' was passed
2026-02-14 00:05:31,495 [ERROR] 特徵計算失敗 smooth_obv_20_v1: Index(...) must be called with a collection of some kind, 'open_time' was passed
2026-02-14 00:05:31,500 [ERROR] 特徵計算失敗 custom_atr_quantile_16_30_0.9_v1: Index(...) must be called with a collection of some kind, 'open_time' was passed
2026-02-14 00:05:31,506 [ERROR] 特徵計算失敗 smooth_obv_quantile_20_30_0.9_v1: Index(...) must be called with a collection of some kind, 'open_time' was passed
2026-02-14 00:05:31,511 [ERROR] 特徵計算失敗 smooth_mom_10_5_v1: Index(...) must be called with a collection of some kind, 'open_time' was passed
2026-02-14 00:05:31,516 [ERROR] 特徵計算失敗 mad_close_10_v1: Index(...) must be called with a collection of some kind, 'open_time' was passed
2026-02-14 00:05:31,522 [ERROR] 特徵計算失敗 smooth_mom_quantile_10_5_25_0.7_v1: Index(...) must be called with a collection of some kind, 'open_time' was passed
2026-02-14 00:05:31,527 [ERROR] 特徵計算失敗 mad_quantile_10_25_0.1_v1: Index(...) must be called with a collection of some kind, 'open_time' was passed
2026-02-14 00:05:31,533 [ERROR] 特徵計算失敗 mad_close_10_v1: Index(...) must be called with a collection of some kind, 'open_time' was passed
2026-02-14 00:05:31,539 [ERROR] 特徵計算失敗 bs_ratio_v1: Index(...) must be called with a collection of some kind, 'open_time' was passed
2026-02-14 00:05:31,545 [ERROR] 特徵計算失敗 mad_quantile_10_30_0.7_v1: Index(...) must be called with a collection of some kind, 'open_time' was passed
2026-02-14 00:05:31,550 [ERROR] 特徵計算失敗 bs_quantile_30_0.9_v1: Index(...) must be called with a collection of some kind, 'open_time' was passed
2026-02-14 00:05:31,555 [ERROR] 特徵計算失敗 smooth_mom_10_5_v1: Index(...) must be called with a collection of some kind, 'open_time' was passed
2026-02-14 00:05:31,560 [ERROR] 特徵計算失敗 vroc_10_v1: Index(...) must be called with a collection of some kind, 'open_time' was passed
2026-02-14 00:05:31,567 [ERROR] 特徵計算失敗 smooth_mom_quantile_10_5_90_0.8_v1: Index(...) must be called with a collection of some kind, 'open_time' was passed
2026-02-14 00:05:31,573 [ERROR] 特徵計算失敗 vroc_quantile_10_90_0.9_v1: Index(...) must be called with a collection of some kind, 'open_time' was passed
2026-02-14 00:05:31,579 [ERROR] 特徵計算失敗 google_trends_raw_google_trends_BTC_v1: 'open_time' is both an index level and a column label, which is ambiguous.
2026-02-14 00:05:31,585 [ERROR] 特徵計算失敗 google_trends_raw_google_trends_crypto_v1: 'open_time' is both an index level and a column label, which is ambiguous.
2026-02-14 00:05:31,591 [ERROR] 特徵計算失敗 zscore_close_100_v1: Index(...) must be called with a collection of some kind, 'open_time' was passed
2026-02-14 00:05:31,599 [ERROR] 特徵計算失敗 zscore_quantile_100_1000_0.7_v1: Index(...) must be called with a collection of some kind, 'open_time' was passed
2026-02-14 00:05:31,606 [ERROR] 特徵計算失敗 fear_greed_raw_v1: 'open_time' is both an index level and a column label, which is ambiguous.
2026-02-14 00:05:31,613 [ERROR] 特徵計算失敗 macro_raw_yield_10y_v1: 'open_time' is both an index level and a column label, which is ambiguous.
2026-02-14 00:05:31,622 [ERROR] 特徵計算失敗 vol_sma_diff_15_v1: Index(...) must be called with a collection of some kind, 'open_time' was passed
2026-02-14 00:05:31,627 [ERROR] 特徵計算失敗 vol_sma_diff_quantile_15_60_0.8_v1: Index(...) must be called with a collection of some kind, 'open_time' was passed
2026-02-14 00:05:31,633 [ERROR] 特徵計算失敗 vol_sma_diff_quantile_15_100_0.2_v1: Index(...) must be called with a collection of some kind, 'open_time' was passed
2026-02-14 00:05:31,723 [ERROR] 特徵計算失敗 is_us_trade_time_v1: Index(...) must be called with a collection of some kind, 'open_time' was passed
2026-02-14 00:05:31,737 [ERROR] 特徵計算失敗 wavelet_us_stock_qqq_120_A_mean_v1: 'open_time' is both an index level and a column label, which is ambiguous.
2026-02-14 00:05:31,738 [INFO] [SNAPSHOT] 交易所總持倉: 0.0 BTC | 現價: 68726.1
2026-02-14 00:05:31,738 [INFO] 本週期結束，等待下一次收盤...
2026-02-14 00:05:56,313 [WARNING] 停止運行
2026-02-14 00:05:58,316 [INFO] 設定檔載入成功: config.json
2026-02-14 00:05:58,972 [INFO] [BACKFILL] 正在檢查 BTCUSDT 數據完整性...
2026-02-14 00:05:58,977 [INFO] [BACKFILL] 上次收盤: 2026-02-13 16:00:00 | 現在時間: 2026-02-13 16:05:58.977000 | 缺少 K 線: 0 根
2026-02-14 00:05:58,977 [INFO] [BACKFILL] 開始回補 2 根 K 線...
2026-02-14 00:05:59,339 [INFO] [BACKFILL] 成功寫入 2 筆數據！斷層修復完成。
2026-02-14 00:05:59,341 [INFO] [BG-TASK] 開始更新外部數據...
2026-02-14 00:05:59,341 [INFO]  外部數據背景更新啟動
2026-02-14 00:05:59,342 [INFO] 載入外部數據源: ['fear_greed', 'google_trends', 'fred_macro', 'us_stock_qqq']
2026-02-14 00:05:59,344 [INFO] 策略已掛載: PriceVolume2
2026-02-14 00:05:59,344 [INFO] 目前運行策略列表: ['Price_Volume2']
2026-02-14 00:05:59,344 [INFO]  [Mock Mode] 模擬執行器已啟動，所有訂單均為虛擬。
2026-02-14 00:06:00,853 [INFO] 監控 1h K 線...
2026-02-14 00:06:00,907 [INFO] [ETL] 處理新 K 線: 2026-02-13 15:00:00
2026-02-14 00:06:00,932 [ERROR] 特徵計算失敗 custom_atr_16_v1: Index(...) must be called with a collection of some kind, 'open_time' was passed
2026-02-14 00:06:00,938 [ERROR] 特徵計算失敗 smooth_obv_20_v1: Index(...) must be called with a collection of some kind, 'open_time' was passed
2026-02-14 00:06:00,942 [ERROR] 特徵計算失敗 custom_atr_ma_16_30_v1: Index(...) must be called with a collection of some kind, 'open_time' was passed
2026-02-14 00:06:00,947 [ERROR] 特徵計算失敗 smooth_obv_ma_20_5_v1: Index(...) must be called with a collection of some kind, 'open_time' was passed
2026-02-14 00:06:00,948 [INFO] [SNAPSHOT] 交易所總持倉: 0.0 BTC | 現價: 68838.9
2026-02-14 00:06:00,948 [INFO] 本週期結束，等待下一次收盤...
2026-02-14 00:06:24,940 [WARNING] 停止運行
2026-02-14 00:06:28,730 [INFO] 設定檔載入成功: config.json
2026-02-14 00:06:29,390 [INFO] [BACKFILL] 正在檢查 BTCUSDT 數據完整性...
2026-02-14 00:06:29,395 [INFO] [BACKFILL] 上次收盤: 2026-02-13 16:00:00 | 現在時間: 2026-02-13 16:06:29.394000 | 缺少 K 線: 0 根
2026-02-14 00:06:29,395 [INFO] [BACKFILL] 開始回補 2 根 K 線...
2026-02-14 00:06:29,799 [INFO] [BACKFILL] 成功寫入 2 筆數據！斷層修復完成。
2026-02-14 00:06:29,801 [INFO] [BG-TASK] 開始更新外部數據...
2026-02-14 00:06:29,801 [INFO]  外部數據背景更新啟動
2026-02-14 00:06:29,802 [INFO] 載入外部數據源: ['fear_greed', 'google_trends', 'fred_macro', 'us_stock_qqq']
2026-02-14 00:06:29,803 [INFO] 策略已掛載: PriceVolume2
2026-02-14 00:06:29,804 [INFO] 目前運行策略列表: ['Price_Volume2']
2026-02-14 00:06:29,804 [INFO]  [Mock Mode] 模擬執行器已啟動，所有訂單均為虛擬。
2026-02-14 00:06:31,251 [INFO] 監控 1h K 線...
2026-02-14 00:06:31,303 [INFO] [ETL] 處理新 K 線: 2026-02-13 15:00:00
2026-02-14 00:06:31,325 [INFO] [SIGNAL] Price_Volume2 (0.0 BTC) | CLOSE | Exit: OBV(-975836.4)<MA or ATR<MA
2026-02-14 00:06:31,327 [INFO] [SKIP] Price_Volume2 目前空手，無法平倉
2026-02-14 00:06:31,327 [INFO] [SNAPSHOT] 交易所總持倉: 0.0 BTC | 現價: 68862.6
2026-02-14 00:06:31,327 [INFO] 本週期結束，等待下一次收盤...
2026-02-14 00:07:25,529 [WARNING] 停止運行
2026-02-14 00:07:27,412 [INFO] 設定檔載入成功: config.json
2026-02-14 00:07:28,067 [INFO] [BACKFILL] 正在檢查 BTCUSDT 數據完整性...
2026-02-14 00:07:28,071 [INFO] [BACKFILL] 上次收盤: 2026-02-13 16:00:00 | 現在時間: 2026-02-13 16:07:28.071000 | 缺少 K 線: 0 根
2026-02-14 00:07:28,072 [INFO] [BACKFILL] 開始回補 2 根 K 線...
2026-02-14 00:07:28,443 [INFO] [BACKFILL] 成功寫入 2 筆數據！斷層修復完成。
2026-02-14 00:07:28,444 [INFO] [BG-TASK] 開始更新外部數據...
2026-02-14 00:07:28,444 [INFO]  外部數據背景更新啟動
2026-02-14 00:07:28,445 [INFO] 載入外部數據源: ['fear_greed', 'google_trends', 'fred_macro', 'us_stock_qqq']
2026-02-14 00:07:28,447 [INFO] 策略已掛載: PriceVolume1
2026-02-14 00:07:28,447 [INFO] 策略已掛載: PriceVolume2
2026-02-14 00:07:28,447 [INFO] 策略已掛載: PriceVolume3
2026-02-14 00:07:28,447 [INFO] 策略已掛載: PriceVolume4
2026-02-14 00:07:28,448 [INFO] 策略已掛載: PriceVolume5
2026-02-14 00:07:28,448 [INFO] 策略已掛載: PriceVolume6
2026-02-14 00:07:28,448 [INFO] 策略已掛載: PriceVolume7
2026-02-14 00:07:28,448 [INFO] 策略已掛載: PriceVolume8
2026-02-14 00:07:28,449 [INFO] 策略已掛載: PriceVolume9
2026-02-14 00:07:28,449 [INFO] 策略已掛載: SentimentStrategyV3
2026-02-14 00:07:28,449 [INFO] 策略已掛載: SentimentStrategyV2
2026-02-14 00:07:28,449 [INFO] 策略已掛載: PriceVolume10
2026-02-14 00:07:28,449 [INFO] 策略已掛載: QQQ_price
2026-02-14 00:07:28,449 [INFO] 目前運行策略列表: ['Strategy1_MAD_BSR', 'Price_Volume2', 'Strategy3_MAD_OBV_Quantile', 'Strategy4_High_Momentum', 'Strategy5_HighVol_Momentum', 'Strategy6_Climax_Momentum', 'Strategy7_Mom_LowVolFilter', 'Strategy8_Vol_BuyPressure', 'Strategy9_Mom_VROC_Shock', 'Strategy11_Trend_ZScore', 'Strategy12_GnF_Yield_Ratio', 'Strategy10_Volume_Diff_Reversion', 'Strategy13_QQQ_Wavelet_Trend']
2026-02-14 00:07:28,451 [INFO]  [Mock Mode] 模擬執行器已啟動，所有訂單均為虛擬。
2026-02-14 00:07:29,950 [INFO] 監控 1h K 線...
2026-02-14 00:07:30,005 [INFO] [ETL] 處理新 K 線: 2026-02-13 15:00:00
2026-02-14 00:07:30,246 [ERROR] 特徵計算失敗 google_trends_raw_google_trends_BTC_v1: 'open_time' is both an index level and a column label, which is ambiguous.
2026-02-14 00:07:30,248 [ERROR] 特徵計算失敗 google_trends_raw_google_trends_crypto_v1: 'open_time' is both an index level and a column label, which is ambiguous.
2026-02-14 00:07:30,257 [ERROR] 特徵計算失敗 fear_greed_raw_v1: 'open_time' is both an index level and a column label, which is ambiguous.
2026-02-14 00:07:30,260 [ERROR] 特徵計算失敗 macro_raw_yield_10y_v1: 'open_time' is both an index level and a column label, which is ambiguous.
2026-02-14 00:07:30,367 [ERROR] 特徵計算失敗 wavelet_us_stock_qqq_120_A_mean_v1: 'open_time' is both an index level and a column label, which is ambiguous.
2026-02-14 00:07:30,368 [INFO] [SIGNAL] Strategy1_MAD_BSR (0.0 BTC) | CLOSE | MAD or BS fell below Threshold
2026-02-14 00:07:30,376 [INFO] [SKIP] Strategy1_MAD_BSR 目前空手，無法平倉
2026-02-14 00:07:30,376 [INFO] [SIGNAL] Price_Volume2 (0.0 BTC) | CLOSE | Exit: OBV(-975800.9)<MA or ATR<MA
2026-02-14 00:07:30,377 [INFO] [SKIP] Price_Volume2 目前空手，無法平倉
2026-02-14 00:07:30,377 [INFO] [SIGNAL] Strategy3_MAD_OBV_Quantile (0.0 BTC) | CLOSE | MAD_CoolDown or OBV_Weak
2026-02-14 00:07:30,378 [INFO] [SKIP] Strategy3_MAD_OBV_Quantile 目前空手，無法平倉
2026-02-14 00:07:30,378 [INFO] [SIGNAL] Strategy4_High_Momentum (0.0 BTC) | CLOSE | Momentum_Collapsed
2026-02-14 00:07:30,379 [INFO] [SKIP] Strategy4_High_Momentum 目前空手，無法平倉
2026-02-14 00:07:30,379 [INFO] [SIGNAL] Strategy6_Climax_Momentum (0.0 BTC) | CLOSE | Vol_CoolDown & OBV_Drop
2026-02-14 00:07:30,380 [INFO] [SKIP] Strategy6_Climax_Momentum 目前空手，無法平倉
2026-02-14 00:07:30,380 [INFO] [SIGNAL] Strategy7_Mom_LowVolFilter (0.0 BTC) | LONG | Mom_Strong(1533.76) & Not_Dead_Fish(0.0238)
2026-02-14 00:07:30,381 [INFO]  [Mock] 收到訂單: BUY 0.007251452828574205 BTCUSDT
2026-02-14 00:07:30,591 [INFO] [Strategy7_Mom_LowVolFilter] 訂單已發送 ID: 19601130
2026-02-14 00:07:33,593 [INFO]  [DB] 交易已儲存: LONG 0.007251452828574205 BTCUSDT
2026-02-14 00:07:34,933 [INFO] [VERIFIED] 成交確認 | 均價: 68951.7
2026-02-14 00:07:34,934 [INFO] [SNAPSHOT] 交易所總持倉: 0.007251452828574205 BTC | 現價: 68951.7
2026-02-14 00:07:34,934 [INFO] 本週期結束，等待下一次收盤...
2026-02-14 00:07:39,589 [WARNING] [AlphaVantage] 抓取失敗: We have detected your API key as E5VUD2IG0AV6U3WM and our standard API rate limit is 25 requests per day. Please subscribe to any of the premium plans at https://www.alphavantage.co/premium/ to instantly remove all daily rate limits.
2026-02-14 00:07:39,590 [INFO] [US_STOCK] AlphaVantage 失敗，切換至備用源 Tiingo 抓取 QQQ...
2026-02-14 00:07:40,609 [INFO] [US_STOCK] Tiingo 抓取成功！
2026-02-14 00:07:52,538 [WARNING] 停止運行
2026-02-14 00:51:27,702 [INFO] 設定檔載入成功: config.json
2026-02-14 00:51:28,374 [INFO] [BACKFILL] 正在檢查 BTCUSDT 數據完整性...
2026-02-14 00:51:28,379 [INFO] [BACKFILL] 上次收盤: 2026-02-13 16:00:00 | 現在時間: 2026-02-13 16:51:28.379000 | 缺少 K 線: 0 根
2026-02-14 00:51:28,380 [INFO] [BACKFILL] 開始回補 2 根 K 線...
2026-02-14 00:51:28,848 [INFO] [BACKFILL] 成功寫入 2 筆數據！斷層修復完成。
2026-02-14 00:51:28,849 [INFO] [BG-TASK] 開始更新外部數據...
2026-02-14 00:51:28,849 [INFO]  外部數據背景更新啟動
2026-02-14 00:51:28,850 [INFO] 載入外部數據源: ['fear_greed', 'google_trends', 'fred_macro', 'us_stock_qqq']
2026-02-14 00:51:28,852 [INFO] 策略已掛載: PriceVolume1
2026-02-14 00:51:28,852 [INFO] 策略已掛載: PriceVolume2
2026-02-14 00:51:28,852 [INFO] 策略已掛載: PriceVolume3
2026-02-14 00:51:28,853 [INFO] 策略已掛載: PriceVolume4
2026-02-14 00:51:28,853 [INFO] 策略已掛載: PriceVolume5
2026-02-14 00:51:28,853 [INFO] 策略已掛載: PriceVolume6
2026-02-14 00:51:28,854 [INFO] 策略已掛載: PriceVolume7
2026-02-14 00:51:28,854 [INFO] 策略已掛載: PriceVolume8
2026-02-14 00:51:28,854 [INFO] 策略已掛載: PriceVolume9
2026-02-14 00:51:28,855 [INFO] 策略已掛載: SentimentStrategyV3
2026-02-14 00:51:28,855 [INFO] 策略已掛載: SentimentStrategyV2
2026-02-14 00:51:28,855 [INFO] 策略已掛載: PriceVolume10
2026-02-14 00:51:28,855 [INFO] 策略已掛載: QQQ_price
2026-02-14 00:51:28,856 [INFO] 目前運行策略列表: ['Strategy1_MAD_BSR', 'Price_Volume2', 'Strategy3_MAD_OBV_Quantile', 'Strategy4_High_Momentum', 'Strategy5_HighVol_Momentum', 'Strategy6_Climax_Momentum', 'Strategy7_Mom_LowVolFilter', 'Strategy8_Vol_BuyPressure', 'Strategy9_Mom_VROC_Shock', 'Strategy11_Trend_ZScore', 'Strategy12_GnF_Yield_Ratio', 'Strategy10_Volume_Diff_Reversion', 'Strategy13_QQQ_Wavelet_Trend']
2026-02-14 00:51:28,856 [INFO]  [Mock Mode] 模擬執行器已啟動，所有訂單均為虛擬。
2026-02-14 00:51:30,212 [INFO] 監控 1h K 線...
2026-02-14 00:51:30,266 [INFO] [ETL] 處理新 K 線: 2026-02-13 15:00:00
2026-02-14 00:51:30,626 [ERROR] 特徵計算失敗 wavelet_us_stock_qqq_120_A_mean_v1: 'open_time' is both an index level and a column label, which is ambiguous.
2026-02-14 00:51:30,628 [INFO] [SIGNAL] Strategy1_MAD_BSR (0.0 BTC) | CLOSE | MAD or BS fell below Threshold
2026-02-14 00:51:30,630 [INFO] [SKIP] Strategy1_MAD_BSR 目前空手，無法平倉
2026-02-14 00:51:30,630 [INFO] [SIGNAL] Price_Volume2 (0.0 BTC) | CLOSE | Exit: OBV(-975164.9)<MA or ATR<MA
2026-02-14 00:51:30,631 [INFO] [SKIP] Price_Volume2 目前空手，無法平倉
2026-02-14 00:51:30,631 [INFO] [SIGNAL] Strategy3_MAD_OBV_Quantile (0.0 BTC) | CLOSE | MAD_CoolDown or OBV_Weak
2026-02-14 00:51:30,631 [INFO] [SKIP] Strategy3_MAD_OBV_Quantile 目前空手，無法平倉
2026-02-14 00:51:30,633 [INFO] [SIGNAL] Strategy6_Climax_Momentum (0.0 BTC) | CLOSE | Vol_CoolDown & OBV_Drop
2026-02-14 00:51:30,634 [INFO] [SKIP] Strategy6_Climax_Momentum 目前空手，無法平倉
2026-02-14 00:51:30,634 [INFO] [SIGNAL] Strategy7_Mom_LowVolFilter (0.007251452828574205 BTC) | LONG | Mom_Strong(1551.62) & Not_Dead_Fish(0.0250)
2026-02-14 00:51:30,634 [INFO] [SKIP] Strategy7_Mom_LowVolFilter 已有持倉 0.007251452828574205，跳過開倉
2026-02-14 00:51:30,634 [INFO] [SNAPSHOT] 交易所總持倉: 0.0 BTC | 現價: 69041.0
2026-02-14 00:51:30,635 [INFO] 本週期結束，等待下一次收盤...
2026-02-14 00:51:43,533 [WARNING] 停止運行
2026-02-14 00:59:05,885 [INFO] 設定檔載入成功: config.json
2026-02-14 00:59:06,548 [INFO] [BACKFILL] 正在檢查 BTCUSDT 數據完整性...
2026-02-14 00:59:06,553 [INFO] [BACKFILL] 上次收盤: 2026-02-13 16:00:00 | 現在時間: 2026-02-13 16:59:06.552000 | 缺少 K 線: 0 根
2026-02-14 00:59:06,553 [INFO] [BACKFILL] 開始回補 2 根 K 線...
2026-02-14 00:59:06,952 [INFO] [BACKFILL] 成功寫入 2 筆數據！斷層修復完成。
2026-02-14 00:59:06,954 [INFO] [BG-TASK] 開始更新外部數據...
2026-02-14 00:59:06,954 [INFO]  外部數據背景更新啟動
2026-02-14 00:59:06,954 [INFO] 載入外部數據源: ['fear_greed', 'google_trends', 'fred_macro', 'us_stock_qqq']
2026-02-14 00:59:06,956 [INFO] 策略已掛載: PriceVolume1
2026-02-14 00:59:06,956 [INFO] 策略已掛載: PriceVolume2
2026-02-14 00:59:06,957 [INFO] 策略已掛載: PriceVolume3
2026-02-14 00:59:06,957 [INFO] 策略已掛載: PriceVolume4
2026-02-14 00:59:06,957 [INFO] 策略已掛載: PriceVolume5
2026-02-14 00:59:06,958 [INFO] 策略已掛載: PriceVolume6
2026-02-14 00:59:06,958 [INFO] 策略已掛載: PriceVolume7
2026-02-14 00:59:06,958 [INFO] 策略已掛載: PriceVolume8
2026-02-14 00:59:06,959 [INFO] 策略已掛載: PriceVolume9
2026-02-14 00:59:06,959 [INFO] 策略已掛載: SentimentStrategyV3
2026-02-14 00:59:06,959 [INFO] 策略已掛載: SentimentStrategyV2
2026-02-14 00:59:06,960 [INFO] 策略已掛載: PriceVolume10
2026-02-14 00:59:06,960 [INFO] 策略已掛載: QQQ_price
2026-02-14 00:59:06,960 [INFO] 目前運行策略列表: ['Strategy1_MAD_BSR', 'Price_Volume2', 'Strategy3_MAD_OBV_Quantile', 'Strategy4_High_Momentum', 'Strategy5_HighVol_Momentum', 'Strategy6_Climax_Momentum', 'Strategy7_Mom_LowVolFilter', 'Strategy8_Vol_BuyPressure', 'Strategy9_Mom_VROC_Shock', 'Strategy11_Trend_ZScore', 'Strategy12_GnF_Yield_Ratio', 'Strategy10_Volume_Diff_Reversion', 'Strategy13_QQQ_Wavelet_Trend']
2026-02-14 00:59:06,960 [INFO]  [Mock Mode] 模擬執行器已啟動，所有訂單均為虛擬。
2026-02-14 00:59:08,346 [INFO] 監控 1h K 線...
2026-02-14 00:59:08,409 [INFO] [ETL] 處理新 K 線: 2026-02-13 15:00:00
2026-02-14 00:59:08,947 [INFO] [SIGNAL] Strategy1_MAD_BSR (0.0 BTC) | CLOSE | MAD or BS fell below Threshold
2026-02-14 00:59:08,949 [INFO] [SKIP] Strategy1_MAD_BSR 目前空手，無法平倉
2026-02-14 00:59:08,949 [INFO] [SIGNAL] Price_Volume2 (0.0 BTC) | CLOSE | Exit: OBV(-975095.2)<MA or ATR<MA
2026-02-14 00:59:08,950 [INFO] [SKIP] Price_Volume2 目前空手，無法平倉
2026-02-14 00:59:08,950 [INFO] [SIGNAL] Strategy3_MAD_OBV_Quantile (0.0 BTC) | CLOSE | MAD_CoolDown or OBV_Weak
2026-02-14 00:59:08,951 [INFO] [SKIP] Strategy3_MAD_OBV_Quantile 目前空手，無法平倉
2026-02-14 00:59:08,951 [INFO] [SIGNAL] Strategy6_Climax_Momentum (0.0 BTC) | CLOSE | Vol_CoolDown & OBV_Drop
2026-02-14 00:59:08,951 [INFO] [SKIP] Strategy6_Climax_Momentum 目前空手，無法平倉
2026-02-14 00:59:08,952 [INFO] [SIGNAL] Strategy7_Mom_LowVolFilter (0.007251452828574205 BTC) | LONG | Mom_Strong(1524.38) & Not_Dead_Fish(0.0232)
2026-02-14 00:59:08,952 [INFO] [SKIP] Strategy7_Mom_LowVolFilter 已有持倉 0.007251452828574205，跳過開倉
2026-02-14 00:59:08,952 [INFO] [SNAPSHOT] 交易所總持倉: 0.0 BTC | 現價: 68904.8
2026-02-14 00:59:08,952 [INFO] 本週期結束，等待下一次收盤...
2026-02-14 00:59:14,026 [WARNING] 停止運行
2026-02-14 01:02:55,685 [INFO] 設定檔載入成功: config.json
2026-02-14 01:02:56,326 [INFO] [BACKFILL] 正在檢查 BTCUSDT 數據完整性...
2026-02-14 01:02:56,331 [INFO] [BACKFILL] 上次收盤: 2026-02-13 16:00:00 | 現在時間: 2026-02-13 17:02:56.329000 | 缺少 K 線: 1 根
2026-02-14 01:02:56,331 [INFO] [BACKFILL] 開始回補 3 根 K 線...
2026-02-14 01:02:56,711 [INFO] [BACKFILL] 成功寫入 3 筆數據！斷層修復完成。
2026-02-14 01:02:56,712 [INFO] [BG-TASK] 開始更新外部數據...
2026-02-14 01:02:56,712 [INFO]  外部數據背景更新啟動
2026-02-14 01:02:56,713 [INFO] 載入外部數據源: ['fear_greed', 'google_trends', 'fred_macro', 'us_stock_qqq']
2026-02-14 01:02:56,714 [INFO] 策略已掛載: PriceVolume1
2026-02-14 01:02:56,716 [INFO] 策略已掛載: PriceVolume2
2026-02-14 01:02:56,717 [INFO] 策略已掛載: PriceVolume3
2026-02-14 01:02:56,717 [INFO] 策略已掛載: PriceVolume4
2026-02-14 01:02:56,718 [INFO] 策略已掛載: PriceVolume5
2026-02-14 01:02:56,718 [INFO] 策略已掛載: PriceVolume6
2026-02-14 01:02:56,718 [INFO] 策略已掛載: PriceVolume7
2026-02-14 01:02:56,718 [INFO] 策略已掛載: PriceVolume8
2026-02-14 01:02:56,719 [INFO] 策略已掛載: PriceVolume9
2026-02-14 01:02:56,719 [INFO] 策略已掛載: SentimentStrategyV3
2026-02-14 01:02:56,719 [INFO] 策略已掛載: SentimentStrategyV2
2026-02-14 01:02:56,719 [INFO] 策略已掛載: PriceVolume10
2026-02-14 01:02:56,720 [INFO] 策略已掛載: QQQ_price
2026-02-14 01:02:56,720 [INFO] 目前運行策略列表: ['Strategy1_MAD_BSR', 'Price_Volume2', 'Strategy3_MAD_OBV_Quantile', 'Strategy4_High_Momentum', 'Strategy5_HighVol_Momentum', 'Strategy6_Climax_Momentum', 'Strategy7_Mom_LowVolFilter', 'Strategy8_Vol_BuyPressure', 'Strategy9_Mom_VROC_Shock', 'Strategy11_Trend_ZScore', 'Strategy12_GnF_Yield_Ratio', 'Strategy10_Volume_Diff_Reversion', 'Strategy13_QQQ_Wavelet_Trend']
2026-02-14 01:02:56,720 [INFO]  [Mock Mode] 模擬執行器已啟動，所有訂單均為虛擬。
2026-02-14 01:02:58,172 [INFO] 監控 1h K 線...
2026-02-14 01:02:58,229 [INFO] [ETL] 處理新 K 線: 2026-02-13 16:00:00
2026-02-14 01:02:58,390 [ERROR] 特徵合併失敗 mad_close_10_v1: Index(...) must be called with a collection of some kind, 'open_time' was passed
2026-02-14 01:02:58,392 [ERROR] 特徵合併失敗 bs_ratio_v1: Index(...) must be called with a collection of some kind, 'open_time' was passed
2026-02-14 01:02:58,393 [ERROR] 特徵合併失敗 mad_quantile_10_25_0.8_v1: Index(...) must be called with a collection of some kind, 'open_time' was passed
2026-02-14 01:02:58,394 [ERROR] 特徵合併失敗 bs_quantile_25_0.9_v1: Index(...) must be called with a collection of some kind, 'open_time' was passed
2026-02-14 01:02:58,396 [ERROR] 特徵合併失敗 is_us_trade_time_v1: Index(...) must be called with a collection of some kind, 'open_time' was passed
2026-02-14 01:02:58,401 [ERROR] 特徵合併失敗 custom_atr_16_v1: Index(...) must be called with a collection of some kind, 'open_time' was passed
2026-02-14 01:02:58,403 [ERROR] 特徵合併失敗 custom_atr_ma_16_30_v1: Index(...) must be called with a collection of some kind, 'open_time' was passed
2026-02-14 01:02:58,404 [ERROR] 特徵合併失敗 smooth_obv_20_v1: Index(...) must be called with a collection of some kind, 'open_time' was passed
2026-02-14 01:02:58,405 [ERROR] 特徵合併失敗 smooth_obv_ma_20_5_v1: Index(...) must be called with a collection of some kind, 'open_time' was passed
2026-02-14 01:02:58,410 [ERROR] 特徵合併失敗 mad_close_10_v1: Index(...) must be called with a collection of some kind, 'open_time' was passed
2026-02-14 01:02:58,411 [ERROR] 特徵合併失敗 smooth_obv_20_v1: Index(...) must be called with a collection of some kind, 'open_time' was passed
2026-02-14 01:02:58,412 [ERROR] 特徵合併失敗 smooth_obv_quantile_20_90_0.3_v1: Index(...) must be called with a collection of some kind, 'open_time' was passed
2026-02-14 01:02:58,414 [ERROR] 特徵合併失敗 mad_quantile_10_90_0.9_v1: Index(...) must be called with a collection of some kind, 'open_time' was passed
2026-02-14 01:02:58,420 [ERROR] 特徵合併失敗 smooth_obv_20_v1: Index(...) must be called with a collection of some kind, 'open_time' was passed
2026-02-14 01:02:58,422 [ERROR] 特徵合併失敗 vroc_10_v1: Index(...) must be called with a collection of some kind, 'open_time' was passed
2026-02-14 01:02:58,423 [ERROR] 特徵合併失敗 smooth_obv_quantile_20_250_0.8_v1: Index(...) must be called with a collection of some kind, 'open_time' was passed
2026-02-14 01:02:58,424 [ERROR] 特徵合併失敗 vroc_quantile_10_250_0.8_v1: Index(...) must be called with a collection of some kind, 'open_time' was passed
2026-02-14 01:02:58,430 [ERROR] 特徵合併失敗 smooth_mom_10_5_v1: Index(...) must be called with a collection of some kind, 'open_time' was passed
2026-02-14 01:02:58,431 [ERROR] 特徵合併失敗 custom_atr_16_v1: Index(...) must be called with a collection of some kind, 'open_time' was passed
2026-02-14 01:02:58,432 [ERROR] 特徵合併失敗 smooth_mom_quantile_10_5_25_0.7_v1: Index(...) must be called with a collection of some kind, 'open_time' was passed
2026-02-14 01:02:58,433 [ERROR] 特徵合併失敗 custom_atr_quantile_16_25_0.9_v1: Index(...) must be called with a collection of some kind, 'open_time' was passed
2026-02-14 01:02:58,438 [ERROR] 特徵合併失敗 custom_atr_16_v1: Index(...) must be called with a collection of some kind, 'open_time' was passed
2026-02-14 01:02:58,439 [ERROR] 特徵合併失敗 smooth_obv_20_v1: Index(...) must be called with a collection of some kind, 'open_time' was passed
2026-02-14 01:02:58,440 [ERROR] 特徵合併失敗 custom_atr_quantile_16_30_0.9_v1: Index(...) must be called with a collection of some kind, 'open_time' was passed
2026-02-14 01:02:58,443 [ERROR] 特徵合併失敗 smooth_obv_quantile_20_30_0.9_v1: Index(...) must be called with a collection of some kind, 'open_time' was passed
2026-02-14 01:02:58,448 [ERROR] 特徵合併失敗 smooth_mom_10_5_v1: Index(...) must be called with a collection of some kind, 'open_time' was passed
2026-02-14 01:02:58,450 [ERROR] 特徵合併失敗 mad_close_10_v1: Index(...) must be called with a collection of some kind, 'open_time' was passed
2026-02-14 01:02:58,450 [ERROR] 特徵合併失敗 smooth_mom_quantile_10_5_25_0.7_v1: Index(...) must be called with a collection of some kind, 'open_time' was passed
2026-02-14 01:02:58,452 [ERROR] 特徵合併失敗 mad_quantile_10_25_0.1_v1: Index(...) must be called with a collection of some kind, 'open_time' was passed
2026-02-14 01:02:58,458 [ERROR] 特徵合併失敗 mad_close_10_v1: Index(...) must be called with a collection of some kind, 'open_time' was passed
2026-02-14 01:02:58,459 [ERROR] 特徵合併失敗 bs_ratio_v1: Index(...) must be called with a collection of some kind, 'open_time' was passed
2026-02-14 01:02:58,460 [ERROR] 特徵合併失敗 bs_quantile_30_0.9_v1: Index(...) must be called with a collection of some kind, 'open_time' was passed
2026-02-14 01:02:58,461 [ERROR] 特徵合併失敗 mad_quantile_10_30_0.7_v1: Index(...) must be called with a collection of some kind, 'open_time' was passed
2026-02-14 01:02:58,468 [ERROR] 特徵合併失敗 smooth_mom_10_5_v1: Index(...) must be called with a collection of some kind, 'open_time' was passed
2026-02-14 01:02:58,469 [ERROR] 特徵合併失敗 vroc_10_v1: Index(...) must be called with a collection of some kind, 'open_time' was passed
2026-02-14 01:02:58,471 [ERROR] 特徵合併失敗 smooth_mom_quantile_10_5_90_0.8_v1: Index(...) must be called with a collection of some kind, 'open_time' was passed
2026-02-14 01:02:58,473 [ERROR] 特徵合併失敗 vroc_quantile_10_90_0.9_v1: Index(...) must be called with a collection of some kind, 'open_time' was passed
2026-02-14 01:02:58,479 [ERROR] 特徵合併失敗 google_trends_raw_google_trends_crypto_v1: Index(...) must be called with a collection of some kind, 'open_time' was passed
2026-02-14 01:02:58,481 [ERROR] 特徵合併失敗 google_trends_raw_google_trends_BTC_v1: Index(...) must be called with a collection of some kind, 'open_time' was passed
2026-02-14 01:02:58,482 [ERROR] 特徵合併失敗 zscore_close_100_v1: Index(...) must be called with a collection of some kind, 'open_time' was passed
2026-02-14 01:02:58,483 [ERROR] 特徵合併失敗 zscore_quantile_100_1000_0.7_v1: Index(...) must be called with a collection of some kind, 'open_time' was passed
2026-02-14 01:02:58,487 [ERROR] 特徵合併失敗 fear_greed_raw_v1: Index(...) must be called with a collection of some kind, 'open_time' was passed
2026-02-14 01:02:58,488 [ERROR] 特徵合併失敗 macro_raw_yield_10y_v1: Index(...) must be called with a collection of some kind, 'open_time' was passed
2026-02-14 01:02:58,592 [ERROR] 特徵合併失敗 vol_sma_diff_15_v1: Index(...) must be called with a collection of some kind, 'open_time' was passed
2026-02-14 01:02:58,594 [ERROR] 特徵合併失敗 vol_sma_diff_quantile_15_60_0.8_v1: Index(...) must be called with a collection of some kind, 'open_time' was passed
2026-02-14 01:02:58,595 [ERROR] 特徵合併失敗 vol_sma_diff_quantile_15_100_0.2_v1: Index(...) must be called with a collection of some kind, 'open_time' was passed
2026-02-14 01:02:58,597 [ERROR] 特徵合併失敗 is_us_trade_time_v1: Index(...) must be called with a collection of some kind, 'open_time' was passed
2026-02-14 01:02:58,610 [ERROR] 特徵合併失敗 wavelet_us_stock_qqq_120_A_mean_v1: Index(...) must be called with a collection of some kind, 'open_time' was passed
2026-02-14 01:02:58,612 [INFO] [SNAPSHOT] 交易所總持倉: 0.0 BTC | 現價: 68863.3
2026-02-14 01:02:58,612 [INFO] 本週期結束，等待下一次收盤...
2026-02-14 01:03:08,629 [WARNING] [AlphaVantage] 抓取失敗: We have detected your API key as E5VUD2IG0AV6U3WM and our standard API rate limit is 25 requests per day. Please subscribe to any of the premium plans at https://www.alphavantage.co/premium/ to instantly remove all daily rate limits.
2026-02-14 01:03:08,631 [INFO] [US_STOCK] AlphaVantage 失敗，切換至備用源 Tiingo 抓取 QQQ...
2026-02-14 01:03:09,618 [INFO] [US_STOCK] Tiingo 抓取成功！
2026-02-14 01:03:39,993 [WARNING] 停止運行
2026-02-14 01:06:42,659 [INFO] 設定檔載入成功: config.json
2026-02-14 01:06:43,311 [INFO] [BACKFILL] 正在檢查 BTCUSDT 數據完整性...
2026-02-14 01:06:43,317 [INFO] [BACKFILL] 上次收盤: 2026-02-13 17:00:00 | 現在時間: 2026-02-13 17:06:43.317000 | 缺少 K 線: 0 根
2026-02-14 01:06:43,317 [INFO] [BACKFILL] 開始回補 2 根 K 線...
2026-02-14 01:06:43,673 [INFO] [BACKFILL] 成功寫入 2 筆數據！斷層修復完成。
2026-02-14 01:06:43,675 [INFO] [BG-TASK] 開始更新外部數據...
2026-02-14 01:06:43,675 [INFO]  外部數據背景更新啟動
2026-02-14 01:06:43,676 [INFO] 載入外部數據源: ['fear_greed', 'google_trends', 'fred_macro', 'us_stock_qqq']
2026-02-14 01:06:43,677 [INFO] 策略已掛載: PriceVolume1
2026-02-14 01:06:43,678 [INFO] 策略已掛載: PriceVolume2
2026-02-14 01:06:43,678 [INFO] 策略已掛載: PriceVolume3
2026-02-14 01:06:43,678 [INFO] 策略已掛載: PriceVolume4
2026-02-14 01:06:43,679 [INFO] 策略已掛載: PriceVolume5
2026-02-14 01:06:43,679 [INFO] 策略已掛載: PriceVolume6
2026-02-14 01:06:43,679 [INFO] 策略已掛載: PriceVolume7
2026-02-14 01:06:43,680 [INFO] 策略已掛載: PriceVolume8
2026-02-14 01:06:43,680 [INFO] 策略已掛載: PriceVolume9
2026-02-14 01:06:43,680 [INFO] 策略已掛載: SentimentStrategyV3
2026-02-14 01:06:43,680 [INFO] 策略已掛載: SentimentStrategyV2
2026-02-14 01:06:43,681 [INFO] 策略已掛載: PriceVolume10
2026-02-14 01:06:43,681 [INFO] 策略已掛載: QQQ_price
2026-02-14 01:06:43,681 [INFO] 目前運行策略列表: ['Strategy1_MAD_BSR', 'Price_Volume2', 'Strategy3_MAD_OBV_Quantile', 'Strategy4_High_Momentum', 'Strategy5_HighVol_Momentum', 'Strategy6_Climax_Momentum', 'Strategy7_Mom_LowVolFilter', 'Strategy8_Vol_BuyPressure', 'Strategy9_Mom_VROC_Shock', 'Strategy11_Trend_ZScore', 'Strategy12_GnF_Yield_Ratio', 'Strategy10_Volume_Diff_Reversion', 'Strategy13_QQQ_Wavelet_Trend']
2026-02-14 01:06:43,681 [INFO]  [Mock Mode] 模擬執行器已啟動，所有訂單均為虛擬。
2026-02-14 01:06:45,146 [INFO] 監控 1h K 線...
2026-02-14 01:06:45,214 [INFO] [ETL] 處理新 K 線: 2026-02-13 16:00:00
2026-02-14 01:06:45,613 [INFO] [SIGNAL] Strategy1_MAD_BSR (0.0 BTC) | CLOSE | MAD or BS fell below Threshold
2026-02-14 01:06:45,615 [INFO] [SKIP] Strategy1_MAD_BSR 目前空手，無法平倉
2026-02-14 01:06:45,615 [INFO] [SIGNAL] Price_Volume2 (0.0 BTC) | CLOSE | Exit: OBV(-974380.7)<MA or ATR<MA
2026-02-14 01:06:45,615 [INFO] [SKIP] Price_Volume2 目前空手，無法平倉
2026-02-14 01:06:45,616 [INFO] [SIGNAL] Strategy3_MAD_OBV_Quantile (0.0 BTC) | CLOSE | MAD_CoolDown or OBV_Weak
2026-02-14 01:06:45,616 [INFO] [SKIP] Strategy3_MAD_OBV_Quantile 目前空手，無法平倉
2026-02-14 01:06:45,616 [INFO] [SIGNAL] Strategy4_High_Momentum (0.0 BTC) | CLOSE | Momentum_Collapsed
2026-02-14 01:06:45,617 [INFO] [SKIP] Strategy4_High_Momentum 目前空手，無法平倉
2026-02-14 01:06:45,617 [INFO] [SIGNAL] Strategy6_Climax_Momentum (0.0 BTC) | CLOSE | Vol_CoolDown & OBV_Drop
2026-02-14 01:06:45,618 [INFO] [SKIP] Strategy6_Climax_Momentum 目前空手，無法平倉
2026-02-14 01:06:45,618 [INFO] [SIGNAL] Strategy7_Mom_LowVolFilter (0.007251452828574205 BTC) | LONG | Mom_Strong(1988.86) & Not_Dead_Fish(0.0192)
2026-02-14 01:06:45,619 [INFO] [SKIP] Strategy7_Mom_LowVolFilter 已有持倉 0.007251452828574205，跳過開倉
2026-02-14 01:06:45,619 [INFO] [SNAPSHOT] 交易所總持倉: 0.0 BTC | 現價: 68911.8
2026-02-14 01:06:45,619 [INFO] 本週期結束，等待下一次收盤...
2026-02-14 01:07:00,331 [WARNING] 停止運行
2026-02-14 16:45:12,590 [INFO] 設定檔載入成功: config.json
2026-02-14 16:45:13,251 [INFO] [BACKFILL] 正在檢查 BTCUSDT 數據完整性...
2026-02-14 16:45:13,256 [INFO] [BACKFILL] 上次收盤: 2026-02-13 17:00:00 | 現在時間: 2026-02-14 08:45:13.255000 | 缺少 K 線: 15 根
2026-02-14 16:45:13,256 [INFO] [BACKFILL] 開始回補 17 根 K 線...
2026-02-14 16:45:13,678 [INFO] [BACKFILL] 成功寫入 17 筆數據！斷層修復完成。
2026-02-14 16:45:13,680 [INFO] [BG-TASK] 開始更新外部數據...
2026-02-14 16:45:13,680 [INFO]  外部數據背景更新啟動
2026-02-14 16:45:13,681 [INFO] 載入外部數據源: ['fear_greed', 'google_trends', 'fred_macro', 'us_stock_qqq']
2026-02-14 16:45:13,682 [INFO] 策略已掛載: PriceVolume1
2026-02-14 16:45:13,683 [INFO] 策略已掛載: PriceVolume2
2026-02-14 16:45:13,683 [INFO] 策略已掛載: PriceVolume3
2026-02-14 16:45:13,684 [INFO] 策略已掛載: PriceVolume4
2026-02-14 16:45:13,684 [INFO] 策略已掛載: PriceVolume5
2026-02-14 16:45:13,684 [INFO] 策略已掛載: PriceVolume6
2026-02-14 16:45:13,685 [INFO] 策略已掛載: PriceVolume7
2026-02-14 16:45:13,685 [INFO] 策略已掛載: PriceVolume8
2026-02-14 16:45:13,685 [INFO] 策略已掛載: PriceVolume9
2026-02-14 16:45:13,686 [INFO] 策略已掛載: SentimentStrategyV3
2026-02-14 16:45:13,686 [INFO] 策略已掛載: SentimentStrategyV2
2026-02-14 16:45:13,686 [INFO] 策略已掛載: PriceVolume10
2026-02-14 16:45:13,686 [INFO] 策略已掛載: QQQ_price
2026-02-14 16:45:13,687 [INFO] 目前運行策略列表: ['Strategy1_MAD_BSR', 'Price_Volume2', 'Strategy3_MAD_OBV_Quantile', 'Strategy4_High_Momentum', 'Strategy5_HighVol_Momentum', 'Strategy6_Climax_Momentum', 'Strategy7_Mom_LowVolFilter', 'Strategy8_Vol_BuyPressure', 'Strategy9_Mom_VROC_Shock', 'Strategy11_Trend_ZScore', 'Strategy12_GnF_Yield_Ratio', 'Strategy10_Volume_Diff_Reversion', 'Strategy13_QQQ_Wavelet_Trend']
2026-02-14 16:45:13,687 [INFO]  [Mock Mode] 模擬執行器已啟動，所有訂單均為虛擬。
2026-02-14 16:45:15,230 [INFO] 監控 1h K 線...
2026-02-14 16:45:15,284 [INFO] [ETL] 處理新 K 線: 2026-02-14 07:00:00
2026-02-14 16:45:19,256 [INFO] [SIGNAL] Price_Volume2 (0.0 BTC) | CLOSE | Exit: OBV(-908796.7)<MA or ATR<MA
2026-02-14 16:45:19,257 [INFO] [SKIP] Price_Volume2 目前空手，無法平倉
2026-02-14 16:45:19,257 [INFO] [SIGNAL] Strategy3_MAD_OBV_Quantile (0.0 BTC) | CLOSE | MAD_CoolDown or OBV_Weak
2026-02-14 16:45:19,258 [INFO] [SKIP] Strategy3_MAD_OBV_Quantile 目前空手，無法平倉
2026-02-14 16:45:19,258 [INFO] [SIGNAL] Strategy4_High_Momentum (0.0 BTC) | CLOSE | Momentum_Collapsed
2026-02-14 16:45:19,259 [INFO] [SKIP] Strategy4_High_Momentum 目前空手，無法平倉
2026-02-14 16:45:19,259 [INFO] [SIGNAL] Strategy5_HighVol_Momentum (0.0 BTC) | CLOSE | Vol_Drop & Mom_Weak
2026-02-14 16:45:19,259 [INFO] [SKIP] Strategy5_HighVol_Momentum 目前空手，無法平倉
2026-02-14 16:45:19,259 [INFO] [SIGNAL] Strategy9_Mom_VROC_Shock (0.0 BTC) | CLOSE | Mom_Fade & Vol_Normal
2026-02-14 16:45:19,260 [INFO] [SKIP] Strategy9_Mom_VROC_Shock 目前空手，無法平倉
2026-02-14 16:45:19,261 [INFO] [SNAPSHOT] 交易所總持倉: 0.0 BTC | 現價: 69650.0
2026-02-14 16:45:19,261 [INFO] 本週期結束，等待下一次收盤...
2026-02-14 16:46:27,755 [WARNING] 停止運行
2026-02-14 21:04:11,243 [INFO] 設定檔載入成功: config.json
2026-02-14 21:04:11,273 [ERROR]  [DB ERROR] 初始化資料庫表失敗: near "realized_pnl": syntax error
2026-02-14 21:04:11,900 [INFO] [BACKFILL] 正在檢查 BTCUSDT 數據完整性...
2026-02-14 21:04:11,905 [INFO] [BACKFILL] 上次收盤: 2026-02-14 08:00:00 | 現在時間: 2026-02-14 13:04:11.904000 | 缺少 K 線: 5 根
2026-02-14 21:04:11,905 [INFO] [BACKFILL] 開始回補 7 根 K 線...
2026-02-14 21:04:12,316 [INFO] [BACKFILL] 成功寫入 7 筆數據！斷層修復完成。
2026-02-14 21:04:12,317 [INFO] [BG-TASK] 開始更新外部數據...
2026-02-14 21:04:12,317 [INFO]  外部數據背景更新啟動
2026-02-14 21:04:12,317 [INFO] 載入外部數據源: ['fear_greed', 'google_trends', 'fred_macro', 'us_stock_qqq']
2026-02-14 21:04:12,319 [INFO] 策略已掛載: PriceVolume1
2026-02-14 21:04:12,320 [INFO] 策略已掛載: PriceVolume2
2026-02-14 21:04:12,320 [INFO] 策略已掛載: PriceVolume3
2026-02-14 21:04:12,321 [INFO] 策略已掛載: PriceVolume4
2026-02-14 21:04:12,321 [INFO] 策略已掛載: PriceVolume5
2026-02-14 21:04:12,321 [INFO] 策略已掛載: PriceVolume6
2026-02-14 21:04:12,322 [INFO] 策略已掛載: PriceVolume7
2026-02-14 21:04:12,322 [INFO] 策略已掛載: PriceVolume8
2026-02-14 21:04:12,323 [INFO] 策略已掛載: PriceVolume9
2026-02-14 21:04:12,323 [INFO] 策略已掛載: SentimentStrategyV3
2026-02-14 21:04:12,323 [INFO] 策略已掛載: SentimentStrategyV2
2026-02-14 21:04:12,324 [INFO] 策略已掛載: PriceVolume10
2026-02-14 21:04:12,324 [INFO] 策略已掛載: QQQ_price
2026-02-14 21:04:12,324 [INFO] 目前運行策略列表: ['Strategy1_MAD_BSR', 'Price_Volume2', 'Strategy3_MAD_OBV_Quantile', 'Strategy4_High_Momentum', 'Strategy5_HighVol_Momentum', 'Strategy6_Climax_Momentum', 'Strategy7_Mom_LowVolFilter', 'Strategy8_Vol_BuyPressure', 'Strategy9_Mom_VROC_Shock', 'Strategy11_Trend_ZScore', 'Strategy12_GnF_Yield_Ratio', 'Strategy10_Volume_Diff_Reversion', 'Strategy13_QQQ_Wavelet_Trend']
2026-02-14 21:04:12,325 [INFO]  [Mock Mode] 模擬執行器已啟動，所有訂單均為虛擬。
2026-02-14 21:06:52,084 [INFO] 設定檔載入成功: config.json
2026-02-14 21:06:52,099 [ERROR]  [DB ERROR] 初始化資料庫表失敗: near "realized_pnl": syntax error
2026-02-14 21:06:52,707 [INFO] [BACKFILL] 正在檢查 BTCUSDT 數據完整性...
2026-02-14 21:06:52,712 [INFO] [BACKFILL] 上次收盤: 2026-02-14 13:00:00 | 現在時間: 2026-02-14 13:06:52.711000 | 缺少 K 線: 0 根
2026-02-14 21:06:52,712 [INFO] [BACKFILL] 開始回補 2 根 K 線...
2026-02-14 21:06:53,150 [INFO] [BACKFILL] 成功寫入 2 筆數據！斷層修復完成。
2026-02-14 21:06:53,151 [INFO] [BG-TASK] 開始更新外部數據...
2026-02-14 21:06:53,151 [INFO]  外部數據背景更新啟動
2026-02-14 21:06:53,152 [INFO] 載入外部數據源: ['fear_greed', 'google_trends', 'fred_macro', 'us_stock_qqq']
2026-02-14 21:06:53,154 [INFO] 策略已掛載: PriceVolume1
2026-02-14 21:06:53,155 [INFO] 策略已掛載: PriceVolume2
2026-02-14 21:06:53,155 [INFO] 策略已掛載: PriceVolume3
2026-02-14 21:06:53,155 [INFO] 策略已掛載: PriceVolume4
2026-02-14 21:06:53,155 [INFO] 策略已掛載: PriceVolume5
2026-02-14 21:06:53,155 [INFO] 策略已掛載: PriceVolume6
2026-02-14 21:06:53,156 [INFO] 策略已掛載: PriceVolume7
2026-02-14 21:06:53,156 [INFO] 策略已掛載: PriceVolume8
2026-02-14 21:06:53,157 [INFO] 策略已掛載: PriceVolume9
2026-02-14 21:06:53,157 [INFO] 策略已掛載: SentimentStrategyV3
2026-02-14 21:06:53,157 [INFO] 策略已掛載: SentimentStrategyV2
2026-02-14 21:06:53,157 [INFO] 策略已掛載: PriceVolume10
2026-02-14 21:06:53,157 [INFO] 策略已掛載: QQQ_price
2026-02-14 21:06:53,157 [INFO] 目前運行策略列表: ['Strategy1_MAD_BSR', 'Price_Volume2', 'Strategy3_MAD_OBV_Quantile', 'Strategy4_High_Momentum', 'Strategy5_HighVol_Momentum', 'Strategy6_Climax_Momentum', 'Strategy7_Mom_LowVolFilter', 'Strategy8_Vol_BuyPressure', 'Strategy9_Mom_VROC_Shock', 'Strategy11_Trend_ZScore', 'Strategy12_GnF_Yield_Ratio', 'Strategy10_Volume_Diff_Reversion', 'Strategy13_QQQ_Wavelet_Trend']
2026-02-14 21:06:53,157 [INFO]  [Mock Mode] 模擬執行器已啟動，所有訂單均為虛擬。
2026-02-14 21:06:53,159 [INFO] [Portfolio] 無狀態檔，將初始化為全新狀態。
2026-02-14 21:06:55,752 [INFO] 監控 1h K 線...
2026-02-14 21:06:55,824 [INFO] [ETL] 處理新 K 線: 2026-02-14 12:00:00
2026-02-14 21:06:59,289 [ERROR] 核心崩潰: TradeManager.process_signal() got an unexpected keyword argument 'current_pos_amt'
2026-02-14 21:09:26,762 [INFO] 設定檔載入成功: config.json
2026-02-14 21:09:26,777 [ERROR]  [DB ERROR] 初始化資料庫表失敗: near "realized_pnl": syntax error
2026-02-14 21:09:27,492 [INFO] [BACKFILL] 正在檢查 BTCUSDT 數據完整性...
2026-02-14 21:09:27,496 [INFO] [BACKFILL] 上次收盤: 2026-02-14 13:00:00 | 現在時間: 2026-02-14 13:09:27.496000 | 缺少 K 線: 0 根
2026-02-14 21:09:27,496 [INFO] [BACKFILL] 開始回補 2 根 K 線...
2026-02-14 21:09:27,862 [INFO] [BACKFILL] 成功寫入 2 筆數據！斷層修復完成。
2026-02-14 21:09:27,863 [INFO] [BG-TASK] 開始更新外部數據...
2026-02-14 21:09:27,864 [INFO]  外部數據背景更新啟動
2026-02-14 21:09:27,864 [INFO] 載入外部數據源: ['fear_greed', 'google_trends', 'fred_macro', 'us_stock_qqq']
2026-02-14 21:09:27,866 [INFO] 策略已掛載: PriceVolume1
2026-02-14 21:09:27,866 [INFO] 策略已掛載: PriceVolume2
2026-02-14 21:09:27,866 [INFO] 策略已掛載: PriceVolume3
2026-02-14 21:09:27,866 [INFO] 策略已掛載: PriceVolume4
2026-02-14 21:09:27,867 [INFO] 策略已掛載: PriceVolume5
2026-02-14 21:09:27,867 [INFO] 策略已掛載: PriceVolume6
2026-02-14 21:09:27,867 [INFO] 策略已掛載: PriceVolume7
2026-02-14 21:09:27,867 [INFO] 策略已掛載: PriceVolume8
2026-02-14 21:09:27,869 [INFO] 策略已掛載: PriceVolume9
2026-02-14 21:09:27,869 [INFO] 策略已掛載: SentimentStrategyV3
2026-02-14 21:09:27,869 [INFO] 策略已掛載: SentimentStrategyV2
2026-02-14 21:09:27,870 [INFO] 策略已掛載: PriceVolume10
2026-02-14 21:09:27,870 [INFO] 策略已掛載: QQQ_price
2026-02-14 21:09:27,870 [INFO] 目前運行策略列表: ['Strategy1_MAD_BSR', 'Price_Volume2', 'Strategy3_MAD_OBV_Quantile', 'Strategy4_High_Momentum', 'Strategy5_HighVol_Momentum', 'Strategy6_Climax_Momentum', 'Strategy7_Mom_LowVolFilter', 'Strategy8_Vol_BuyPressure', 'Strategy9_Mom_VROC_Shock', 'Strategy11_Trend_ZScore', 'Strategy12_GnF_Yield_Ratio', 'Strategy10_Volume_Diff_Reversion', 'Strategy13_QQQ_Wavelet_Trend']
2026-02-14 21:09:27,870 [INFO]  [Mock Mode] 模擬執行器已啟動，所有訂單均為虛擬。
2026-02-14 21:09:27,871 [INFO] [Portfolio] 無狀態檔，將初始化為全新狀態。
2026-02-14 21:09:29,456 [INFO] 監控 1h K 線...
2026-02-14 21:09:29,514 [INFO] [ETL] 處理新 K 線: 2026-02-14 12:00:00
2026-02-14 21:09:29,912 [ERROR] 核心崩潰: 'MockExecutor' object has no attribute 'get_account_info'
2026-02-14 21:12:11,127 [INFO] 設定檔載入成功: config.json
2026-02-14 21:12:11,139 [ERROR]  [DB ERROR] 初始化資料庫表失敗: near "realized_pnl": syntax error
2026-02-14 21:12:11,518 [INFO] [BACKFILL] 正在檢查 BTCUSDT 數據完整性...
2026-02-14 21:12:11,524 [INFO] [BACKFILL] 上次收盤: 2026-02-14 13:00:00 | 現在時間: 2026-02-14 13:12:11.523000 | 缺少 K 線: 0 根
2026-02-14 21:12:11,524 [INFO] [BACKFILL] 開始回補 2 根 K 線...
2026-02-14 21:12:11,945 [INFO] [BACKFILL] 成功寫入 2 筆數據！斷層修復完成。
2026-02-14 21:12:11,946 [INFO] [BG-TASK] 開始更新外部數據...
2026-02-14 21:12:11,946 [INFO]  外部數據背景更新啟動
2026-02-14 21:12:11,947 [INFO] 載入外部數據源: ['fear_greed', 'google_trends', 'fred_macro', 'us_stock_qqq']
2026-02-14 21:12:11,949 [INFO] 策略已掛載: PriceVolume1
2026-02-14 21:12:11,949 [INFO] 策略已掛載: PriceVolume2
2026-02-14 21:12:11,949 [INFO] 策略已掛載: PriceVolume3
2026-02-14 21:12:11,949 [INFO] 策略已掛載: PriceVolume4
2026-02-14 21:12:11,949 [INFO] 策略已掛載: PriceVolume5
2026-02-14 21:12:11,951 [INFO] 策略已掛載: PriceVolume6
2026-02-14 21:12:11,951 [INFO] 策略已掛載: PriceVolume7
2026-02-14 21:12:11,951 [INFO] 策略已掛載: PriceVolume8
2026-02-14 21:12:11,951 [INFO] 策略已掛載: PriceVolume9
2026-02-14 21:12:11,951 [INFO] 策略已掛載: SentimentStrategyV3
2026-02-14 21:12:11,951 [INFO] 策略已掛載: SentimentStrategyV2
2026-02-14 21:12:11,952 [INFO] 策略已掛載: PriceVolume10
2026-02-14 21:12:11,952 [INFO] 策略已掛載: QQQ_price
2026-02-14 21:12:11,952 [INFO] 目前運行策略列表: ['Strategy1_MAD_BSR', 'Price_Volume2', 'Strategy3_MAD_OBV_Quantile', 'Strategy4_High_Momentum', 'Strategy5_HighVol_Momentum', 'Strategy6_Climax_Momentum', 'Strategy7_Mom_LowVolFilter', 'Strategy8_Vol_BuyPressure', 'Strategy9_Mom_VROC_Shock', 'Strategy11_Trend_ZScore', 'Strategy12_GnF_Yield_Ratio', 'Strategy10_Volume_Diff_Reversion', 'Strategy13_QQQ_Wavelet_Trend']
2026-02-14 21:12:11,952 [INFO]  [Mock Mode] 模擬執行器已啟動，所有訂單均為虛擬。
2026-02-14 21:12:11,952 [INFO] [Portfolio] 無狀態檔，將初始化為全新狀態。
2026-02-14 21:12:13,481 [INFO] 監控 1h K 線...
2026-02-14 21:12:13,540 [INFO] [ETL] 處理新 K 線: 2026-02-14 12:00:00
2026-02-14 21:12:13,924 [INFO] [Portfolio]  週期 (30天) 到達，執行 Sharpe Rebalance...
2026-02-14 21:12:13,924 [ERROR] [DB Error] 查詢每日損益失敗: no such column: realized_pnl
2026-02-14 21:12:13,924 [WARNING] [Portfolio] 無歷史數據，維持現狀
2026-02-14 21:12:13,925 [INFO] [Portfolio] 狀態已儲存至 portfolio_state.json
2026-02-14 21:12:13,925 [ERROR] 核心崩潰: no such table: strategy_states
2026-02-14 21:15:22,505 [INFO] 設定檔載入成功: config.json
2026-02-14 21:15:22,517 [ERROR]  [DB ERROR] 初始化資料庫表失敗: near "realized_pnl": syntax error
2026-02-14 21:15:23,246 [INFO] [BACKFILL] 正在檢查 BTCUSDT 數據完整性...
2026-02-14 21:15:23,251 [INFO] [BACKFILL] 上次收盤: 2026-02-14 13:00:00 | 現在時間: 2026-02-14 13:15:23.250000 | 缺少 K 線: 0 根
2026-02-14 21:15:23,251 [INFO] [BACKFILL] 開始回補 2 根 K 線...
2026-02-14 21:15:23,661 [INFO] [BACKFILL] 成功寫入 2 筆數據！斷層修復完成。
2026-02-14 21:15:23,662 [INFO] [BG-TASK] 開始更新外部數據...
2026-02-14 21:15:23,663 [INFO]  外部數據背景更新啟動
2026-02-14 21:15:23,663 [INFO] 載入外部數據源: ['fear_greed', 'google_trends', 'fred_macro', 'us_stock_qqq']
2026-02-14 21:15:23,665 [INFO] 策略已掛載: PriceVolume1
2026-02-14 21:15:23,666 [INFO] 策略已掛載: PriceVolume2
2026-02-14 21:15:23,666 [INFO] 策略已掛載: PriceVolume3
2026-02-14 21:15:23,666 [INFO] 策略已掛載: PriceVolume4
2026-02-14 21:15:23,666 [INFO] 策略已掛載: PriceVolume5
2026-02-14 21:15:23,667 [INFO] 策略已掛載: PriceVolume6
2026-02-14 21:15:23,667 [INFO] 策略已掛載: PriceVolume7
2026-02-14 21:15:23,668 [INFO] 策略已掛載: PriceVolume8
2026-02-14 21:15:23,668 [INFO] 策略已掛載: PriceVolume9
2026-02-14 21:15:23,668 [INFO] 策略已掛載: SentimentStrategyV3
2026-02-14 21:15:23,669 [INFO] 策略已掛載: SentimentStrategyV2
2026-02-14 21:15:23,669 [INFO] 策略已掛載: PriceVolume10
2026-02-14 21:15:23,669 [INFO] 策略已掛載: QQQ_price
2026-02-14 21:15:23,669 [INFO] 目前運行策略列表: ['Strategy1_MAD_BSR', 'Price_Volume2', 'Strategy3_MAD_OBV_Quantile', 'Strategy4_High_Momentum', 'Strategy5_HighVol_Momentum', 'Strategy6_Climax_Momentum', 'Strategy7_Mom_LowVolFilter', 'Strategy8_Vol_BuyPressure', 'Strategy9_Mom_VROC_Shock', 'Strategy11_Trend_ZScore', 'Strategy12_GnF_Yield_Ratio', 'Strategy10_Volume_Diff_Reversion', 'Strategy13_QQQ_Wavelet_Trend']
2026-02-14 21:15:23,669 [INFO]  [Mock Mode] 模擬執行器已啟動，所有訂單均為虛擬。
2026-02-14 21:15:23,680 [INFO] [Portfolio] 狀態載入成功。上次 Rebalance: 2026-02-14 21:12:13.924805
2026-02-14 21:15:26,398 [INFO] 監控 1h K 線...
2026-02-14 21:15:26,458 [INFO] [ETL] 處理新 K 線: 2026-02-14 12:00:00
2026-02-14 21:15:26,842 [ERROR] 核心崩潰: no such table: strategy_states
2026-02-14 21:22:18,798 [INFO] 設定檔載入成功: config.json
2026-02-14 21:22:18,812 [ERROR]  [DB ERROR] 初始化資料庫表失敗: near "realized_pnl": syntax error
2026-02-14 21:22:19,474 [INFO] [BACKFILL] 正在檢查 BTCUSDT 數據完整性...
2026-02-14 21:22:19,479 [INFO] [BACKFILL] 上次收盤: 2026-02-14 13:00:00 | 現在時間: 2026-02-14 13:22:19.478000 | 缺少 K 線: 0 根
2026-02-14 21:22:19,479 [INFO] [BACKFILL] 開始回補 2 根 K 線...
2026-02-14 21:22:19,929 [INFO] [BACKFILL] 成功寫入 2 筆數據！斷層修復完成。
2026-02-14 21:22:19,930 [INFO] [BG-TASK] 開始更新外部數據...
2026-02-14 21:22:19,930 [INFO]  外部數據背景更新啟動
2026-02-14 21:22:19,931 [INFO] 載入外部數據源: ['fear_greed', 'google_trends', 'fred_macro', 'us_stock_qqq']
2026-02-14 21:22:19,932 [INFO] 策略已掛載: PriceVolume1
2026-02-14 21:22:19,932 [INFO] 策略已掛載: PriceVolume2
2026-02-14 21:22:19,933 [INFO] 策略已掛載: PriceVolume3
2026-02-14 21:22:19,933 [INFO] 策略已掛載: PriceVolume4
2026-02-14 21:22:19,933 [INFO] 策略已掛載: PriceVolume5
2026-02-14 21:22:19,934 [INFO] 策略已掛載: PriceVolume6
2026-02-14 21:22:19,934 [INFO] 策略已掛載: PriceVolume7
2026-02-14 21:22:19,934 [INFO] 策略已掛載: PriceVolume8
2026-02-14 21:22:19,934 [INFO] 策略已掛載: PriceVolume9
2026-02-14 21:22:19,934 [INFO] 策略已掛載: SentimentStrategyV3
2026-02-14 21:22:19,936 [INFO] 策略已掛載: SentimentStrategyV2
2026-02-14 21:22:19,936 [INFO] 策略已掛載: PriceVolume10
2026-02-14 21:22:19,936 [INFO] 策略已掛載: QQQ_price
2026-02-14 21:22:19,936 [INFO] 目前運行策略列表: ['Strategy1_MAD_BSR', 'Price_Volume2', 'Strategy3_MAD_OBV_Quantile', 'Strategy4_High_Momentum', 'Strategy5_HighVol_Momentum', 'Strategy6_Climax_Momentum', 'Strategy7_Mom_LowVolFilter', 'Strategy8_Vol_BuyPressure', 'Strategy9_Mom_VROC_Shock', 'Strategy11_Trend_ZScore', 'Strategy12_GnF_Yield_Ratio', 'Strategy10_Volume_Diff_Reversion', 'Strategy13_QQQ_Wavelet_Trend']
2026-02-14 21:22:19,936 [INFO]  [Mock Mode] 模擬執行器已啟動，所有訂單均為虛擬。
2026-02-14 21:22:19,937 [INFO] [Portfolio] 狀態載入成功。上次 Rebalance: 2026-02-14 21:12:13.924805
2026-02-14 21:22:21,523 [INFO] 監控 1h K 線...
2026-02-14 21:22:21,579 [INFO] [ETL] 處理新 K 線: 2026-02-14 12:00:00
2026-02-14 21:22:22,003 [ERROR] 核心崩潰: no such table: strategy_states
2026-02-14 21:22:54,935 [WARNING] 停止運行
2026-02-14 21:26:52,091 [INFO] 設定檔載入成功: config.json
2026-02-14 21:26:52,749 [INFO] [BACKFILL] 正在檢查 BTCUSDT 數據完整性...
2026-02-14 21:26:52,754 [INFO] [BACKFILL] 上次收盤: 2026-02-14 13:00:00 | 現在時間: 2026-02-14 13:26:52.753000 | 缺少 K 線: 0 根
2026-02-14 21:26:52,754 [INFO] [BACKFILL] 開始回補 2 根 K 線...
2026-02-14 21:26:53,108 [INFO] [BACKFILL] 成功寫入 2 筆數據！斷層修復完成。
2026-02-14 21:26:53,109 [INFO] [BG-TASK] 開始更新外部數據...
2026-02-14 21:26:53,109 [INFO]  外部數據背景更新啟動
2026-02-14 21:26:53,110 [INFO] 載入外部數據源: ['fear_greed', 'google_trends', 'fred_macro', 'us_stock_qqq']
2026-02-14 21:26:53,111 [INFO] 策略已掛載: PriceVolume1
2026-02-14 21:26:53,112 [INFO] 策略已掛載: PriceVolume2
2026-02-14 21:26:53,112 [INFO] 策略已掛載: PriceVolume3
2026-02-14 21:26:53,113 [INFO] 策略已掛載: PriceVolume4
2026-02-14 21:26:53,113 [INFO] 策略已掛載: PriceVolume5
2026-02-14 21:26:53,113 [INFO] 策略已掛載: PriceVolume6
2026-02-14 21:26:53,113 [INFO] 策略已掛載: PriceVolume7
2026-02-14 21:26:53,114 [INFO] 策略已掛載: PriceVolume8
2026-02-14 21:26:53,114 [INFO] 策略已掛載: PriceVolume9
2026-02-14 21:26:53,114 [INFO] 策略已掛載: SentimentStrategyV3
2026-02-14 21:26:53,114 [INFO] 策略已掛載: SentimentStrategyV2
2026-02-14 21:26:53,115 [INFO] 策略已掛載: PriceVolume10
2026-02-14 21:26:53,115 [INFO] 策略已掛載: QQQ_price
2026-02-14 21:26:53,115 [INFO] 目前運行策略列表: ['Strategy1_MAD_BSR', 'Price_Volume2', 'Strategy3_MAD_OBV_Quantile', 'Strategy4_High_Momentum', 'Strategy5_HighVol_Momentum', 'Strategy6_Climax_Momentum', 'Strategy7_Mom_LowVolFilter', 'Strategy8_Vol_BuyPressure', 'Strategy9_Mom_VROC_Shock', 'Strategy11_Trend_ZScore', 'Strategy12_GnF_Yield_Ratio', 'Strategy10_Volume_Diff_Reversion', 'Strategy13_QQQ_Wavelet_Trend']
2026-02-14 21:26:53,115 [INFO]  [Mock Mode] 模擬執行器已啟動，所有訂單均為虛擬。
2026-02-14 21:26:53,116 [INFO] [Portfolio] 狀態載入成功。上次 Rebalance: 2026-02-14 21:12:13.924805
2026-02-14 21:26:54,662 [INFO] 監控 1h K 線...
2026-02-14 21:26:54,721 [INFO] [ETL] 處理新 K 線: 2026-02-14 12:00:00
2026-02-14 21:26:55,124 [ERROR] 核心崩潰: 'TradeManager' object has no attribute 'log_snapshot'
2026-02-14 21:31:13,166 [INFO] 設定檔載入成功: config.json
2026-02-14 21:31:13,793 [INFO] [BACKFILL] 正在檢查 BTCUSDT 數據完整性...
2026-02-14 21:31:13,796 [INFO] [BACKFILL] 上次收盤: 2026-02-14 13:00:00 | 現在時間: 2026-02-14 13:31:13.796000 | 缺少 K 線: 0 根
2026-02-14 21:31:13,797 [INFO] [BACKFILL] 開始回補 2 根 K 線...
2026-02-14 21:31:14,227 [INFO] [BACKFILL] 成功寫入 2 筆數據！斷層修復完成。
2026-02-14 21:31:14,229 [INFO] [BG-TASK] 開始更新外部數據...
2026-02-14 21:31:14,229 [INFO]  外部數據背景更新啟動
2026-02-14 21:31:14,229 [INFO] 載入外部數據源: ['fear_greed', 'google_trends', 'fred_macro', 'us_stock_qqq']
2026-02-14 21:31:14,231 [INFO] 策略已掛載: PriceVolume1
2026-02-14 21:31:14,232 [INFO] 策略已掛載: PriceVolume2
2026-02-14 21:31:14,232 [INFO] 策略已掛載: PriceVolume3
2026-02-14 21:31:14,232 [INFO] 策略已掛載: PriceVolume4
2026-02-14 21:31:14,233 [INFO] 策略已掛載: PriceVolume5
2026-02-14 21:31:14,233 [INFO] 策略已掛載: PriceVolume6
2026-02-14 21:31:14,233 [INFO] 策略已掛載: PriceVolume7
2026-02-14 21:31:14,234 [INFO] 策略已掛載: PriceVolume8
2026-02-14 21:31:14,234 [INFO] 策略已掛載: PriceVolume9
2026-02-14 21:31:14,235 [INFO] 策略已掛載: SentimentStrategyV3
2026-02-14 21:31:14,235 [INFO] 策略已掛載: SentimentStrategyV2
2026-02-14 21:31:14,236 [INFO] 策略已掛載: PriceVolume10
2026-02-14 21:31:14,236 [INFO] 策略已掛載: QQQ_price
2026-02-14 21:31:14,236 [INFO] 目前運行策略列表: ['Strategy1_MAD_BSR', 'Price_Volume2', 'Strategy3_MAD_OBV_Quantile', 'Strategy4_High_Momentum', 'Strategy5_HighVol_Momentum', 'Strategy6_Climax_Momentum', 'Strategy7_Mom_LowVolFilter', 'Strategy8_Vol_BuyPressure', 'Strategy9_Mom_VROC_Shock', 'Strategy11_Trend_ZScore', 'Strategy12_GnF_Yield_Ratio', 'Strategy10_Volume_Diff_Reversion', 'Strategy13_QQQ_Wavelet_Trend']
2026-02-14 21:31:14,236 [INFO]  [Mock Mode] 模擬執行器已啟動，所有訂單均為虛擬。
2026-02-14 21:31:14,237 [INFO] [Portfolio] 狀態載入成功。上次 Rebalance: 2026-02-14 21:12:13.924805
2026-02-14 21:31:15,807 [INFO] 監控 1h K 線...
2026-02-14 21:31:15,868 [INFO] [ETL] 處理新 K 線: 2026-02-14 12:00:00
2026-02-14 21:31:16,254 [INFO] 本週期結束，等待下一次收盤...
2026-02-14 21:31:32,816 [WARNING] 停止運行
2026-02-14 21:33:46,380 [INFO] 設定檔載入成功: config.json
2026-02-14 21:33:47,081 [INFO] [BACKFILL] 正在檢查 BTCUSDT 數據完整性...
2026-02-14 21:33:47,086 [INFO] [BACKFILL] 上次收盤: 2026-02-14 13:00:00 | 現在時間: 2026-02-14 13:33:47.085000 | 缺少 K 線: 0 根
2026-02-14 21:33:47,086 [INFO] [BACKFILL] 開始回補 2 根 K 線...
2026-02-14 21:33:47,493 [INFO] [BACKFILL] 成功寫入 2 筆數據！斷層修復完成。
2026-02-14 21:33:47,496 [INFO] [BG-TASK] 開始更新外部數據...
2026-02-14 21:33:47,496 [INFO]  外部數據背景更新啟動
2026-02-14 21:33:47,497 [INFO] 載入外部數據源: ['fear_greed', 'google_trends', 'fred_macro', 'us_stock_qqq']
2026-02-14 21:33:47,499 [INFO] 策略已掛載: PriceVolume1
2026-02-14 21:33:47,499 [INFO] 策略已掛載: PriceVolume2
2026-02-14 21:33:47,500 [INFO] 策略已掛載: PriceVolume3
2026-02-14 21:33:47,500 [INFO] 策略已掛載: PriceVolume4
2026-02-14 21:33:47,500 [INFO] 策略已掛載: PriceVolume5
2026-02-14 21:33:47,500 [INFO] 策略已掛載: PriceVolume6
2026-02-14 21:33:47,501 [INFO] 策略已掛載: PriceVolume7
2026-02-14 21:33:47,501 [INFO] 策略已掛載: PriceVolume8
2026-02-14 21:33:47,501 [INFO] 策略已掛載: PriceVolume9
2026-02-14 21:33:47,501 [INFO] 策略已掛載: SentimentStrategyV3
2026-02-14 21:33:47,502 [INFO] 策略已掛載: SentimentStrategyV2
2026-02-14 21:33:47,502 [INFO] 策略已掛載: PriceVolume10
2026-02-14 21:33:47,502 [INFO] 策略已掛載: QQQ_price
2026-02-14 21:33:47,502 [INFO] 目前運行策略列表: ['Strategy1_MAD_BSR', 'Price_Volume2', 'Strategy3_MAD_OBV_Quantile', 'Strategy4_High_Momentum', 'Strategy5_HighVol_Momentum', 'Strategy6_Climax_Momentum', 'Strategy7_Mom_LowVolFilter', 'Strategy8_Vol_BuyPressure', 'Strategy9_Mom_VROC_Shock', 'Strategy11_Trend_ZScore', 'Strategy12_GnF_Yield_Ratio', 'Strategy10_Volume_Diff_Reversion', 'Strategy13_QQQ_Wavelet_Trend']
2026-02-14 21:33:47,502 [INFO]  [Mock Mode] 模擬執行器已啟動，所有訂單均為虛擬。
2026-02-14 21:33:47,503 [INFO] [Portfolio] 狀態載入成功。上次 Rebalance: 2026-02-14 21:12:13.924805
2026-02-14 21:33:49,085 [INFO] 監控 1h K 線...
2026-02-14 21:33:49,144 [INFO] [ETL] 處理新 K 線: 2026-02-14 12:00:00
2026-02-14 21:33:49,536 [INFO] 本週期結束，等待下一次收盤...
2026-02-14 21:34:11,167 [WARNING] 停止運行
2026-02-14 21:44:09,187 [INFO] 設定檔載入成功: config.json
2026-02-14 21:44:09,884 [INFO] [BACKFILL] 正在檢查 BTCUSDT 數據完整性...
2026-02-14 21:44:09,889 [INFO] [BACKFILL] 上次收盤: 2026-02-14 13:00:00 | 現在時間: 2026-02-14 13:44:09.888000 | 缺少 K 線: 0 根
2026-02-14 21:44:09,889 [INFO] [BACKFILL] 開始回補 2 根 K 線...
2026-02-14 21:44:10,274 [INFO] [BACKFILL] 成功寫入 2 筆數據！斷層修復完成。
2026-02-14 21:44:10,274 [INFO] [BG-TASK] 開始更新外部數據...
2026-02-14 21:44:10,275 [INFO]  外部數據背景更新啟動
2026-02-14 21:44:10,275 [INFO] 載入外部數據源: ['fear_greed', 'google_trends', 'fred_macro', 'us_stock_qqq']
2026-02-14 21:44:10,277 [INFO] 策略已掛載: PriceVolume1
2026-02-14 21:44:10,278 [INFO] 策略已掛載: PriceVolume2
2026-02-14 21:44:10,278 [INFO] 策略已掛載: PriceVolume3
2026-02-14 21:44:10,278 [INFO] 策略已掛載: PriceVolume4
2026-02-14 21:44:10,279 [INFO] 策略已掛載: PriceVolume5
2026-02-14 21:44:10,279 [INFO] 策略已掛載: PriceVolume6
2026-02-14 21:44:10,279 [INFO] 策略已掛載: PriceVolume7
2026-02-14 21:44:10,280 [INFO] 策略已掛載: PriceVolume8
2026-02-14 21:44:10,280 [INFO] 策略已掛載: PriceVolume9
2026-02-14 21:44:10,281 [INFO] 策略已掛載: SentimentStrategyV3
2026-02-14 21:44:10,281 [INFO] 策略已掛載: SentimentStrategyV2
2026-02-14 21:44:10,281 [INFO] 策略已掛載: PriceVolume10
2026-02-14 21:44:10,281 [INFO] 策略已掛載: QQQ_price
2026-02-14 21:44:10,282 [INFO] 目前運行策略列表: ['Strategy1_MAD_BSR', 'Price_Volume2', 'Strategy3_MAD_OBV_Quantile', 'Strategy4_High_Momentum', 'Strategy5_HighVol_Momentum', 'Strategy6_Climax_Momentum', 'Strategy7_Mom_LowVolFilter', 'Strategy8_Vol_BuyPressure', 'Strategy9_Mom_VROC_Shock', 'Strategy11_Trend_ZScore', 'Strategy12_GnF_Yield_Ratio', 'Strategy10_Volume_Diff_Reversion', 'Strategy13_QQQ_Wavelet_Trend']
2026-02-14 21:44:10,282 [INFO]  [Mock Mode] 模擬執行器已啟動，所有訂單均為虛擬。
2026-02-14 21:44:10,282 [INFO] [Portfolio] 狀態載入成功。上次 Rebalance: 2026-02-14 21:12:13.924805
2026-02-14 21:44:13,326 [INFO] 監控 1h K 線...
2026-02-14 21:44:13,384 [INFO] [ETL] 處理新 K 線: 2026-02-14 12:00:00
2026-02-14 21:44:13,763 [INFO] [SKIP] Price_Volume2 目前空手，無法平倉/無需動作
2026-02-14 21:44:13,764 [INFO] [SIGNAL] Price_Volume2 (0) | CLOSE | Exit: OBV(-905424.6)<MA or ATR<MA
2026-02-14 21:44:13,764 [INFO] [SKIP] Strategy3_MAD_OBV_Quantile 目前空手，無法平倉/無需動作
2026-02-14 21:44:13,764 [INFO] [SIGNAL] Strategy3_MAD_OBV_Quantile (0) | CLOSE | MAD_CoolDown or OBV_Weak
2026-02-14 21:44:13,764 [INFO] [SKIP] Strategy5_HighVol_Momentum 目前空手，無法平倉/無需動作
2026-02-14 21:44:13,764 [INFO] [SIGNAL] Strategy5_HighVol_Momentum (0) | CLOSE | Vol_Drop & Mom_Weak
2026-02-14 21:44:13,764 [INFO] [SKIP] Strategy8_Vol_BuyPressure 目前空手，無法平倉/無需動作
2026-02-14 21:44:13,764 [INFO] [SIGNAL] Strategy8_Vol_BuyPressure (0) | CLOSE | Vol_Cool & Buy_Weak
2026-02-14 21:44:13,764 [INFO] [SKIP] Strategy10_Volume_Diff_Reversion 目前空手，無法平倉/無需動作
2026-02-14 21:44:13,764 [INFO] [SIGNAL] Strategy10_Volume_Diff_Reversion (0) | CLOSE | Vol_Trend_Spike & Non_US_Time
2026-02-14 21:44:13,765 [INFO] 本週期結束，等待下一次收盤...
2026-02-14 21:44:41,603 [WARNING] 停止運行
2026-02-14 21:46:53,084 [INFO] 設定檔載入成功: config.json
2026-02-14 21:46:53,740 [INFO] [BACKFILL] 正在檢查 BTCUSDT 數據完整性...
2026-02-14 21:46:53,744 [INFO] [BACKFILL] 上次收盤: 2026-02-14 13:00:00 | 現在時間: 2026-02-14 13:46:53.744000 | 缺少 K 線: 0 根
2026-02-14 21:46:53,745 [INFO] [BACKFILL] 開始回補 2 根 K 線...
2026-02-14 21:46:54,148 [INFO] [BACKFILL] 成功寫入 2 筆數據！斷層修復完成。
2026-02-14 21:46:54,149 [INFO] [BG-TASK] 開始更新外部數據...
2026-02-14 21:46:54,149 [INFO]  外部數據背景更新啟動
2026-02-14 21:46:54,150 [INFO] 載入外部數據源: ['fear_greed', 'google_trends', 'fred_macro', 'us_stock_qqq']
2026-02-14 21:46:54,151 [INFO] 策略已掛載: PriceVolume1
2026-02-14 21:46:54,152 [INFO] 策略已掛載: PriceVolume2
2026-02-14 21:46:54,153 [INFO] 策略已掛載: PriceVolume3
2026-02-14 21:46:54,153 [INFO] 策略已掛載: PriceVolume4
2026-02-14 21:46:54,153 [INFO] 策略已掛載: PriceVolume5
2026-02-14 21:46:54,153 [INFO] 策略已掛載: PriceVolume6
2026-02-14 21:46:54,155 [INFO] 策略已掛載: PriceVolume7
2026-02-14 21:46:54,155 [INFO] 策略已掛載: PriceVolume8
2026-02-14 21:46:54,155 [INFO] 策略已掛載: PriceVolume9
2026-02-14 21:46:54,156 [INFO] 策略已掛載: SentimentStrategyV3
2026-02-14 21:46:54,156 [INFO] 策略已掛載: SentimentStrategyV2
2026-02-14 21:46:54,156 [INFO] 策略已掛載: PriceVolume10
2026-02-14 21:46:54,157 [INFO] 策略已掛載: QQQ_price
2026-02-14 21:46:54,157 [INFO] 目前運行策略列表: ['Strategy1_MAD_BSR', 'Price_Volume2', 'Strategy3_MAD_OBV_Quantile', 'Strategy4_High_Momentum', 'Strategy5_HighVol_Momentum', 'Strategy6_Climax_Momentum', 'Strategy7_Mom_LowVolFilter', 'Strategy8_Vol_BuyPressure', 'Strategy9_Mom_VROC_Shock', 'Strategy11_Trend_ZScore', 'Strategy12_GnF_Yield_Ratio', 'Strategy10_Volume_Diff_Reversion', 'Strategy13_QQQ_Wavelet_Trend']
2026-02-14 21:46:54,157 [INFO]  [Mock Mode] 模擬執行器已啟動，所有訂單均為虛擬。
2026-02-14 21:46:54,158 [INFO] [Portfolio] 狀態載入成功。上次 Rebalance: 2026-02-14 21:12:13.924805
2026-02-14 21:46:57,460 [INFO] 監控 1h K 線...
2026-02-14 21:46:57,520 [INFO] [ETL] 處理新 K 線: 2026-02-14 12:00:00
2026-02-14 21:46:57,907 [INFO] [SIGNAL] Price_Volume2 (69478.0) | CLOSE | Exit: OBV(-905439.5)<MA or ATR<MA
2026-02-14 21:46:57,907 [INFO] [SKIP] Price_Volume2 目前空手，無法平倉/無需動作
2026-02-14 21:46:57,907 [INFO] [SIGNAL] Price_Volume2 (0) | CLOSE | Exit: OBV(-905439.5)<MA or ATR<MA
2026-02-14 21:46:57,908 [INFO] [SIGNAL] Strategy3_MAD_OBV_Quantile (69478.0) | CLOSE | MAD_CoolDown or OBV_Weak
2026-02-14 21:46:57,908 [INFO] [SKIP] Strategy3_MAD_OBV_Quantile 目前空手，無法平倉/無需動作
2026-02-14 21:46:57,908 [INFO] [SIGNAL] Strategy3_MAD_OBV_Quantile (0) | CLOSE | MAD_CoolDown or OBV_Weak
2026-02-14 21:46:57,908 [INFO] [SIGNAL] Strategy5_HighVol_Momentum (69478.0) | CLOSE | Vol_Drop & Mom_Weak
2026-02-14 21:46:57,908 [INFO] [SKIP] Strategy5_HighVol_Momentum 目前空手，無法平倉/無需動作
2026-02-14 21:46:57,908 [INFO] [SIGNAL] Strategy5_HighVol_Momentum (0) | CLOSE | Vol_Drop & Mom_Weak
2026-02-14 21:46:57,908 [INFO] [SIGNAL] Strategy8_Vol_BuyPressure (69478.0) | CLOSE | Vol_Cool & Buy_Weak
2026-02-14 21:46:57,908 [INFO] [SKIP] Strategy8_Vol_BuyPressure 目前空手，無法平倉/無需動作
2026-02-14 21:46:57,909 [INFO] [SIGNAL] Strategy8_Vol_BuyPressure (0) | CLOSE | Vol_Cool & Buy_Weak
2026-02-14 21:46:57,909 [INFO] [SIGNAL] Strategy10_Volume_Diff_Reversion (69478.0) | CLOSE | Vol_Trend_Spike & Non_US_Time
2026-02-14 21:46:57,909 [INFO] [SKIP] Strategy10_Volume_Diff_Reversion 目前空手，無法平倉/無需動作
2026-02-14 21:46:57,909 [INFO] [SIGNAL] Strategy10_Volume_Diff_Reversion (0) | CLOSE | Vol_Trend_Spike & Non_US_Time
2026-02-14 21:46:57,910 [INFO] 本週期結束，等待下一次收盤...
2026-02-14 21:47:08,710 [WARNING] 停止運行
2026-02-14 21:54:32,183 [INFO] 設定檔載入成功: config.json
2026-02-14 21:54:32,833 [INFO] [BACKFILL] 正在檢查 BTCUSDT 數據完整性...
2026-02-14 21:54:32,839 [INFO] [BACKFILL] 上次收盤: 2026-02-14 13:00:00 | 現在時間: 2026-02-14 13:54:32.838000 | 缺少 K 線: 0 根
2026-02-14 21:54:32,839 [INFO] [BACKFILL] 開始回補 2 根 K 線...
2026-02-14 21:54:33,652 [INFO] [BACKFILL] 成功寫入 2 筆數據！斷層修復完成。
2026-02-14 21:54:33,653 [INFO] [BG-TASK] 開始更新外部數據...
2026-02-14 21:54:33,653 [INFO]  外部數據背景更新啟動
2026-02-14 21:54:33,653 [INFO] 載入外部數據源: ['fear_greed', 'google_trends', 'fred_macro', 'us_stock_qqq']
2026-02-14 21:54:33,654 [INFO] 策略已掛載: PriceVolume1
2026-02-14 21:54:33,655 [INFO] 策略已掛載: PriceVolume2
2026-02-14 21:54:33,655 [INFO] 策略已掛載: PriceVolume3
2026-02-14 21:54:33,655 [INFO] 策略已掛載: PriceVolume4
2026-02-14 21:54:33,655 [INFO] 策略已掛載: PriceVolume5
2026-02-14 21:54:33,657 [INFO] 策略已掛載: PriceVolume6
2026-02-14 21:54:33,657 [INFO] 策略已掛載: PriceVolume7
2026-02-14 21:54:33,657 [INFO] 策略已掛載: PriceVolume8
2026-02-14 21:54:33,658 [INFO] 策略已掛載: PriceVolume9
2026-02-14 21:54:33,658 [INFO] 策略已掛載: SentimentStrategyV3
2026-02-14 21:54:33,658 [INFO] 策略已掛載: SentimentStrategyV2
2026-02-14 21:54:33,659 [INFO] 策略已掛載: PriceVolume10
2026-02-14 21:54:33,659 [INFO] 策略已掛載: QQQ_price
2026-02-14 21:54:33,659 [INFO] 目前運行策略列表: ['Strategy1_MAD_BSR', 'Price_Volume2', 'Strategy3_MAD_OBV_Quantile', 'Strategy4_High_Momentum', 'Strategy5_HighVol_Momentum', 'Strategy6_Climax_Momentum', 'Strategy7_Mom_LowVolFilter', 'Strategy8_Vol_BuyPressure', 'Strategy9_Mom_VROC_Shock', 'Strategy11_Trend_ZScore', 'Strategy12_GnF_Yield_Ratio', 'Strategy10_Volume_Diff_Reversion', 'Strategy13_QQQ_Wavelet_Trend']
2026-02-14 21:54:33,659 [INFO]  [Mock Mode] 模擬執行器已啟動，所有訂單均為虛擬。
2026-02-14 21:54:33,660 [INFO] [Portfolio] 狀態載入成功。上次 Rebalance: 2026-02-14 21:12:13.924805
2026-02-14 21:54:40,434 [INFO] 監控 1h K 線...
2026-02-14 21:54:40,515 [INFO] [ETL] 處理新 K 線: 2026-02-14 12:00:00
2026-02-14 21:54:40,800 [ERROR] 策略 Strategy11_Trend_ZScore 產生訊號時發生錯誤: 'NoneType' object is not callable
2026-02-14 21:54:40,955 [ERROR] 策略 Strategy13_QQQ_Wavelet_Trend 產生訊號時發生錯誤: 'NoneType' object is not callable
2026-02-14 21:54:40,955 [INFO] [SIGNAL] Price_Volume2 (69326.0) | CLOSE | Exit: OBV(-905508.7)<MA or ATR<MA
2026-02-14 21:54:40,955 [INFO] [SKIP] Price_Volume2 目前空手，無法平倉/無需動作
2026-02-14 21:54:40,956 [INFO] [SIGNAL] Price_Volume2 (0) | CLOSE | Exit: OBV(-905508.7)<MA or ATR<MA
2026-02-14 21:54:40,956 [INFO] [SIGNAL] Strategy3_MAD_OBV_Quantile (69326.0) | CLOSE | MAD_CoolDown or OBV_Weak
2026-02-14 21:54:40,956 [INFO] [SKIP] Strategy3_MAD_OBV_Quantile 目前空手，無法平倉/無需動作
2026-02-14 21:54:40,956 [INFO] [SIGNAL] Strategy3_MAD_OBV_Quantile (0) | CLOSE | MAD_CoolDown or OBV_Weak
2026-02-14 21:54:40,956 [INFO] [SIGNAL] Strategy5_HighVol_Momentum (69326.0) | CLOSE | Vol_Drop & Mom_Weak
2026-02-14 21:54:40,956 [INFO] [SKIP] Strategy5_HighVol_Momentum 目前空手，無法平倉/無需動作
2026-02-14 21:54:40,956 [INFO] [SIGNAL] Strategy5_HighVol_Momentum (0) | CLOSE | Vol_Drop & Mom_Weak
2026-02-14 21:54:40,958 [INFO] [SIGNAL] Strategy8_Vol_BuyPressure (69326.0) | CLOSE | Vol_Cool & Buy_Weak
2026-02-14 21:54:40,958 [INFO] [SKIP] Strategy8_Vol_BuyPressure 目前空手，無法平倉/無需動作
2026-02-14 21:54:40,958 [INFO] [SIGNAL] Strategy8_Vol_BuyPressure (0) | CLOSE | Vol_Cool & Buy_Weak
2026-02-14 21:54:40,958 [INFO] [SIGNAL] Strategy10_Volume_Diff_Reversion (69326.0) | CLOSE | Vol_Trend_Spike & Non_US_Time
2026-02-14 21:54:40,958 [INFO] [SKIP] Strategy10_Volume_Diff_Reversion 目前空手，無法平倉/無需動作
2026-02-14 21:54:40,958 [INFO] [SIGNAL] Strategy10_Volume_Diff_Reversion (0) | CLOSE | Vol_Trend_Spike & Non_US_Time
2026-02-14 21:54:40,959 [INFO] 本週期結束，等待下一次收盤...
2026-02-14 21:55:16,632 [WARNING] 停止運行
2026-02-14 22:20:11,214 [INFO] 設定檔載入成功: config.json
2026-02-14 22:20:11,837 [INFO] [BACKFILL] 正在檢查 BTCUSDT 數據完整性...
2026-02-14 22:20:11,843 [INFO] [BACKFILL] 上次收盤: 2026-02-14 13:00:00 | 現在時間: 2026-02-14 14:20:11.842000 | 缺少 K 線: 1 根
2026-02-14 22:20:11,843 [INFO] [BACKFILL] 開始回補 3 根 K 線...
2026-02-14 22:20:12,222 [INFO] [BACKFILL] 成功寫入 3 筆數據！斷層修復完成。
2026-02-14 22:20:12,224 [INFO] [BG-TASK] 開始更新外部數據...
2026-02-14 22:20:12,224 [INFO]  外部數據背景更新啟動
2026-02-14 22:20:12,224 [INFO] 載入外部數據源: ['fear_greed', 'google_trends', 'fred_macro', 'us_stock_qqq']
2026-02-14 22:20:12,226 [INFO] 策略已掛載: PriceVolume1
2026-02-14 22:20:12,227 [INFO] 策略已掛載: PriceVolume2
2026-02-14 22:20:12,227 [INFO] 策略已掛載: PriceVolume3
2026-02-14 22:20:12,227 [INFO] 策略已掛載: PriceVolume4
2026-02-14 22:20:12,228 [INFO] 策略已掛載: PriceVolume5
2026-02-14 22:20:12,228 [INFO] 策略已掛載: PriceVolume6
2026-02-14 22:20:12,228 [INFO] 策略已掛載: PriceVolume7
2026-02-14 22:20:12,229 [INFO] 策略已掛載: PriceVolume8
2026-02-14 22:20:12,229 [INFO] 策略已掛載: PriceVolume9
2026-02-14 22:20:12,229 [INFO] 策略已掛載: SentimentStrategyV3
2026-02-14 22:20:12,230 [INFO] 策略已掛載: SentimentStrategyV2
2026-02-14 22:20:12,230 [INFO] 策略已掛載: PriceVolume10
2026-02-14 22:20:12,230 [INFO] 策略已掛載: QQQ_price
2026-02-14 22:20:12,230 [INFO] 目前運行策略列表: ['Strategy1_MAD_BSR', 'Price_Volume2', 'Strategy3_MAD_OBV_Quantile', 'Strategy4_High_Momentum', 'Strategy5_HighVol_Momentum', 'Strategy6_Climax_Momentum', 'Strategy7_Mom_LowVolFilter', 'Strategy8_Vol_BuyPressure', 'Strategy9_Mom_VROC_Shock', 'Strategy11_Trend_ZScore', 'Strategy12_GnF_Yield_Ratio', 'Strategy10_Volume_Diff_Reversion', 'Strategy13_QQQ_Wavelet_Trend']
2026-02-14 22:20:12,231 [INFO]  [Mock Mode] 模擬執行器已啟動，所有訂單均為虛擬。
2026-02-14 22:20:12,231 [INFO] [Portfolio] 狀態載入成功。上次 Rebalance: 2026-02-14 21:12:13.924805
2026-02-14 22:20:14,791 [INFO] 監控 1h K 線...
2026-02-14 22:20:14,847 [INFO] [ETL] 處理新 K 線: 2026-02-14 13:00:00
2026-02-14 22:20:15,137 [ERROR] 策略 Strategy11_Trend_ZScore 產生訊號時發生錯誤: 'NoneType' object is not callable
2026-02-14 22:20:15,265 [ERROR] 策略 Strategy13_QQQ_Wavelet_Trend 產生訊號時發生錯誤: 'NoneType' object is not callable
2026-02-14 22:20:15,266 [INFO] [SIGNAL] Price_Volume2 (69499.1) | CLOSE | Exit: OBV(-903407.1)<MA or ATR<MA
2026-02-14 22:20:15,266 [INFO] [SKIP] Price_Volume2 目前空手，無法平倉/無需動作
2026-02-14 22:20:15,266 [INFO] [SIGNAL] Price_Volume2 (0) | CLOSE | Exit: OBV(-903407.1)<MA or ATR<MA
2026-02-14 22:20:15,266 [INFO] [SIGNAL] Strategy3_MAD_OBV_Quantile (69499.1) | CLOSE | MAD_CoolDown or OBV_Weak
2026-02-14 22:20:15,266 [INFO] [SKIP] Strategy3_MAD_OBV_Quantile 目前空手，無法平倉/無需動作
2026-02-14 22:20:15,267 [INFO] [SIGNAL] Strategy3_MAD_OBV_Quantile (0) | CLOSE | MAD_CoolDown or OBV_Weak
2026-02-14 22:20:15,267 [INFO] [SIGNAL] Strategy4_High_Momentum (69499.1) | CLOSE | Momentum_Collapsed
2026-02-14 22:20:15,267 [INFO] [SKIP] Strategy4_High_Momentum 目前空手，無法平倉/無需動作
2026-02-14 22:20:15,267 [INFO] [SIGNAL] Strategy4_High_Momentum (0) | CLOSE | Momentum_Collapsed
2026-02-14 22:20:15,267 [INFO] [SIGNAL] Strategy5_HighVol_Momentum (69499.1) | CLOSE | Vol_Drop & Mom_Weak
2026-02-14 22:20:15,267 [INFO] [SKIP] Strategy5_HighVol_Momentum 目前空手，無法平倉/無需動作
2026-02-14 22:20:15,267 [INFO] [SIGNAL] Strategy5_HighVol_Momentum (0) | CLOSE | Vol_Drop & Mom_Weak
2026-02-14 22:20:15,267 [INFO] [SIGNAL] Strategy8_Vol_BuyPressure (69499.1) | CLOSE | Vol_Cool & Buy_Weak
2026-02-14 22:20:15,268 [INFO] [SKIP] Strategy8_Vol_BuyPressure 目前空手，無法平倉/無需動作
2026-02-14 22:20:15,268 [INFO] [SIGNAL] Strategy8_Vol_BuyPressure (0) | CLOSE | Vol_Cool & Buy_Weak
2026-02-14 22:20:15,268 [INFO] [SIGNAL] Strategy9_Mom_VROC_Shock (69499.1) | CLOSE | Mom_Fade & Vol_Normal
2026-02-14 22:20:15,268 [INFO] [SKIP] Strategy9_Mom_VROC_Shock 目前空手，無法平倉/無需動作
2026-02-14 22:20:15,268 [INFO] [SIGNAL] Strategy9_Mom_VROC_Shock (0) | CLOSE | Mom_Fade & Vol_Normal
2026-02-14 22:20:15,269 [INFO] 本週期結束，等待下一次收盤...
2026-02-14 22:20:17,768 [WARNING] 停止運行
2026-02-14 22:26:32,169 [INFO] 設定檔載入成功: config.json
2026-02-14 22:26:32,845 [INFO] [BACKFILL] 正在檢查 BTCUSDT 數據完整性...
2026-02-14 22:26:32,850 [INFO] [BACKFILL] 上次收盤: 2026-02-14 14:00:00 | 現在時間: 2026-02-14 14:26:32.850000 | 缺少 K 線: 0 根
2026-02-14 22:26:32,850 [INFO] [BACKFILL] 開始回補 2 根 K 線...
2026-02-14 22:26:33,265 [INFO] [BACKFILL] 成功寫入 2 筆數據！斷層修復完成。
2026-02-14 22:26:33,267 [INFO] [BG-TASK] 開始更新外部數據...
2026-02-14 22:26:33,267 [INFO]  外部數據背景更新啟動
2026-02-14 22:26:33,267 [INFO] 載入外部數據源: ['fear_greed', 'google_trends', 'fred_macro', 'us_stock_qqq']
2026-02-14 22:26:33,269 [INFO] 策略已掛載: PriceVolume1
2026-02-14 22:26:33,269 [INFO] 策略已掛載: PriceVolume2
2026-02-14 22:26:33,269 [INFO] 策略已掛載: PriceVolume3
2026-02-14 22:26:33,271 [INFO] 策略已掛載: PriceVolume4
2026-02-14 22:26:33,271 [INFO] 策略已掛載: PriceVolume5
2026-02-14 22:26:33,271 [INFO] 策略已掛載: PriceVolume6
2026-02-14 22:26:33,272 [INFO] 策略已掛載: PriceVolume7
2026-02-14 22:26:33,272 [INFO] 策略已掛載: PriceVolume8
2026-02-14 22:26:33,272 [INFO] 策略已掛載: PriceVolume9
2026-02-14 22:26:33,273 [INFO] 策略已掛載: SentimentStrategyV3
2026-02-14 22:26:33,273 [INFO] 策略已掛載: SentimentStrategyV2
2026-02-14 22:26:33,274 [INFO] 策略已掛載: PriceVolume10
2026-02-14 22:26:33,274 [INFO] 策略已掛載: QQQ_price
2026-02-14 22:26:33,274 [INFO] 目前運行策略列表: ['Strategy1_MAD_BSR', 'Price_Volume2', 'Strategy3_MAD_OBV_Quantile', 'Strategy4_High_Momentum', 'Strategy5_HighVol_Momentum', 'Strategy6_Climax_Momentum', 'Strategy7_Mom_LowVolFilter', 'Strategy8_Vol_BuyPressure', 'Strategy9_Mom_VROC_Shock', 'Strategy11_Trend_ZScore', 'Strategy12_GnF_Yield_Ratio', 'Strategy10_Volume_Diff_Reversion', 'Strategy13_QQQ_Wavelet_Trend']
2026-02-14 22:26:33,274 [INFO]  [Mock Mode] 模擬執行器已啟動，所有訂單均為虛擬。
2026-02-14 22:26:33,274 [INFO] [Portfolio] 狀態載入成功。上次 Rebalance: 2026-02-14 21:12:13.924805
2026-02-14 22:26:35,996 [INFO] 監控 1h K 線...
2026-02-14 22:26:36,064 [INFO] [ETL] 處理新 K 線: 2026-02-14 13:00:00
2026-02-14 22:26:36,334 [ERROR] 策略 Strategy11_Trend_ZScore 產生訊號時發生錯誤: 'NoneType' object is not callable
2026-02-14 22:26:36,457 [INFO] [SIGNAL] Price_Volume2 (69393.5) | CLOSE | Exit: OBV(-903624.5)<MA or ATR<MA
2026-02-14 22:26:36,458 [INFO] [SKIP] Price_Volume2 目前空手，無法平倉/無需動作
2026-02-14 22:26:36,458 [INFO] [SIGNAL] Price_Volume2 (0) | CLOSE | Exit: OBV(-903624.5)<MA or ATR<MA
2026-02-14 22:26:36,458 [INFO] [SIGNAL] Strategy3_MAD_OBV_Quantile (69393.5) | CLOSE | MAD_CoolDown or OBV_Weak
2026-02-14 22:26:36,458 [INFO] [SKIP] Strategy3_MAD_OBV_Quantile 目前空手，無法平倉/無需動作
2026-02-14 22:26:36,458 [INFO] [SIGNAL] Strategy3_MAD_OBV_Quantile (0) | CLOSE | MAD_CoolDown or OBV_Weak
2026-02-14 22:26:36,458 [INFO] [SIGNAL] Strategy4_High_Momentum (69393.5) | CLOSE | Momentum_Collapsed
2026-02-14 22:26:36,459 [INFO] [SKIP] Strategy4_High_Momentum 目前空手，無法平倉/無需動作
2026-02-14 22:26:36,459 [INFO] [SIGNAL] Strategy4_High_Momentum (0) | CLOSE | Momentum_Collapsed
2026-02-14 22:26:36,459 [INFO] [SIGNAL] Strategy5_HighVol_Momentum (69393.5) | CLOSE | Vol_Drop & Mom_Weak
2026-02-14 22:26:36,459 [INFO] [SKIP] Strategy5_HighVol_Momentum 目前空手，無法平倉/無需動作
2026-02-14 22:26:36,459 [INFO] [SIGNAL] Strategy5_HighVol_Momentum (0) | CLOSE | Vol_Drop & Mom_Weak
2026-02-14 22:26:36,459 [INFO] [SIGNAL] Strategy6_Climax_Momentum (69393.5) | CLOSE | Vol_CoolDown & OBV_Drop
2026-02-14 22:26:36,459 [INFO] [SKIP] Strategy6_Climax_Momentum 目前空手，無法平倉/無需動作
2026-02-14 22:26:36,460 [INFO] [SIGNAL] Strategy6_Climax_Momentum (0) | CLOSE | Vol_CoolDown & OBV_Drop
2026-02-14 22:26:36,460 [INFO] [SIGNAL] Strategy7_Mom_LowVolFilter (69393.5) | CLOSE | Mom_Weak & Vol_Dead
2026-02-14 22:26:36,460 [INFO] [SKIP] Strategy7_Mom_LowVolFilter 目前空手，無法平倉/無需動作
2026-02-14 22:26:36,460 [INFO] [SIGNAL] Strategy7_Mom_LowVolFilter (0) | CLOSE | Mom_Weak & Vol_Dead
2026-02-14 22:26:36,460 [INFO] [SIGNAL] Strategy8_Vol_BuyPressure (69393.5) | CLOSE | Vol_Cool & Buy_Weak
2026-02-14 22:26:36,460 [INFO] [SKIP] Strategy8_Vol_BuyPressure 目前空手，無法平倉/無需動作
2026-02-14 22:26:36,461 [INFO] [SIGNAL] Strategy8_Vol_BuyPressure (0) | CLOSE | Vol_Cool & Buy_Weak
2026-02-14 22:26:36,461 [INFO] [SIGNAL] Strategy9_Mom_VROC_Shock (69393.5) | CLOSE | Mom_Fade & Vol_Normal
2026-02-14 22:26:36,461 [INFO] [SKIP] Strategy9_Mom_VROC_Shock 目前空手，無法平倉/無需動作
2026-02-14 22:26:36,461 [INFO] [SIGNAL] Strategy9_Mom_VROC_Shock (0) | CLOSE | Mom_Fade & Vol_Normal
2026-02-14 22:26:36,462 [INFO] 本週期結束，等待下一次收盤...
2026-02-14 22:26:38,379 [WARNING] 停止運行
2026-02-14 22:50:46,497 [INFO] 設定檔載入成功: config.json
2026-02-14 22:50:47,108 [INFO] [BACKFILL] 正在檢查 BTCUSDT 數據完整性...
2026-02-14 22:50:47,112 [INFO] [BACKFILL] 上次收盤: 2026-02-14 14:00:00 | 現在時間: 2026-02-14 14:50:47.112000 | 缺少 K 線: 0 根
2026-02-14 22:50:47,112 [INFO] [BACKFILL] 開始回補 2 根 K 線...
2026-02-14 22:50:47,492 [INFO] [BACKFILL] 成功寫入 2 筆數據！斷層修復完成。
2026-02-14 22:50:47,493 [INFO] [BG-TASK] 開始更新外部數據...
2026-02-14 22:50:47,493 [INFO]  外部數據背景更新啟動
2026-02-14 22:50:47,494 [INFO] 載入外部數據源: ['fear_greed', 'google_trends', 'fred_macro', 'us_stock_qqq']
2026-02-14 22:50:47,495 [INFO] 策略已掛載: PriceVolume1
2026-02-14 22:50:47,496 [INFO] 策略已掛載: PriceVolume2
2026-02-14 22:50:47,496 [INFO] 策略已掛載: PriceVolume3
2026-02-14 22:50:47,496 [INFO] 策略已掛載: PriceVolume4
2026-02-14 22:50:47,496 [INFO] 策略已掛載: PriceVolume5
2026-02-14 22:50:47,497 [INFO] 策略已掛載: PriceVolume6
2026-02-14 22:50:47,497 [INFO] 策略已掛載: PriceVolume7
2026-02-14 22:50:47,497 [INFO] 策略已掛載: PriceVolume8
2026-02-14 22:50:47,498 [INFO] 策略已掛載: PriceVolume9
2026-02-14 22:50:47,498 [INFO] 策略已掛載: SentimentStrategyV3
2026-02-14 22:50:47,499 [INFO] 策略已掛載: SentimentStrategyV2
2026-02-14 22:50:47,499 [INFO] 策略已掛載: PriceVolume10
2026-02-14 22:50:47,499 [INFO] 策略已掛載: QQQ_price
2026-02-14 22:50:47,499 [INFO] 目前運行策略列表: ['Strategy1_MAD_BSR', 'Price_Volume2', 'Strategy3_MAD_OBV_Quantile', 'Strategy4_High_Momentum', 'Strategy5_HighVol_Momentum', 'Strategy6_Climax_Momentum', 'Strategy7_Mom_LowVolFilter', 'Strategy8_Vol_BuyPressure', 'Strategy9_Mom_VROC_Shock', 'Strategy11_Trend_ZScore', 'Strategy12_GnF_Yield_Ratio', 'Strategy10_Volume_Diff_Reversion', 'Strategy13_QQQ_Wavelet_Trend']
2026-02-14 22:50:47,500 [INFO]  [Mock Mode] 模擬執行器已啟動，所有訂單均為虛擬。
2026-02-14 22:50:47,500 [INFO] [Portfolio] 狀態載入成功。上次 Rebalance: 2026-02-14 21:12:13.924805
2026-02-14 22:50:49,527 [INFO] 監控 1h K 線...
2026-02-14 22:50:49,584 [INFO] [ETL] 處理新 K 線: 2026-02-14 13:00:00
2026-02-14 22:50:50,003 [INFO] [SIGNAL] Price_Volume2 (69655.0) | CLOSE | Exit: OBV(-903272.7)<MA or ATR<MA
2026-02-14 22:50:50,004 [INFO] [SKIP] Price_Volume2 目前空手，無法平倉/無需動作
2026-02-14 22:50:50,004 [INFO] [SIGNAL] Strategy3_MAD_OBV_Quantile (69655.0) | CLOSE | MAD_CoolDown or OBV_Weak
2026-02-14 22:50:50,004 [INFO] [SKIP] Strategy3_MAD_OBV_Quantile 目前空手，無法平倉/無需動作
2026-02-14 22:50:50,004 [INFO] [SIGNAL] Strategy5_HighVol_Momentum (69655.0) | CLOSE | Vol_Drop & Mom_Weak
2026-02-14 22:50:50,004 [INFO] [SKIP] Strategy5_HighVol_Momentum 目前空手，無法平倉/無需動作
2026-02-14 22:50:50,005 [INFO] [SIGNAL] Strategy9_Mom_VROC_Shock (69655.0) | CLOSE | Mom_Fade & Vol_Normal
2026-02-14 22:50:50,005 [INFO] [SKIP] Strategy9_Mom_VROC_Shock 目前空手，無法平倉/無需動作
2026-02-14 22:50:50,007 [INFO] 本週期結束，等待下一次收盤...
2026-02-14 22:50:52,504 [WARNING] 停止運行
2026-02-14 22:53:40,577 [INFO] 設定檔載入成功: config.json
2026-02-14 22:53:41,185 [INFO] [BACKFILL] 正在檢查 BTCUSDT 數據完整性...
2026-02-14 22:53:41,190 [INFO] [BACKFILL] 上次收盤: 2026-02-14 14:00:00 | 現在時間: 2026-02-14 14:53:41.189000 | 缺少 K 線: 0 根
2026-02-14 22:53:41,190 [INFO] [BACKFILL] 開始回補 2 根 K 線...
2026-02-14 22:53:41,551 [INFO] [BACKFILL] 成功寫入 2 筆數據！斷層修復完成。
2026-02-14 22:53:41,553 [INFO] [BG-TASK] 開始更新外部數據...
2026-02-14 22:53:41,553 [INFO]  外部數據背景更新啟動
2026-02-14 22:53:41,554 [INFO] 載入外部數據源: ['fear_greed', 'google_trends', 'fred_macro', 'us_stock_qqq']
2026-02-14 22:53:41,556 [INFO] 策略已掛載: PriceVolume1
2026-02-14 22:53:41,556 [INFO] 策略已掛載: PriceVolume2
2026-02-14 22:53:41,557 [INFO] 策略已掛載: PriceVolume3
2026-02-14 22:53:41,557 [INFO] 策略已掛載: PriceVolume4
2026-02-14 22:53:41,557 [INFO] 策略已掛載: PriceVolume5
2026-02-14 22:53:41,557 [INFO] 策略已掛載: PriceVolume6
2026-02-14 22:53:41,558 [INFO] 策略已掛載: PriceVolume7
2026-02-14 22:53:41,558 [INFO] 策略已掛載: PriceVolume8
2026-02-14 22:53:41,558 [INFO] 策略已掛載: PriceVolume9
2026-02-14 22:53:41,558 [INFO] 策略已掛載: SentimentStrategyV3
2026-02-14 22:53:41,559 [INFO] 策略已掛載: SentimentStrategyV2
2026-02-14 22:53:41,559 [INFO] 策略已掛載: PriceVolume10
2026-02-14 22:53:41,559 [INFO] 策略已掛載: QQQ_price
2026-02-14 22:53:41,559 [INFO] 目前運行策略列表: ['Strategy1_MAD_BSR', 'Price_Volume2', 'Strategy3_MAD_OBV_Quantile', 'Strategy4_High_Momentum', 'Strategy5_HighVol_Momentum', 'Strategy6_Climax_Momentum', 'Strategy7_Mom_LowVolFilter', 'Strategy8_Vol_BuyPressure', 'Strategy9_Mom_VROC_Shock', 'Strategy11_Trend_ZScore', 'Strategy12_GnF_Yield_Ratio', 'Strategy10_Volume_Diff_Reversion', 'Strategy13_QQQ_Wavelet_Trend']
2026-02-14 22:53:41,559 [INFO]  [Mock Mode] 模擬執行器已啟動，所有訂單均為虛擬。
2026-02-14 22:53:41,560 [INFO] [Portfolio] 狀態載入成功。上次 Rebalance: 2026-02-14 21:12:13.924805
2026-02-14 22:53:44,112 [INFO] 監控 1h K 線...
2026-02-14 22:53:44,169 [INFO] [ETL] 處理新 K 線: 2026-02-14 13:00:00
2026-02-14 22:53:44,572 [INFO] [SIGNAL] Price_Volume2 (69778.9) | CLOSE | Exit: OBV(-903239.3)<MA or ATR<MA
2026-02-14 22:53:44,572 [INFO] [SKIP] Price_Volume2 目前空手，無法平倉/無需動作
2026-02-14 22:53:44,573 [INFO] [SIGNAL] Strategy3_MAD_OBV_Quantile (69778.9) | CLOSE | MAD_CoolDown or OBV_Weak
2026-02-14 22:53:44,573 [INFO] [SKIP] Strategy3_MAD_OBV_Quantile 目前空手，無法平倉/無需動作
2026-02-14 22:53:44,573 [INFO] [SIGNAL] Strategy5_HighVol_Momentum (69778.9) | CLOSE | Vol_Drop & Mom_Weak
2026-02-14 22:53:44,573 [INFO] [SKIP] Strategy5_HighVol_Momentum 目前空手，無法平倉/無需動作
2026-02-14 22:53:44,573 [INFO] [SIGNAL] Strategy9_Mom_VROC_Shock (69778.9) | CLOSE | Mom_Fade & Vol_Normal
2026-02-14 22:53:44,573 [INFO] [SKIP] Strategy9_Mom_VROC_Shock 目前空手，無法平倉/無需動作
2026-02-14 22:53:44,575 [INFO] 本週期結束，等待下一次收盤...
2026-02-14 22:54:02,743 [WARNING] 停止運行
2026-02-14 23:14:44,393 [INFO] 設定檔載入成功: config.json
2026-02-14 23:14:45,078 [INFO] [BACKFILL] 正在檢查 BTCUSDT 數據完整性...
2026-02-14 23:14:45,083 [INFO] [BACKFILL] 上次收盤: 2026-02-14 14:00:00 | 現在時間: 2026-02-14 15:14:45.082000 | 缺少 K 線: 1 根
2026-02-14 23:14:45,083 [INFO] [BACKFILL] 開始回補 3 根 K 線...
2026-02-14 23:14:45,610 [INFO] [BACKFILL] 成功寫入 3 筆數據！斷層修復完成。
2026-02-14 23:14:45,611 [INFO] [BG-TASK] 開始更新外部數據...
2026-02-14 23:14:45,611 [INFO]  外部數據背景更新啟動
2026-02-14 23:14:45,611 [INFO] 載入外部數據源: ['fear_greed', 'google_trends', 'fred_macro', 'us_stock_qqq']
2026-02-14 23:14:45,613 [INFO] 策略已掛載: PriceVolume1
2026-02-14 23:14:45,614 [INFO] 策略已掛載: PriceVolume2
2026-02-14 23:14:45,614 [INFO] 策略已掛載: PriceVolume3
2026-02-14 23:14:45,615 [INFO] 策略已掛載: PriceVolume4
2026-02-14 23:14:45,615 [INFO] 策略已掛載: PriceVolume5
2026-02-14 23:14:45,616 [INFO] 策略已掛載: PriceVolume6
2026-02-14 23:14:45,616 [INFO] 策略已掛載: PriceVolume7
2026-02-14 23:14:45,616 [INFO] 策略已掛載: PriceVolume8
2026-02-14 23:14:45,618 [INFO] 策略已掛載: PriceVolume9
2026-02-14 23:14:45,618 [INFO] 策略已掛載: SentimentStrategyV3
2026-02-14 23:14:45,618 [INFO] 策略已掛載: SentimentStrategyV2
2026-02-14 23:14:45,619 [INFO] 策略已掛載: PriceVolume10
2026-02-14 23:14:45,619 [INFO] 策略已掛載: QQQ_price
2026-02-14 23:14:45,619 [INFO] 目前運行策略列表: ['Strategy1_MAD_BSR', 'Price_Volume2', 'Strategy3_MAD_OBV_Quantile', 'Strategy4_High_Momentum', 'Strategy5_HighVol_Momentum', 'Strategy6_Climax_Momentum', 'Strategy7_Mom_LowVolFilter', 'Strategy8_Vol_BuyPressure', 'Strategy9_Mom_VROC_Shock', 'Strategy11_Trend_ZScore', 'Strategy12_GnF_Yield_Ratio', 'Strategy10_Volume_Diff_Reversion', 'Strategy13_QQQ_Wavelet_Trend']
2026-02-14 23:14:45,619 [INFO]  [Mock Mode] 模擬執行器已啟動，所有訂單均為虛擬。
2026-02-14 23:14:45,620 [INFO] [Portfolio] 狀態載入成功。上次 Rebalance: 2026-02-14 21:12:13.924805
2026-02-14 23:14:47,287 [INFO] 監控 1h K 線...
2026-02-14 23:14:47,348 [INFO] [ETL] 處理新 K 線: 2026-02-14 14:00:00
2026-02-14 23:14:47,626 [ERROR] 策略 Strategy12_GnF_Yield_Ratio 產生訊號時發生錯誤: 'NoneType' object is not callable
2026-02-14 23:14:47,740 [INFO] [SIGNAL] Price_Volume2 (69612.1) | CLOSE | Exit: OBV(-908064.5)<MA or ATR<MA
2026-02-14 23:14:47,741 [INFO] [SKIP] Price_Volume2 目前空手，無法平倉/無需動作
2026-02-14 23:14:47,741 [INFO] [SIGNAL] Strategy3_MAD_OBV_Quantile (69612.1) | CLOSE | MAD_CoolDown or OBV_Weak
2026-02-14 23:14:47,741 [INFO] [SKIP] Strategy3_MAD_OBV_Quantile 目前空手，無法平倉/無需動作
2026-02-14 23:14:47,741 [INFO] [SIGNAL] Strategy4_High_Momentum (69612.1) | CLOSE | Momentum_Collapsed
2026-02-14 23:14:47,741 [INFO] [SKIP] Strategy4_High_Momentum 目前空手，無法平倉/無需動作
2026-02-14 23:14:47,742 [INFO] [SIGNAL] Strategy5_HighVol_Momentum (69612.1) | CLOSE | Vol_Drop & Mom_Weak
2026-02-14 23:14:47,742 [INFO] [SKIP] Strategy5_HighVol_Momentum 目前空手，無法平倉/無需動作
2026-02-14 23:14:47,742 [INFO] [SIGNAL] Strategy6_Climax_Momentum (69612.1) | CLOSE | Vol_CoolDown & OBV_Drop
2026-02-14 23:14:47,742 [INFO] [SKIP] Strategy6_Climax_Momentum 目前空手，無法平倉/無需動作
2026-02-14 23:14:47,742 [INFO] [SIGNAL] Strategy8_Vol_BuyPressure (69612.1) | CLOSE | Vol_Cool & Buy_Weak
2026-02-14 23:14:47,743 [INFO] [SKIP] Strategy8_Vol_BuyPressure 目前空手，無法平倉/無需動作
2026-02-14 23:14:47,744 [INFO] 本週期結束，等待下一次收盤...
2026-02-14 23:14:59,739 [WARNING] [AlphaVantage] 抓取失敗: We have detected your API key as E5VUD2IG0AV6U3WM and our standard API rate limit is 25 requests per day. Please subscribe to any of the premium plans at https://www.alphavantage.co/premium/ to instantly remove all daily rate limits.
2026-02-14 23:14:59,740 [INFO] [US_STOCK] AlphaVantage 失敗，切換至備用源 Tiingo 抓取 QQQ...
2026-02-14 23:15:02,147 [INFO] [US_STOCK] Tiingo 抓取成功！
2026-02-14 23:21:33,672 [WARNING] 停止運行
2026-02-14 23:21:36,345 [INFO] 設定檔載入成功: config.json
2026-02-14 23:21:36,983 [INFO] [BACKFILL] 正在檢查 BTCUSDT 數據完整性...
2026-02-14 23:21:36,988 [INFO] [BACKFILL] 上次收盤: 2026-02-14 15:00:00 | 現在時間: 2026-02-14 15:21:36.987000 | 缺少 K 線: 0 根
2026-02-14 23:21:36,988 [INFO] [BACKFILL] 開始回補 2 根 K 線...
2026-02-14 23:21:37,367 [INFO] [BACKFILL] 成功寫入 2 筆數據！斷層修復完成。
2026-02-14 23:21:37,369 [INFO] [BG-TASK] 開始更新外部數據...
2026-02-14 23:21:37,369 [INFO]  外部數據背景更新啟動
2026-02-14 23:21:37,369 [INFO] 載入外部數據源: ['fear_greed', 'google_trends', 'fred_macro', 'us_stock_qqq']
2026-02-14 23:21:37,371 [INFO] 策略已掛載: PriceVolume1
2026-02-14 23:21:37,371 [INFO] 策略已掛載: PriceVolume2
2026-02-14 23:21:37,372 [INFO] 策略已掛載: PriceVolume3
2026-02-14 23:21:37,372 [INFO] 策略已掛載: PriceVolume4
2026-02-14 23:21:37,373 [INFO] 策略已掛載: PriceVolume5
2026-02-14 23:21:37,373 [INFO] 策略已掛載: PriceVolume6
2026-02-14 23:21:37,374 [INFO] 策略已掛載: PriceVolume7
2026-02-14 23:21:37,374 [INFO] 策略已掛載: PriceVolume8
2026-02-14 23:21:37,374 [INFO] 策略已掛載: PriceVolume9
2026-02-14 23:21:37,375 [INFO] 策略已掛載: SentimentStrategyV3
2026-02-14 23:21:37,375 [INFO] 策略已掛載: SentimentStrategyV2
2026-02-14 23:21:37,376 [INFO] 策略已掛載: PriceVolume10
2026-02-14 23:21:37,376 [INFO] 策略已掛載: QQQ_price
2026-02-14 23:21:37,376 [INFO] 目前運行策略列表: ['Strategy1_MAD_BSR', 'Price_Volume2', 'Strategy3_MAD_OBV_Quantile', 'Strategy4_High_Momentum', 'Strategy5_HighVol_Momentum', 'Strategy6_Climax_Momentum', 'Strategy7_Mom_LowVolFilter', 'Strategy8_Vol_BuyPressure', 'Strategy9_Mom_VROC_Shock', 'Strategy11_Trend_ZScore', 'Strategy12_GnF_Yield_Ratio', 'Strategy10_Volume_Diff_Reversion', 'Strategy13_QQQ_Wavelet_Trend']
2026-02-14 23:21:37,377 [INFO]  [Mock Mode] 模擬執行器已啟動，所有訂單均為虛擬。
2026-02-14 23:21:37,377 [INFO] [Portfolio] 狀態載入成功。上次 Rebalance: 2026-02-14 21:12:13.924805
2026-02-14 23:21:38,937 [INFO] 監控 1h K 線...
2026-02-14 23:21:39,019 [INFO] [ETL] 處理新 K 線: 2026-02-14 14:00:00
2026-02-14 23:21:39,415 [INFO] [SIGNAL] Price_Volume2 (69730.9) | CLOSE | Exit: OBV(-907934.5)<MA or ATR<MA
2026-02-14 23:21:39,416 [INFO] [SKIP] Price_Volume2 目前空手，無法平倉/無需動作
2026-02-14 23:21:39,416 [INFO] [SIGNAL] Strategy3_MAD_OBV_Quantile (69730.9) | CLOSE | MAD_CoolDown or OBV_Weak
2026-02-14 23:21:39,416 [INFO] [SKIP] Strategy3_MAD_OBV_Quantile 目前空手，無法平倉/無需動作
2026-02-14 23:21:39,416 [INFO] [SIGNAL] Strategy4_High_Momentum (69730.9) | CLOSE | Momentum_Collapsed
2026-02-14 23:21:39,417 [INFO] [SKIP] Strategy4_High_Momentum 目前空手，無法平倉/無需動作
2026-02-14 23:21:39,417 [INFO] [SIGNAL] Strategy5_HighVol_Momentum (69730.9) | CLOSE | Vol_Drop & Mom_Weak
2026-02-14 23:21:39,417 [INFO] [SKIP] Strategy5_HighVol_Momentum 目前空手，無法平倉/無需動作
2026-02-14 23:21:39,417 [INFO] [SIGNAL] Strategy8_Vol_BuyPressure (69730.9) | CLOSE | Vol_Cool & Buy_Weak
2026-02-14 23:21:39,418 [INFO] [SKIP] Strategy8_Vol_BuyPressure 目前空手，無法平倉/無需動作
2026-02-14 23:21:39,418 [INFO] [SIGNAL] Strategy11_Trend_ZScore (69730.9) | LONG | Ratio(1.02)>Th(0.72) & Z(0.78)>Th(0.27)
2026-02-14 23:21:39,418 [INFO] [Shadow] Strategy11_Trend_ZScore 處於觀察期，執行模擬調倉: 0.07170422294850634
2026-02-14 23:21:39,428 [ERROR]  [DB ERROR] 寫入交易失敗: table trades has no column named realized_pnl
2026-02-14 23:21:39,429 [INFO] 本週期結束，等待下一次收盤...
2026-02-14 23:21:54,222 [WARNING] [AlphaVantage] 抓取失敗: We have detected your API key as E5VUD2IG0AV6U3WM and our standard API rate limit is 25 requests per day. Please subscribe to any of the premium plans at https://www.alphavantage.co/premium/ to instantly remove all daily rate limits.
2026-02-14 23:21:54,224 [INFO] [US_STOCK] AlphaVantage 失敗，切換至備用源 Tiingo 抓取 QQQ...
2026-02-14 23:21:55,512 [INFO] [US_STOCK] Tiingo 抓取成功！
2026-02-14 23:21:57,087 [WARNING] 停止運行
2026-02-14 23:35:47,331 [INFO] 設定檔載入成功: config.json
2026-02-14 23:35:48,014 [INFO] [BACKFILL] 正在檢查 BTCUSDT 數據完整性...
2026-02-14 23:35:48,019 [INFO] [BACKFILL] 上次收盤: 2026-02-14 15:00:00 | 現在時間: 2026-02-14 15:35:48.018000 | 缺少 K 線: 0 根
2026-02-14 23:35:48,019 [INFO] [BACKFILL] 開始回補 2 根 K 線...
2026-02-14 23:35:48,450 [INFO] [BACKFILL] 成功寫入 2 筆數據！斷層修復完成。
2026-02-14 23:35:48,451 [INFO] [BG-TASK] 開始更新外部數據...
2026-02-14 23:35:48,452 [INFO]  外部數據背景更新啟動
2026-02-14 23:35:48,452 [INFO] 載入外部數據源: ['fear_greed', 'google_trends', 'fred_macro', 'us_stock_qqq']
2026-02-14 23:35:48,454 [INFO] 策略已掛載: PriceVolume1
2026-02-14 23:35:48,454 [INFO] 策略已掛載: PriceVolume2
2026-02-14 23:35:48,454 [INFO] 策略已掛載: PriceVolume3
2026-02-14 23:35:48,455 [INFO] 策略已掛載: PriceVolume4
2026-02-14 23:35:48,455 [INFO] 策略已掛載: PriceVolume5
2026-02-14 23:35:48,455 [INFO] 策略已掛載: PriceVolume6
2026-02-14 23:35:48,456 [INFO] 策略已掛載: PriceVolume7
2026-02-14 23:35:48,456 [INFO] 策略已掛載: PriceVolume8
2026-02-14 23:35:48,456 [INFO] 策略已掛載: PriceVolume9
2026-02-14 23:35:48,456 [INFO] 策略已掛載: SentimentStrategyV3
2026-02-14 23:35:48,457 [INFO] 策略已掛載: SentimentStrategyV2
2026-02-14 23:35:48,457 [INFO] 策略已掛載: PriceVolume10
2026-02-14 23:35:48,457 [INFO] 策略已掛載: QQQ_price
2026-02-14 23:35:48,457 [INFO] 目前運行策略列表: ['Strategy1_MAD_BSR', 'Price_Volume2', 'Strategy3_MAD_OBV_Quantile', 'Strategy4_High_Momentum', 'Strategy5_HighVol_Momentum', 'Strategy6_Climax_Momentum', 'Strategy7_Mom_LowVolFilter', 'Strategy8_Vol_BuyPressure', 'Strategy9_Mom_VROC_Shock', 'Strategy11_Trend_ZScore', 'Strategy12_GnF_Yield_Ratio', 'Strategy10_Volume_Diff_Reversion', 'Strategy13_QQQ_Wavelet_Trend']
2026-02-14 23:35:48,458 [INFO]  [Mock Mode] 模擬執行器已啟動，所有訂單均為虛擬。
2026-02-14 23:35:48,458 [INFO] [Portfolio] 狀態載入成功。上次 Rebalance: 2026-02-14 21:12:13.924805
2026-02-14 23:35:50,439 [INFO] 監控 1h K 線...
2026-02-14 23:35:50,496 [INFO] [ETL] 處理新 K 線: 2026-02-14 14:00:00
2026-02-14 23:35:50,901 [INFO] [SIGNAL] Price_Volume2 (69880.2) | CLOSE | Exit: OBV(-907838.4)<MA or ATR<MA
2026-02-14 23:35:50,902 [INFO] [SKIP] Price_Volume2 目前空手，無法平倉/無需動作
2026-02-14 23:35:50,902 [INFO] [SIGNAL] Strategy3_MAD_OBV_Quantile (69880.2) | CLOSE | MAD_CoolDown or OBV_Weak
2026-02-14 23:35:50,902 [INFO] [SKIP] Strategy3_MAD_OBV_Quantile 目前空手，無法平倉/無需動作
2026-02-14 23:35:50,903 [INFO] [SIGNAL] Strategy4_High_Momentum (69880.2) | CLOSE | Momentum_Collapsed
2026-02-14 23:35:50,903 [INFO] [SKIP] Strategy4_High_Momentum 目前空手，無法平倉/無需動作
2026-02-14 23:35:50,903 [INFO] [SIGNAL] Strategy5_HighVol_Momentum (69880.2) | CLOSE | Vol_Drop & Mom_Weak
2026-02-14 23:35:50,903 [INFO] [SKIP] Strategy5_HighVol_Momentum 目前空手，無法平倉/無需動作
2026-02-14 23:35:50,904 [INFO] [SIGNAL] Strategy8_Vol_BuyPressure (69880.2) | CLOSE | Vol_Cool & Buy_Weak
2026-02-14 23:35:50,904 [INFO] [SKIP] Strategy8_Vol_BuyPressure 目前空手，無法平倉/無需動作
2026-02-14 23:35:50,904 [INFO] [SIGNAL] Strategy11_Trend_ZScore (69880.2) | LONG | Ratio(1.16)>Th(0.72) & Z(0.88)>Th(0.27)
2026-02-14 23:35:50,904 [INFO] [Shadow] Strategy11_Trend_ZScore 處於觀察期，執行模擬調倉: -0.000153197049896997
2026-02-14 23:35:50,905 [ERROR]  [DB ERROR] 寫入交易失敗: table trades has no column named realized_pnl
2026-02-14 23:35:50,907 [INFO] 本週期結束，等待下一次收盤...
2026-02-14 23:35:53,072 [WARNING] 停止運行
2026-02-14 23:45:55,291 [INFO] 設定檔載入成功: config.json
2026-02-14 23:45:55,929 [INFO] [BACKFILL] 正在檢查 BTCUSDT 數據完整性...
2026-02-14 23:45:55,933 [INFO] [BACKFILL] 上次收盤: 2026-02-14 15:00:00 | 現在時間: 2026-02-14 15:45:55.933000 | 缺少 K 線: 0 根
2026-02-14 23:45:55,933 [INFO] [BACKFILL] 開始回補 2 根 K 線...
2026-02-14 23:45:56,305 [INFO] [BACKFILL] 成功寫入 2 筆數據！斷層修復完成。
2026-02-14 23:45:56,307 [INFO] [BG-TASK] 開始更新外部數據...
2026-02-14 23:45:56,307 [INFO]  外部數據背景更新啟動
2026-02-14 23:45:56,307 [INFO] 載入外部數據源: ['fear_greed', 'google_trends', 'fred_macro', 'us_stock_qqq']
2026-02-14 23:45:56,309 [INFO] 策略已掛載: PriceVolume1
2026-02-14 23:45:56,309 [INFO] 策略已掛載: PriceVolume2
2026-02-14 23:45:56,310 [INFO] 策略已掛載: PriceVolume3
2026-02-14 23:45:56,310 [INFO] 策略已掛載: PriceVolume4
2026-02-14 23:45:56,310 [INFO] 策略已掛載: PriceVolume5
2026-02-14 23:45:56,310 [INFO] 策略已掛載: PriceVolume6
2026-02-14 23:45:56,311 [INFO] 策略已掛載: PriceVolume7
2026-02-14 23:45:56,311 [INFO] 策略已掛載: PriceVolume8
2026-02-14 23:45:56,312 [INFO] 策略已掛載: PriceVolume9
2026-02-14 23:45:56,312 [INFO] 策略已掛載: SentimentStrategyV3
2026-02-14 23:45:56,312 [INFO] 策略已掛載: SentimentStrategyV2
2026-02-14 23:45:56,313 [INFO] 策略已掛載: PriceVolume10
2026-02-14 23:45:56,313 [INFO] 策略已掛載: QQQ_price
2026-02-14 23:45:56,313 [INFO] 目前運行策略列表: ['Strategy1_MAD_BSR', 'Price_Volume2', 'Strategy3_MAD_OBV_Quantile', 'Strategy4_High_Momentum', 'Strategy5_HighVol_Momentum', 'Strategy6_Climax_Momentum', 'Strategy7_Mom_LowVolFilter', 'Strategy8_Vol_BuyPressure', 'Strategy9_Mom_VROC_Shock', 'Strategy11_Trend_ZScore', 'Strategy12_GnF_Yield_Ratio', 'Strategy10_Volume_Diff_Reversion', 'Strategy13_QQQ_Wavelet_Trend']
2026-02-14 23:45:56,314 [INFO]  [Mock Mode] 模擬執行器已啟動，所有訂單均為虛擬。
2026-02-14 23:45:56,314 [INFO] [Portfolio] 狀態載入成功。上次 Rebalance: 2026-02-14 21:12:13.924805
2026-02-14 23:45:58,254 [INFO] 監控 1h K 線...
2026-02-14 23:45:58,316 [INFO] [ETL] 處理新 K 線: 2026-02-14 14:00:00
2026-02-14 23:45:58,720 [INFO] [SIGNAL] Price_Volume2 (69802.6) | CLOSE | Exit: OBV(-907808.0)<MA or ATR<MA
2026-02-14 23:45:58,721 [INFO] [SKIP] Price_Volume2 目前空手，無法平倉/無需動作
2026-02-14 23:45:58,721 [INFO] [SIGNAL] Strategy3_MAD_OBV_Quantile (69802.6) | CLOSE | MAD_CoolDown or OBV_Weak
2026-02-14 23:45:58,721 [INFO] [SKIP] Strategy3_MAD_OBV_Quantile 目前空手，無法平倉/無需動作
2026-02-14 23:45:58,721 [INFO] [SIGNAL] Strategy4_High_Momentum (69802.6) | CLOSE | Momentum_Collapsed
2026-02-14 23:45:58,721 [INFO] [SKIP] Strategy4_High_Momentum 目前空手，無法平倉/無需動作
2026-02-14 23:45:58,721 [INFO] [SIGNAL] Strategy5_HighVol_Momentum (69802.6) | CLOSE | Vol_Drop & Mom_Weak
2026-02-14 23:45:58,722 [INFO] [SKIP] Strategy5_HighVol_Momentum 目前空手，無法平倉/無需動作
2026-02-14 23:45:58,722 [INFO] [SIGNAL] Strategy8_Vol_BuyPressure (69802.6) | CLOSE | Vol_Cool & Buy_Weak
2026-02-14 23:45:58,722 [INFO] [SKIP] Strategy8_Vol_BuyPressure 目前空手，無法平倉/無需動作
2026-02-14 23:45:58,722 [INFO] [SIGNAL] Strategy11_Trend_ZScore (69802.6) | LONG | Ratio(1.16)>Th(0.72) & Z(0.83)>Th(0.27)
2026-02-14 23:45:58,722 [INFO] [Shadow] Strategy11_Trend_ZScore 處於觀察期，執行模擬調倉: 7.954373633262124e-05
2026-02-14 23:45:58,723 [ERROR]  [DB ERROR] 寫入交易失敗: table trades has no column named realized_pnl
2026-02-14 23:45:58,724 [INFO] 本週期結束，等待下一次收盤...
2026-02-14 23:46:08,389 [WARNING] [AlphaVantage] 抓取失敗: We have detected your API key as E5VUD2IG0AV6U3WM and our standard API rate limit is 25 requests per day. Please subscribe to any of the premium plans at https://www.alphavantage.co/premium/ to instantly remove all daily rate limits.
2026-02-14 23:46:08,391 [INFO] [US_STOCK] AlphaVantage 失敗，切換至備用源 Tiingo 抓取 QQQ...
2026-02-14 23:46:09,860 [INFO] [US_STOCK] Tiingo 抓取成功！
2026-02-14 23:46:16,494 [WARNING] 停止運行
2026-02-14 23:48:13,810 [INFO] 設定檔載入成功: config.json
2026-02-14 23:48:14,422 [INFO] [BACKFILL] 正在檢查 BTCUSDT 數據完整性...
2026-02-14 23:48:14,427 [INFO] [BACKFILL] 上次收盤: 2026-02-14 15:00:00 | 現在時間: 2026-02-14 15:48:14.427000 | 缺少 K 線: 0 根
2026-02-14 23:48:14,428 [INFO] [BACKFILL] 開始回補 2 根 K 線...
2026-02-14 23:48:14,834 [INFO] [BACKFILL] 成功寫入 2 筆數據！斷層修復完成。
2026-02-14 23:48:14,835 [INFO] [BG-TASK] 開始更新外部數據...
2026-02-14 23:48:14,835 [INFO]  外部數據背景更新啟動
2026-02-14 23:48:14,836 [INFO] 載入外部數據源: ['fear_greed', 'google_trends', 'fred_macro', 'us_stock_qqq']
2026-02-14 23:48:14,837 [INFO] 策略已掛載: PriceVolume1
2026-02-14 23:48:14,838 [INFO] 策略已掛載: PriceVolume2
2026-02-14 23:48:14,838 [INFO] 策略已掛載: PriceVolume3
2026-02-14 23:48:14,839 [INFO] 策略已掛載: PriceVolume4
2026-02-14 23:48:14,839 [INFO] 策略已掛載: PriceVolume5
2026-02-14 23:48:14,839 [INFO] 策略已掛載: PriceVolume6
2026-02-14 23:48:14,840 [INFO] 策略已掛載: PriceVolume7
2026-02-14 23:48:14,840 [INFO] 策略已掛載: PriceVolume8
2026-02-14 23:48:14,840 [INFO] 策略已掛載: PriceVolume9
2026-02-14 23:48:14,840 [INFO] 策略已掛載: SentimentStrategyV3
2026-02-14 23:48:14,841 [INFO] 策略已掛載: SentimentStrategyV2
2026-02-14 23:48:14,841 [INFO] 策略已掛載: PriceVolume10
2026-02-14 23:48:14,841 [INFO] 策略已掛載: QQQ_price
2026-02-14 23:48:14,841 [INFO] 目前運行策略列表: ['Strategy1_MAD_BSR', 'Price_Volume2', 'Strategy3_MAD_OBV_Quantile', 'Strategy4_High_Momentum', 'Strategy5_HighVol_Momentum', 'Strategy6_Climax_Momentum', 'Strategy7_Mom_LowVolFilter', 'Strategy8_Vol_BuyPressure', 'Strategy9_Mom_VROC_Shock', 'Strategy11_Trend_ZScore', 'Strategy12_GnF_Yield_Ratio', 'Strategy10_Volume_Diff_Reversion', 'Strategy13_QQQ_Wavelet_Trend']
2026-02-14 23:48:14,843 [INFO]  [Mock Mode] 模擬執行器已啟動，所有訂單均為虛擬。
2026-02-14 23:48:14,843 [INFO] [Portfolio] 狀態載入成功。上次 Rebalance: 2026-02-14 21:12:13.924805
2026-02-14 23:48:16,452 [INFO] 監控 1h K 線...
2026-02-14 23:48:16,511 [INFO] [ETL] 處理新 K 線: 2026-02-14 14:00:00
2026-02-14 23:48:16,935 [INFO] [SIGNAL] Price_Volume2 (69826.3) | CLOSE | Exit: OBV(-907804.4)<MA or ATR<MA
2026-02-14 23:48:16,935 [INFO] [SKIP] Price_Volume2 目前空手，無法平倉/無需動作
2026-02-14 23:48:16,935 [INFO] [SIGNAL] Strategy3_MAD_OBV_Quantile (69826.3) | CLOSE | MAD_CoolDown or OBV_Weak
2026-02-14 23:48:16,936 [INFO] [SKIP] Strategy3_MAD_OBV_Quantile 目前空手，無法平倉/無需動作
2026-02-14 23:48:16,936 [INFO] [SIGNAL] Strategy4_High_Momentum (69826.3) | CLOSE | Momentum_Collapsed
2026-02-14 23:48:16,936 [INFO] [SKIP] Strategy4_High_Momentum 目前空手，無法平倉/無需動作
2026-02-14 23:48:16,936 [INFO] [SIGNAL] Strategy5_HighVol_Momentum (69826.3) | CLOSE | Vol_Drop & Mom_Weak
2026-02-14 23:48:16,936 [INFO] [SKIP] Strategy5_HighVol_Momentum 目前空手，無法平倉/無需動作
2026-02-14 23:48:16,936 [INFO] [SIGNAL] Strategy8_Vol_BuyPressure (69826.3) | CLOSE | Vol_Cool & Buy_Weak
2026-02-14 23:48:16,937 [INFO] [SKIP] Strategy8_Vol_BuyPressure 目前空手，無法平倉/無需動作
2026-02-14 23:48:16,937 [INFO] [SIGNAL] Strategy11_Trend_ZScore (69826.3) | LONG | Ratio(1.13)>Th(0.72) & Z(0.84)>Th(0.27)
2026-02-14 23:48:16,937 [INFO] [Shadow] Strategy11_Trend_ZScore 處於觀察期，執行模擬調倉: -2.4312393759204354e-05
2026-02-14 23:48:16,939 [ERROR]  [DB ERROR] 寫入交易失敗: table trades has no column named realized_pnl
2026-02-14 23:48:16,940 [INFO] 本週期結束，等待下一次收盤...
2026-02-14 23:48:30,307 [WARNING] 停止運行
2026-02-14 23:52:14,960 [INFO] 設定檔載入成功: config.json
2026-02-14 23:52:15,611 [INFO] [BACKFILL] 正在檢查 BTCUSDT 數據完整性...
2026-02-14 23:52:15,616 [INFO] [BACKFILL] 上次收盤: 2026-02-14 15:00:00 | 現在時間: 2026-02-14 15:52:15.616000 | 缺少 K 線: 0 根
2026-02-14 23:52:15,616 [INFO] [BACKFILL] 開始回補 2 根 K 線...
2026-02-14 23:52:16,088 [INFO] [BACKFILL] 成功寫入 2 筆數據！斷層修復完成。
2026-02-14 23:52:16,089 [INFO] [BG-TASK] 開始更新外部數據...
2026-02-14 23:52:16,089 [INFO]  外部數據背景更新啟動
2026-02-14 23:52:16,091 [INFO] 載入外部數據源: ['fear_greed', 'google_trends', 'fred_macro', 'us_stock_qqq']
2026-02-14 23:52:16,092 [INFO] 策略已掛載: PriceVolume1
2026-02-14 23:52:16,093 [INFO] 策略已掛載: PriceVolume2
2026-02-14 23:52:16,093 [INFO] 策略已掛載: PriceVolume3
2026-02-14 23:52:16,093 [INFO] 策略已掛載: PriceVolume4
2026-02-14 23:52:16,094 [INFO] 策略已掛載: PriceVolume5
2026-02-14 23:52:16,094 [INFO] 策略已掛載: PriceVolume6
2026-02-14 23:52:16,094 [INFO] 策略已掛載: PriceVolume7
2026-02-14 23:52:16,095 [INFO] 策略已掛載: PriceVolume8
2026-02-14 23:52:16,095 [INFO] 策略已掛載: PriceVolume9
2026-02-14 23:52:16,095 [INFO] 策略已掛載: SentimentStrategyV3
2026-02-14 23:52:16,096 [INFO] 策略已掛載: SentimentStrategyV2
2026-02-14 23:52:16,096 [INFO] 策略已掛載: PriceVolume10
2026-02-14 23:52:16,096 [INFO] 策略已掛載: QQQ_price
2026-02-14 23:52:16,096 [INFO] 目前運行策略列表: ['Strategy1_MAD_BSR', 'Price_Volume2', 'Strategy3_MAD_OBV_Quantile', 'Strategy4_High_Momentum', 'Strategy5_HighVol_Momentum', 'Strategy6_Climax_Momentum', 'Strategy7_Mom_LowVolFilter', 'Strategy8_Vol_BuyPressure', 'Strategy9_Mom_VROC_Shock', 'Strategy11_Trend_ZScore', 'Strategy12_GnF_Yield_Ratio', 'Strategy10_Volume_Diff_Reversion', 'Strategy13_QQQ_Wavelet_Trend']
2026-02-14 23:52:16,096 [INFO]  [Mock Mode] 模擬執行器已啟動，所有訂單均為虛擬。
2026-02-14 23:52:16,097 [INFO] [Portfolio] 狀態載入成功。上次 Rebalance: 2026-02-14 21:12:13.924805
2026-02-14 23:52:18,157 [INFO] 監控 1h K 線...
2026-02-14 23:52:18,217 [INFO] [ETL] 處理新 K 線: 2026-02-14 14:00:00
2026-02-14 23:52:18,609 [INFO] [SIGNAL] Price_Volume2 (69777.4) | CLOSE | Exit: OBV(-907793.8)<MA or ATR<MA
2026-02-14 23:52:18,610 [INFO] [SKIP] Price_Volume2 目前空手，無法平倉/無需動作
2026-02-14 23:52:18,610 [INFO] [SIGNAL] Strategy3_MAD_OBV_Quantile (69777.4) | CLOSE | MAD_CoolDown or OBV_Weak
2026-02-14 23:52:18,610 [INFO] [SKIP] Strategy3_MAD_OBV_Quantile 目前空手，無法平倉/無需動作
2026-02-14 23:52:18,610 [INFO] [SIGNAL] Strategy4_High_Momentum (69777.4) | CLOSE | Momentum_Collapsed
2026-02-14 23:52:18,610 [INFO] [SKIP] Strategy4_High_Momentum 目前空手，無法平倉/無需動作
2026-02-14 23:52:18,610 [INFO] [SIGNAL] Strategy5_HighVol_Momentum (69777.4) | CLOSE | Vol_Drop & Mom_Weak
2026-02-14 23:52:18,610 [INFO] [SKIP] Strategy5_HighVol_Momentum 目前空手，無法平倉/無需動作
2026-02-14 23:52:18,611 [INFO] [SIGNAL] Strategy8_Vol_BuyPressure (69777.4) | CLOSE | Vol_Cool & Buy_Weak
2026-02-14 23:52:18,611 [INFO] [SKIP] Strategy8_Vol_BuyPressure 目前空手，無法平倉/無需動作
2026-02-14 23:52:18,611 [INFO] [SIGNAL] Strategy11_Trend_ZScore (69777.4) | LONG | Ratio(1.06)>Th(0.72) & Z(0.81)>Th(0.27)
2026-02-14 23:52:18,611 [INFO] [Shadow] Strategy11_Trend_ZScore 處於觀察期，執行模擬調倉: 5.018166310430394e-05
2026-02-14 23:52:18,612 [ERROR]  [DB ERROR] 寫入交易失敗: table trades has no column named realized_pnl
2026-02-14 23:52:18,613 [INFO] 本週期結束，等待下一次收盤...
2026-02-14 23:52:25,549 [WARNING] 停止運行
2026-02-15 00:59:10,483 [INFO] 設定檔載入成功: config.json
2026-02-15 00:59:11,076 [INFO] [BACKFILL] 正在檢查 BTCUSDT 數據完整性...
2026-02-15 00:59:11,080 [INFO] [BACKFILL] 上次收盤: 2026-02-14 15:00:00 | 現在時間: 2026-02-14 16:59:11.080000 | 缺少 K 線: 1 根
2026-02-15 00:59:11,080 [INFO] [BACKFILL] 開始回補 3 根 K 線...
2026-02-15 00:59:11,490 [INFO] [BACKFILL] 成功寫入 3 筆數據！斷層修復完成。
2026-02-15 00:59:11,491 [INFO] [BG-TASK] 開始更新外部數據...
2026-02-15 00:59:11,491 [INFO]  外部數據背景更新啟動
2026-02-15 00:59:11,492 [INFO] 載入外部數據源: ['fear_greed', 'google_trends', 'fred_macro', 'us_stock_qqq']
2026-02-15 00:59:11,495 [INFO] 策略已掛載: PriceVolume1
2026-02-15 00:59:11,495 [INFO] 策略已掛載: PriceVolume2
2026-02-15 00:59:11,495 [INFO] 策略已掛載: PriceVolume3
2026-02-15 00:59:11,496 [INFO] 策略已掛載: PriceVolume4
2026-02-15 00:59:11,496 [INFO] 策略已掛載: PriceVolume5
2026-02-15 00:59:11,496 [INFO] 策略已掛載: PriceVolume6
2026-02-15 00:59:11,497 [INFO] 策略已掛載: PriceVolume7
2026-02-15 00:59:11,497 [INFO] 策略已掛載: PriceVolume8
2026-02-15 00:59:11,497 [INFO] 策略已掛載: PriceVolume9
2026-02-15 00:59:11,497 [INFO] 策略已掛載: SentimentStrategyV3
2026-02-15 00:59:11,498 [INFO] 策略已掛載: SentimentStrategyV2
2026-02-15 00:59:11,498 [INFO] 策略已掛載: PriceVolume10
2026-02-15 00:59:11,498 [INFO] 策略已掛載: QQQ_price
2026-02-15 00:59:11,498 [INFO] 目前運行策略列表: ['Strategy1_MAD_BSR', 'Price_Volume2', 'Strategy3_MAD_OBV_Quantile', 'Strategy4_High_Momentum', 'Strategy5_HighVol_Momentum', 'Strategy6_Climax_Momentum', 'Strategy7_Mom_LowVolFilter', 'Strategy8_Vol_BuyPressure', 'Strategy9_Mom_VROC_Shock', 'Strategy11_Trend_ZScore', 'Strategy12_GnF_Yield_Ratio', 'Strategy10_Volume_Diff_Reversion', 'Strategy13_QQQ_Wavelet_Trend']
2026-02-15 00:59:11,499 [INFO]  [Mock Mode] 模擬執行器已啟動，所有訂單均為虛擬。
2026-02-15 00:59:14,299 [INFO] 監控 1h K 線...
2026-02-15 00:59:14,352 [INFO] [ETL] 處理新 K 線: 2026-02-14 15:00:00
2026-02-15 00:59:18,413 [ERROR] 核心崩潰: 'PortfolioManager' object has no attribute 'calculate_allocation'
2026-02-15 00:59:22,367 [WARNING] [AlphaVantage] 抓取失敗: We have detected your API key as E5VUD2IG0AV6U3WM and our standard API rate limit is 25 requests per day. Please subscribe to any of the premium plans at https://www.alphavantage.co/premium/ to instantly remove all daily rate limits.
2026-02-15 00:59:22,369 [INFO] [US_STOCK] AlphaVantage 失敗，切換至備用源 Tiingo 抓取 QQQ...
2026-02-15 00:59:23,495 [INFO] [US_STOCK] Tiingo 抓取成功！
2026-02-15 01:15:13,926 [INFO] 設定檔載入成功: config.json
2026-02-15 01:15:14,611 [INFO] [BACKFILL] 正在檢查 BTCUSDT 數據完整性...
2026-02-15 01:15:14,615 [INFO] [BACKFILL] 上次收盤: 2026-02-14 16:00:00 | 現在時間: 2026-02-14 17:15:14.614000 | 缺少 K 線: 1 根
2026-02-15 01:15:14,615 [INFO] [BACKFILL] 開始回補 3 根 K 線...
2026-02-15 01:15:15,100 [INFO] [BACKFILL] 成功寫入 3 筆數據！斷層修復完成。
2026-02-15 01:15:15,101 [INFO] [BG-TASK] 開始更新外部數據...
2026-02-15 01:15:15,101 [INFO]  外部數據背景更新啟動
2026-02-15 01:15:15,101 [INFO] 載入外部數據源: ['fear_greed', 'google_trends', 'fred_macro', 'us_stock_qqq']
2026-02-15 01:15:15,103 [INFO] 策略已掛載: PriceVolume1
2026-02-15 01:15:15,104 [INFO] 策略已掛載: PriceVolume2
2026-02-15 01:15:15,104 [INFO] 策略已掛載: PriceVolume3
2026-02-15 01:15:15,104 [INFO] 策略已掛載: PriceVolume4
2026-02-15 01:15:15,104 [INFO] 策略已掛載: PriceVolume5
2026-02-15 01:15:15,105 [INFO] 策略已掛載: PriceVolume6
2026-02-15 01:15:15,105 [INFO] 策略已掛載: PriceVolume7
2026-02-15 01:15:15,105 [INFO] 策略已掛載: PriceVolume8
2026-02-15 01:15:15,106 [INFO] 策略已掛載: PriceVolume9
2026-02-15 01:15:15,106 [INFO] 策略已掛載: SentimentStrategyV3
2026-02-15 01:15:15,106 [INFO] 策略已掛載: SentimentStrategyV2
2026-02-15 01:15:15,106 [INFO] 策略已掛載: PriceVolume10
2026-02-15 01:15:15,107 [INFO] 策略已掛載: QQQ_price
2026-02-15 01:15:15,107 [INFO] 目前運行策略列表: ['Strategy1_MAD_BSR', 'Price_Volume2', 'Strategy3_MAD_OBV_Quantile', 'Strategy4_High_Momentum', 'Strategy5_HighVol_Momentum', 'Strategy6_Climax_Momentum', 'Strategy7_Mom_LowVolFilter', 'Strategy8_Vol_BuyPressure', 'Strategy9_Mom_VROC_Shock', 'Strategy11_Trend_ZScore', 'Strategy12_GnF_Yield_Ratio', 'Strategy10_Volume_Diff_Reversion', 'Strategy13_QQQ_Wavelet_Trend']
2026-02-15 01:15:15,107 [INFO]  [Mock Mode] 模擬執行器已啟動，所有訂單均為虛擬。
2026-02-15 01:15:17,156 [INFO] 監控 1h K 線...
2026-02-15 01:15:17,212 [INFO] [ETL] 處理新 K 線: 2026-02-14 16:00:00
2026-02-15 01:15:17,654 [INFO] [Portfolio]  額外策略加入: Price_Volume2 (觀察期) -> 0.0716 BTC
2026-02-15 01:15:17,656 [INFO] [SIGNAL] Price_Volume2 (69852.0) | CLOSE | Exit: OBV(-911028.9)<MA or ATR<MA
2026-02-15 01:15:17,656 [INFO] [SKIP] Price_Volume2 目前空手，無法平倉/無需動作
2026-02-15 01:15:17,656 [INFO] [Portfolio]  額外策略加入: Strategy3_MAD_OBV_Quantile (觀察期) -> 0.0716 BTC
2026-02-15 01:15:17,656 [INFO] [SIGNAL] Strategy3_MAD_OBV_Quantile (69852.0) | CLOSE | MAD_CoolDown or OBV_Weak
2026-02-15 01:15:17,657 [INFO] [SKIP] Strategy3_MAD_OBV_Quantile 目前空手，無法平倉/無需動作
2026-02-15 01:15:17,657 [INFO] [Portfolio]  額外策略加入: Strategy4_High_Momentum (觀察期) -> 0.0716 BTC
2026-02-15 01:15:17,657 [INFO] [SIGNAL] Strategy4_High_Momentum (69852.0) | CLOSE | Momentum_Collapsed
2026-02-15 01:15:17,658 [INFO] [SKIP] Strategy4_High_Momentum 目前空手，無法平倉/無需動作
2026-02-15 01:15:17,658 [INFO] [Portfolio]  額外策略加入: Strategy5_HighVol_Momentum (觀察期) -> 0.0716 BTC
2026-02-15 01:15:17,658 [INFO] [SIGNAL] Strategy5_HighVol_Momentum (69852.0) | CLOSE | Vol_Drop & Mom_Weak
2026-02-15 01:15:17,658 [INFO] [SKIP] Strategy5_HighVol_Momentum 目前空手，無法平倉/無需動作
2026-02-15 01:15:17,659 [INFO] [Portfolio]  額外策略加入: Strategy6_Climax_Momentum (觀察期) -> 0.0716 BTC
2026-02-15 01:15:17,659 [INFO] [SIGNAL] Strategy6_Climax_Momentum (69852.0) | CLOSE | Vol_CoolDown & OBV_Drop
2026-02-15 01:15:17,659 [INFO] [SKIP] Strategy6_Climax_Momentum 目前空手，無法平倉/無需動作
2026-02-15 01:15:17,659 [INFO] [Portfolio]  額外策略加入: Strategy9_Mom_VROC_Shock (觀察期) -> 0.0716 BTC
2026-02-15 01:15:17,660 [INFO] [SIGNAL] Strategy9_Mom_VROC_Shock (69852.0) | CLOSE | Mom_Fade & Vol_Normal
2026-02-15 01:15:17,660 [INFO] [SKIP] Strategy9_Mom_VROC_Shock 目前空手，無法平倉/無需動作
2026-02-15 01:15:17,660 [INFO] [Portfolio]  額外策略加入: Strategy11_Trend_ZScore (觀察期) -> 0.0716 BTC
2026-02-15 01:15:17,661 [INFO] [SIGNAL] Strategy11_Trend_ZScore (69852.0) | LONG | Ratio(1.04)>Th(0.72) & Z(0.90)>Th(0.27)
2026-02-15 01:15:17,661 [INFO] [Shadow] Strategy11_Trend_ZScore (觀察中) 固定量交易: -7.652709073842356e-05
2026-02-15 01:15:17,662 [INFO]  [DB] 交易已儲存: CLOSE 7.652709073842356e-05 BTCUSDT | PnL: 0.01
2026-02-15 01:15:17,663 [INFO] 本週期結束，等待下一次收盤...
2026-02-15 01:15:25,571 [WARNING] [AlphaVantage] 抓取失敗: We have detected your API key as E5VUD2IG0AV6U3WM and our standard API rate limit is 25 requests per day. Please subscribe to any of the premium plans at https://www.alphavantage.co/premium/ to instantly remove all daily rate limits.
2026-02-15 01:15:25,573 [INFO] [US_STOCK] AlphaVantage 失敗，切換至備用源 Tiingo 抓取 QQQ...
2026-02-15 01:15:26,540 [INFO] [US_STOCK] Tiingo 抓取成功！
2026-02-15 01:17:08,093 [WARNING] 停止運行
2026-02-15 01:31:37,704 [INFO] 設定檔載入成功: config.json
2026-02-15 01:31:38,345 [INFO] [BACKFILL] 正在檢查 BTCUSDT 數據完整性...
2026-02-15 01:31:38,348 [INFO] [BACKFILL] 上次收盤: 2026-02-14 17:00:00 | 現在時間: 2026-02-14 17:31:38.348000 | 缺少 K 線: 0 根
2026-02-15 01:31:38,349 [INFO] [BACKFILL] 開始回補 2 根 K 線...
2026-02-15 01:31:38,780 [INFO] [BACKFILL] 成功寫入 2 筆數據！斷層修復完成。
2026-02-15 01:31:38,782 [INFO] [BG-TASK] 開始更新外部數據...
2026-02-15 01:31:38,782 [INFO]  外部數據背景更新啟動
2026-02-15 01:31:38,782 [INFO] 載入外部數據源: ['fear_greed', 'google_trends', 'fred_macro', 'us_stock_qqq']
2026-02-15 01:31:38,784 [INFO] 策略已掛載: PriceVolume1
2026-02-15 01:31:38,785 [INFO] 策略已掛載: PriceVolume2
2026-02-15 01:31:38,785 [INFO] 策略已掛載: PriceVolume3
2026-02-15 01:31:38,785 [INFO] 策略已掛載: PriceVolume4
2026-02-15 01:31:38,786 [INFO] 策略已掛載: PriceVolume5
2026-02-15 01:31:38,786 [INFO] 策略已掛載: PriceVolume6
2026-02-15 01:31:38,786 [INFO] 策略已掛載: PriceVolume7
2026-02-15 01:31:38,787 [INFO] 策略已掛載: PriceVolume8
2026-02-15 01:31:38,787 [INFO] 策略已掛載: PriceVolume9
2026-02-15 01:31:38,787 [INFO] 策略已掛載: SentimentStrategyV3
2026-02-15 01:31:38,788 [INFO] 策略已掛載: SentimentStrategyV2
2026-02-15 01:31:38,788 [INFO] 策略已掛載: PriceVolume10
2026-02-15 01:31:38,788 [INFO] 策略已掛載: QQQ_price
2026-02-15 01:31:38,789 [INFO] 目前運行策略列表: ['Strategy1_MAD_BSR', 'Price_Volume2', 'Strategy3_MAD_OBV_Quantile', 'Strategy4_High_Momentum', 'Strategy5_HighVol_Momentum', 'Strategy6_Climax_Momentum', 'Strategy7_Mom_LowVolFilter', 'Strategy8_Vol_BuyPressure', 'Strategy9_Mom_VROC_Shock', 'Strategy11_Trend_ZScore', 'Strategy12_GnF_Yield_Ratio', 'Strategy10_Volume_Diff_Reversion', 'Strategy13_QQQ_Wavelet_Trend']
2026-02-15 01:31:38,789 [INFO]  [Mock Mode] 模擬執行器已啟動，所有訂單均為虛擬。
2026-02-15 01:31:40,352 [INFO] 監控 1h K 線...
2026-02-15 01:31:40,419 [INFO] [ETL] 處理新 K 線: 2026-02-14 16:00:00
2026-02-15 01:31:40,813 [INFO] [Portfolio]  週期到達，呼叫策略 (SHARPE_REBALANCE) 執行 Rebalance...
2026-02-15 01:31:40,824 [INFO]  Rebalance 完成 (價格: 69832.7)
2026-02-15 01:31:40,824 [INFO]    晉級組: ['TEST_LOOP', 'Strategy7_Mom_LowVolFilter', 'Strategy10_Volume_Diff_Reversion']
2026-02-15 01:31:40,824 [INFO]    觀察組: ['Price_Volume2', 'Strategy11_Trend_ZScore']
2026-02-15 01:31:40,824 [INFO] [SIGNAL] Price_Volume2 (69832.7) | CLOSE | Exit: OBV(-910974.8)<MA or ATR<MA
2026-02-15 01:31:40,824 [INFO] [SKIP] Price_Volume2 目前空手，無法平倉/無需動作
2026-02-15 01:31:40,824 [INFO] [Alloc]  新策略加入: Strategy3_MAD_OBV_Quantile 進入觀察期 -> 0.0716 BTC
2026-02-15 01:31:40,826 [INFO] [SIGNAL] Strategy3_MAD_OBV_Quantile (69832.7) | CLOSE | MAD_CoolDown or OBV_Weak
2026-02-15 01:31:40,826 [INFO] [SKIP] Strategy3_MAD_OBV_Quantile 目前空手，無法平倉/無需動作
2026-02-15 01:31:40,826 [INFO] [Alloc]  新策略加入: Strategy4_High_Momentum 進入觀察期 -> 0.0716 BTC
2026-02-15 01:31:40,826 [INFO] [SIGNAL] Strategy4_High_Momentum (69832.7) | CLOSE | Momentum_Collapsed
2026-02-15 01:31:40,826 [INFO] [SKIP] Strategy4_High_Momentum 目前空手，無法平倉/無需動作
2026-02-15 01:31:40,826 [INFO] [Alloc]  新策略加入: Strategy5_HighVol_Momentum 進入觀察期 -> 0.0716 BTC
2026-02-15 01:31:40,827 [INFO] [SIGNAL] Strategy5_HighVol_Momentum (69832.7) | CLOSE | Vol_Drop & Mom_Weak
2026-02-15 01:31:40,827 [INFO] [SKIP] Strategy5_HighVol_Momentum 目前空手，無法平倉/無需動作
2026-02-15 01:31:40,827 [INFO] [Alloc]  新策略加入: Strategy8_Vol_BuyPressure 進入觀察期 -> 0.0716 BTC
2026-02-15 01:31:40,828 [INFO] [SIGNAL] Strategy8_Vol_BuyPressure (69832.7) | CLOSE | Vol_Cool & Buy_Weak
2026-02-15 01:31:40,828 [INFO] [SKIP] Strategy8_Vol_BuyPressure 目前空手，無法平倉/無需動作
2026-02-15 01:31:40,828 [INFO] [Alloc]  新策略加入: Strategy9_Mom_VROC_Shock 進入觀察期 -> 0.0716 BTC
2026-02-15 01:31:40,829 [INFO] [SIGNAL] Strategy9_Mom_VROC_Shock (69832.7) | CLOSE | Mom_Fade & Vol_Normal
2026-02-15 01:31:40,829 [INFO] [SKIP] Strategy9_Mom_VROC_Shock 目前空手，無法平倉/無需動作
2026-02-15 01:31:40,829 [INFO] [SIGNAL] Strategy11_Trend_ZScore (69832.7) | LONG | Ratio(1.04)>Th(0.72) & Z(0.88)>Th(0.27)
2026-02-15 01:31:40,829 [INFO] [Shadow] Strategy11_Trend_ZScore (觀察中) 固定量交易: 1.978288535316175e-05
2026-02-15 01:31:40,831 [INFO]  [DB] 交易已儲存: LONG 1.978288535316175e-05 BTCUSDT | PnL: 0.00
2026-02-15 01:31:40,831 [INFO] 本週期結束，等待下一次收盤...
2026-02-15 01:31:53,108 [WARNING] [AlphaVantage] 抓取失敗: We have detected your API key as E5VUD2IG0AV6U3WM and our standard API rate limit is 25 requests per day. Please subscribe to any of the premium plans at https://www.alphavantage.co/premium/ to instantly remove all daily rate limits.
2026-02-15 01:31:53,110 [INFO] [US_STOCK] AlphaVantage 失敗，切換至備用源 Tiingo 抓取 QQQ...
2026-02-15 01:31:54,013 [INFO] [US_STOCK] Tiingo 抓取成功！
2026-02-15 01:33:04,643 [WARNING] 停止運行
2026-02-15 01:37:52,649 [INFO] 設定檔載入成功: config.json
2026-02-15 01:37:53,343 [INFO] [BACKFILL] 正在檢查 BTCUSDT 數據完整性...
2026-02-15 01:37:53,347 [INFO] [BACKFILL] 上次收盤: 2026-02-14 17:00:00 | 現在時間: 2026-02-14 17:37:53.347000 | 缺少 K 線: 0 根
2026-02-15 01:37:53,347 [INFO] [BACKFILL] 開始回補 2 根 K 線...
2026-02-15 01:37:53,713 [INFO] [BACKFILL] 成功寫入 2 筆數據！斷層修復完成。
2026-02-15 01:37:53,714 [INFO] [BG-TASK] 開始更新外部數據...
2026-02-15 01:37:53,714 [INFO]  外部數據背景更新啟動
2026-02-15 01:37:53,715 [INFO] 載入外部數據源: ['fear_greed', 'google_trends', 'fred_macro', 'us_stock_qqq']
2026-02-15 01:37:53,716 [INFO] 策略已掛載: PriceVolume1
2026-02-15 01:37:53,716 [INFO] 策略已掛載: PriceVolume2
2026-02-15 01:37:53,716 [INFO] 策略已掛載: PriceVolume3
2026-02-15 01:37:53,717 [INFO] 策略已掛載: PriceVolume4
2026-02-15 01:37:53,717 [INFO] 策略已掛載: PriceVolume5
2026-02-15 01:37:53,717 [INFO] 策略已掛載: PriceVolume6
2026-02-15 01:37:53,717 [INFO] 策略已掛載: PriceVolume7
2026-02-15 01:37:53,717 [INFO] 策略已掛載: PriceVolume8
2026-02-15 01:37:53,719 [INFO] 策略已掛載: PriceVolume9
2026-02-15 01:37:53,719 [INFO] 策略已掛載: SentimentStrategyV3
2026-02-15 01:37:53,719 [INFO] 策略已掛載: SentimentStrategyV2
2026-02-15 01:37:53,720 [INFO] 策略已掛載: PriceVolume10
2026-02-15 01:37:53,720 [INFO] 策略已掛載: QQQ_price
2026-02-15 01:37:53,720 [INFO] 目前運行策略列表: ['Strategy1_MAD_BSR', 'Price_Volume2', 'Strategy3_MAD_OBV_Quantile', 'Strategy4_High_Momentum', 'Strategy5_HighVol_Momentum', 'Strategy6_Climax_Momentum', 'Strategy7_Mom_LowVolFilter', 'Strategy8_Vol_BuyPressure', 'Strategy9_Mom_VROC_Shock', 'Strategy11_Trend_ZScore', 'Strategy12_GnF_Yield_Ratio', 'Strategy10_Volume_Diff_Reversion', 'Strategy13_QQQ_Wavelet_Trend']
2026-02-15 01:37:53,720 [INFO]  [Mock Mode] 模擬執行器已啟動，所有訂單均為虛擬。
2026-02-15 01:37:55,253 [INFO] 監控 1h K 線...
2026-02-15 01:37:55,377 [INFO] [ETL] 處理新 K 線: 2026-02-14 16:00:00
2026-02-15 01:37:55,761 [INFO] [Portfolio]  週期到達，呼叫策略 (SHARPE_REBALANCE) 執行 Rebalance...
2026-02-15 01:37:55,762 [INFO]  Rebalance 完成 (價格: 69640.2)
2026-02-15 01:37:55,762 [INFO]    晉級組: ['TEST_LOOP', 'Strategy7_Mom_LowVolFilter', 'Strategy10_Volume_Diff_Reversion']
2026-02-15 01:37:55,763 [INFO]    觀察組: ['Price_Volume2', 'Strategy11_Trend_ZScore']
2026-02-15 01:37:55,763 [INFO] [SIGNAL] Price_Volume2 (69640.2) | CLOSE | Exit: OBV(-911246.5)<MA or ATR<MA
2026-02-15 01:37:55,763 [INFO] [SKIP] Price_Volume2 目前空手，無法平倉/無需動作
2026-02-15 01:37:55,763 [INFO] [Alloc]  新策略加入: Strategy3_MAD_OBV_Quantile 進入觀察期 -> 0.0718 BTC
2026-02-15 01:37:55,764 [INFO] [SIGNAL] Strategy3_MAD_OBV_Quantile (69640.2) | CLOSE | MAD_CoolDown or OBV_Weak
2026-02-15 01:37:55,764 [INFO] [SKIP] Strategy3_MAD_OBV_Quantile 目前空手，無法平倉/無需動作
2026-02-15 01:37:55,764 [INFO] [Alloc]  新策略加入: Strategy4_High_Momentum 進入觀察期 -> 0.0718 BTC
2026-02-15 01:37:55,764 [INFO] [SIGNAL] Strategy4_High_Momentum (69640.2) | CLOSE | Momentum_Collapsed
2026-02-15 01:37:55,764 [INFO] [SKIP] Strategy4_High_Momentum 目前空手，無法平倉/無需動作
2026-02-15 01:37:55,765 [INFO] [Alloc]  新策略加入: Strategy5_HighVol_Momentum 進入觀察期 -> 0.0718 BTC
2026-02-15 01:37:55,765 [INFO] [SIGNAL] Strategy5_HighVol_Momentum (69640.2) | CLOSE | Vol_Drop & Mom_Weak
2026-02-15 01:37:55,765 [INFO] [SKIP] Strategy5_HighVol_Momentum 目前空手，無法平倉/無需動作
2026-02-15 01:37:55,765 [INFO] [Alloc]  新策略加入: Strategy6_Climax_Momentum 進入觀察期 -> 0.0718 BTC
2026-02-15 01:37:55,765 [INFO] [SIGNAL] Strategy6_Climax_Momentum (69640.2) | CLOSE | Vol_CoolDown & OBV_Drop
2026-02-15 01:37:55,766 [INFO] [SKIP] Strategy6_Climax_Momentum 目前空手，無法平倉/無需動作
2026-02-15 01:37:55,766 [INFO] [SIGNAL] Strategy7_Mom_LowVolFilter (69640.2) | CLOSE | Mom_Weak & Vol_Dead
2026-02-15 01:37:55,766 [INFO] [SKIP] Strategy7_Mom_LowVolFilter 目前空手，無法平倉/無需動作
2026-02-15 01:37:55,766 [INFO] [Alloc]  新策略加入: Strategy8_Vol_BuyPressure 進入觀察期 -> 0.0718 BTC
2026-02-15 01:37:55,766 [INFO] [SIGNAL] Strategy8_Vol_BuyPressure (69640.2) | CLOSE | Vol_Cool & Buy_Weak
2026-02-15 01:37:55,767 [INFO] [SKIP] Strategy8_Vol_BuyPressure 目前空手，無法平倉/無需動作
2026-02-15 01:37:55,767 [INFO] [Alloc]  新策略加入: Strategy9_Mom_VROC_Shock 進入觀察期 -> 0.0718 BTC
2026-02-15 01:37:55,767 [INFO] [SIGNAL] Strategy9_Mom_VROC_Shock (69640.2) | CLOSE | Mom_Fade & Vol_Normal
2026-02-15 01:37:55,767 [INFO] [SKIP] Strategy9_Mom_VROC_Shock 目前空手，無法平倉/無需動作
2026-02-15 01:37:55,767 [INFO] [SIGNAL] Strategy11_Trend_ZScore (69640.2) | LONG | Ratio(1.02)>Th(0.72) & Z(0.75)>Th(0.27)
2026-02-15 01:37:55,767 [INFO] [Shadow] Strategy11_Trend_ZScore (觀察中) 固定量交易: 0.00019791645098002353
2026-02-15 01:37:55,770 [INFO]  [DB] 交易已儲存: LONG 0.00019791645098002353 BTCUSDT | PnL: 0.00
2026-02-15 01:37:55,771 [INFO] 本週期結束，等待下一次收盤...
2026-02-15 01:38:07,231 [WARNING] [AlphaVantage] 抓取失敗: We have detected your API key as E5VUD2IG0AV6U3WM and our standard API rate limit is 25 requests per day. Please subscribe to any of the premium plans at https://www.alphavantage.co/premium/ to instantly remove all daily rate limits.
2026-02-15 01:38:07,233 [INFO] [US_STOCK] AlphaVantage 失敗，切換至備用源 Tiingo 抓取 QQQ...
2026-02-15 01:38:08,336 [INFO] [US_STOCK] Tiingo 抓取成功！
2026-02-15 01:38:25,443 [WARNING] 停止運行
2026-02-15 01:59:20,023 [INFO] 設定檔載入成功: config.json
2026-02-15 01:59:20,624 [INFO] [BACKFILL] 正在檢查 BTCUSDT 數據完整性...
2026-02-15 01:59:20,628 [INFO] [BACKFILL] 上次收盤: 2026-02-14 17:00:00 | 現在時間: 2026-02-14 17:59:20.628000 | 缺少 K 線: 0 根
2026-02-15 01:59:20,629 [INFO] [BACKFILL] 開始回補 2 根 K 線...
2026-02-15 01:59:21,082 [INFO] [BACKFILL] 成功寫入 2 筆數據！斷層修復完成。
2026-02-15 01:59:21,084 [INFO] [BG-TASK] 開始更新外部數據...
2026-02-15 01:59:21,084 [INFO]  外部數據背景更新啟動
2026-02-15 01:59:21,085 [INFO] 載入外部數據源: ['fear_greed', 'google_trends', 'fred_macro', 'us_stock_qqq']
2026-02-15 01:59:21,086 [INFO] 策略已掛載: PriceVolume1
2026-02-15 01:59:21,087 [INFO] 策略已掛載: PriceVolume2
2026-02-15 01:59:21,087 [INFO] 策略已掛載: PriceVolume3
2026-02-15 01:59:21,087 [INFO] 策略已掛載: PriceVolume4
2026-02-15 01:59:21,088 [INFO] 策略已掛載: PriceVolume5
2026-02-15 01:59:21,088 [INFO] 策略已掛載: PriceVolume6
2026-02-15 01:59:21,088 [INFO] 策略已掛載: PriceVolume7
2026-02-15 01:59:21,089 [INFO] 策略已掛載: PriceVolume8
2026-02-15 01:59:21,089 [INFO] 策略已掛載: PriceVolume9
2026-02-15 01:59:21,090 [INFO] 策略已掛載: SentimentStrategyV3
2026-02-15 01:59:21,090 [INFO] 策略已掛載: SentimentStrategyV2
2026-02-15 01:59:21,090 [INFO] 策略已掛載: PriceVolume10
2026-02-15 01:59:21,091 [INFO] 策略已掛載: QQQ_price
2026-02-15 01:59:21,091 [INFO] 目前運行策略列表: ['Strategy1_MAD_BSR', 'Price_Volume2', 'Strategy3_MAD_OBV_Quantile', 'Strategy4_High_Momentum', 'Strategy5_HighVol_Momentum', 'Strategy6_Climax_Momentum', 'Strategy7_Mom_LowVolFilter', 'Strategy8_Vol_BuyPressure', 'Strategy9_Mom_VROC_Shock', 'Strategy11_Trend_ZScore', 'Strategy12_GnF_Yield_Ratio', 'Strategy10_Volume_Diff_Reversion', 'Strategy13_QQQ_Wavelet_Trend']
2026-02-15 01:59:21,091 [INFO]  [Mock Mode] 模擬執行器已啟動，所有訂單均為虛擬。
2026-02-15 01:59:22,586 [INFO] 監控 1h K 線...
2026-02-15 01:59:22,642 [INFO] [ETL] 處理新 K 線: 2026-02-14 16:00:00
2026-02-15 01:59:23,098 [INFO] [Portfolio]  初始啟動，呼叫策略 (SHARPE_REBALANCE) 執行分配...
2026-02-15 01:59:23,098 [INFO] [Alloc] 檢測到初始狀態 (First Run)，強制執行等權重分配...
2026-02-15 01:59:23,099 [INFO]  分配完成 (價格: 69692.0)
2026-02-15 01:59:23,100 [INFO]    晉級: ['PriceVolume1', 'PriceVolume2', 'PriceVolume3', 'PriceVolume4', 'PriceVolume5', 'PriceVolume6', 'PriceVolume7', 'PriceVolume8', 'PriceVolume9', 'SentimentStrategyV3', 'SentimentStrategyV2', 'PriceVolume10', 'QQQ_price']
2026-02-15 01:59:23,100 [INFO]    觀察: []
2026-02-15 01:59:23,100 [INFO] [Alloc]  新策略 Price_Volume2 加入 -> 進入觀察期 (Shadow)
2026-02-15 01:59:23,101 [INFO] [SIGNAL] Price_Volume2 (69692.0) | CLOSE | Exit: OBV(-911291.5)<MA or ATR<MA
2026-02-15 01:59:23,101 [INFO] [SKIP] Price_Volume2 目前空手，無法平倉/無需動作
2026-02-15 01:59:23,101 [INFO] [Alloc]  新策略 Strategy3_MAD_OBV_Quantile 加入 -> 進入觀察期 (Shadow)
2026-02-15 01:59:23,102 [INFO] [SIGNAL] Strategy3_MAD_OBV_Quantile (69692.0) | CLOSE | MAD_CoolDown or OBV_Weak
2026-02-15 01:59:23,102 [INFO] [SKIP] Strategy3_MAD_OBV_Quantile 目前空手，無法平倉/無需動作
2026-02-15 01:59:23,102 [INFO] [Alloc]  新策略 Strategy4_High_Momentum 加入 -> 進入觀察期 (Shadow)
2026-02-15 01:59:23,103 [INFO] [SIGNAL] Strategy4_High_Momentum (69692.0) | CLOSE | Momentum_Collapsed
2026-02-15 01:59:23,103 [INFO] [SKIP] Strategy4_High_Momentum 目前空手，無法平倉/無需動作
2026-02-15 01:59:23,103 [INFO] [Alloc]  新策略 Strategy5_HighVol_Momentum 加入 -> 進入觀察期 (Shadow)
2026-02-15 01:59:23,104 [INFO] [SIGNAL] Strategy5_HighVol_Momentum (69692.0) | CLOSE | Vol_Drop & Mom_Weak
2026-02-15 01:59:23,104 [INFO] [SKIP] Strategy5_HighVol_Momentum 目前空手，無法平倉/無需動作
2026-02-15 01:59:23,104 [INFO] [Alloc]  新策略 Strategy6_Climax_Momentum 加入 -> 進入觀察期 (Shadow)
2026-02-15 01:59:23,105 [INFO] [SIGNAL] Strategy6_Climax_Momentum (69692.0) | CLOSE | Vol_CoolDown & OBV_Drop
2026-02-15 01:59:23,105 [INFO] [SKIP] Strategy6_Climax_Momentum 目前空手，無法平倉/無需動作
2026-02-15 01:59:23,105 [INFO] [Alloc]  新策略 Strategy8_Vol_BuyPressure 加入 -> 進入觀察期 (Shadow)
2026-02-15 01:59:23,106 [INFO] [SIGNAL] Strategy8_Vol_BuyPressure (69692.0) | CLOSE | Vol_Cool & Buy_Weak
2026-02-15 01:59:23,106 [INFO] [SKIP] Strategy8_Vol_BuyPressure 目前空手，無法平倉/無需動作
2026-02-15 01:59:23,106 [INFO] [Alloc]  新策略 Strategy9_Mom_VROC_Shock 加入 -> 進入觀察期 (Shadow)
2026-02-15 01:59:23,107 [INFO] [SIGNAL] Strategy9_Mom_VROC_Shock (69692.0) | CLOSE | Mom_Fade & Vol_Normal
2026-02-15 01:59:23,107 [INFO] [SKIP] Strategy9_Mom_VROC_Shock 目前空手，無法平倉/無需動作
2026-02-15 01:59:23,107 [INFO] [Alloc]  新策略 Strategy11_Trend_ZScore 加入 -> 進入觀察期 (Shadow)
2026-02-15 01:59:23,108 [INFO] [SIGNAL] Strategy11_Trend_ZScore (69692.0) | LONG | Ratio(0.98)>Th(0.72) & Z(0.79)>Th(0.27)
2026-02-15 01:59:23,108 [INFO] [Shadow] Strategy11_Trend_ZScore (觀察中) 固定量交易: -5.336503841996132e-05
2026-02-15 01:59:23,111 [INFO]  [DB] 交易已儲存: CLOSE 5.336503841996132e-05 BTCUSDT | PnL: -0.00
2026-02-15 01:59:23,112 [INFO] 本週期結束，等待下一次收盤...
2026-02-15 01:59:27,989 [WARNING] 停止運行
2026-02-15 02:03:34,028 [INFO] 設定檔載入成功: config.json
2026-02-15 02:03:34,583 [INFO] [BACKFILL] 正在檢查 BTCUSDT 數據完整性...
2026-02-15 02:03:34,587 [INFO] [BACKFILL] 上次收盤: 2026-02-14 17:00:00 | 現在時間: 2026-02-14 18:03:34.587000 | 缺少 K 線: 1 根
2026-02-15 02:03:34,588 [INFO] [BACKFILL] 開始回補 3 根 K 線...
2026-02-15 02:03:35,065 [INFO] [BACKFILL] 成功寫入 3 筆數據！斷層修復完成。
2026-02-15 02:03:35,066 [INFO] [BG-TASK] 開始更新外部數據...
2026-02-15 02:03:35,066 [INFO]  外部數據背景更新啟動
2026-02-15 02:03:35,066 [INFO] 載入外部數據源: ['fear_greed', 'google_trends', 'fred_macro', 'us_stock_qqq']
2026-02-15 02:03:35,068 [INFO] 策略已掛載: PriceVolume1
2026-02-15 02:03:35,068 [INFO] 策略已掛載: PriceVolume2
2026-02-15 02:03:35,069 [INFO] 策略已掛載: PriceVolume3
2026-02-15 02:03:35,069 [INFO] 策略已掛載: PriceVolume4
2026-02-15 02:03:35,069 [INFO] 策略已掛載: PriceVolume5
2026-02-15 02:03:35,071 [INFO] 策略已掛載: PriceVolume6
2026-02-15 02:03:35,071 [INFO] 策略已掛載: PriceVolume7
2026-02-15 02:03:35,071 [INFO] 策略已掛載: PriceVolume8
2026-02-15 02:03:35,071 [INFO] 策略已掛載: PriceVolume9
2026-02-15 02:03:35,072 [INFO] 策略已掛載: SentimentStrategyV3
2026-02-15 02:03:35,072 [INFO] 策略已掛載: SentimentStrategyV2
2026-02-15 02:03:35,072 [INFO] 策略已掛載: PriceVolume10
2026-02-15 02:03:35,073 [INFO] 策略已掛載: QQQ_price
2026-02-15 02:03:35,073 [INFO] 目前運行策略列表: ['Strategy1_MAD_BSR', 'Price_Volume2', 'Strategy3_MAD_OBV_Quantile', 'Strategy4_High_Momentum', 'Strategy5_HighVol_Momentum', 'Strategy6_Climax_Momentum', 'Strategy7_Mom_LowVolFilter', 'Strategy8_Vol_BuyPressure', 'Strategy9_Mom_VROC_Shock', 'Strategy11_Trend_ZScore', 'Strategy12_GnF_Yield_Ratio', 'Strategy10_Volume_Diff_Reversion', 'Strategy13_QQQ_Wavelet_Trend']
2026-02-15 02:03:35,073 [INFO]  [Mock Mode] 模擬執行器已啟動，所有訂單均為虛擬。
2026-02-15 02:03:36,600 [INFO] 監控 1h K 線...
2026-02-15 02:03:36,676 [INFO] [ETL] 處理新 K 線: 2026-02-14 17:00:00
2026-02-15 02:03:37,078 [INFO] [Portfolio]  初始啟動，呼叫策略 (SHARPE_REBALANCE) 執行分配...
2026-02-15 02:03:37,078 [INFO] [Alloc] 檢測到初始狀態 (First Run)，強制執行等權重分配...
2026-02-15 02:03:37,079 [INFO]  分配完成 (價格: 69708.2)
2026-02-15 02:03:37,079 [INFO]    晉級: ['PriceVolume1', 'PriceVolume2', 'PriceVolume3', 'PriceVolume4', 'PriceVolume5', 'PriceVolume6', 'PriceVolume7', 'PriceVolume8', 'PriceVolume9', 'SentimentStrategyV3', 'SentimentStrategyV2', 'PriceVolume10', 'QQQ_price']
2026-02-15 02:03:37,079 [INFO]    觀察: []
2026-02-15 02:03:37,079 [INFO] [Alloc]  新策略 Price_Volume2 加入 -> 進入觀察期 (Shadow)
2026-02-15 02:03:37,080 [INFO] [SIGNAL] Price_Volume2 (69708.2) | CLOSE | Exit: OBV(-909967.6)<MA or ATR<MA
2026-02-15 02:03:37,080 [INFO] [SKIP] Price_Volume2 目前空手，無法平倉/無需動作
2026-02-15 02:03:37,080 [INFO] [Alloc]  新策略 Strategy3_MAD_OBV_Quantile 加入 -> 進入觀察期 (Shadow)
2026-02-15 02:03:37,081 [INFO] [SIGNAL] Strategy3_MAD_OBV_Quantile (69708.2) | CLOSE | MAD_CoolDown or OBV_Weak
2026-02-15 02:03:37,081 [INFO] [SKIP] Strategy3_MAD_OBV_Quantile 目前空手，無法平倉/無需動作
2026-02-15 02:03:37,081 [INFO] [Alloc]  新策略 Strategy4_High_Momentum 加入 -> 進入觀察期 (Shadow)
2026-02-15 02:03:37,082 [INFO] [SIGNAL] Strategy4_High_Momentum (69708.2) | CLOSE | Momentum_Collapsed
2026-02-15 02:03:37,082 [INFO] [SKIP] Strategy4_High_Momentum 目前空手，無法平倉/無需動作
2026-02-15 02:03:37,082 [INFO] [Alloc]  新策略 Strategy5_HighVol_Momentum 加入 -> 進入觀察期 (Shadow)
2026-02-15 02:03:37,082 [INFO] [SIGNAL] Strategy5_HighVol_Momentum (69708.2) | CLOSE | Vol_Drop & Mom_Weak
2026-02-15 02:03:37,082 [INFO] [SKIP] Strategy5_HighVol_Momentum 目前空手，無法平倉/無需動作
2026-02-15 02:03:37,083 [INFO] [Alloc]  新策略 Strategy6_Climax_Momentum 加入 -> 進入觀察期 (Shadow)
2026-02-15 02:03:37,083 [INFO] [SIGNAL] Strategy6_Climax_Momentum (69708.2) | CLOSE | Vol_CoolDown & OBV_Drop
2026-02-15 02:03:37,083 [INFO] [SKIP] Strategy6_Climax_Momentum 目前空手，無法平倉/無需動作
2026-02-15 02:03:37,083 [INFO] [Alloc]  新策略 Strategy9_Mom_VROC_Shock 加入 -> 進入觀察期 (Shadow)
2026-02-15 02:03:37,084 [INFO] [SIGNAL] Strategy9_Mom_VROC_Shock (69708.2) | CLOSE | Mom_Fade & Vol_Normal
2026-02-15 02:03:37,084 [INFO] [SKIP] Strategy9_Mom_VROC_Shock 目前空手，無法平倉/無需動作
2026-02-15 02:03:37,084 [INFO] [Alloc]  新策略 Strategy11_Trend_ZScore 加入 -> 進入觀察期 (Shadow)
2026-02-15 02:03:37,085 [INFO] [SIGNAL] Strategy11_Trend_ZScore (69708.2) | LONG | Ratio(0.98)>Th(0.72) & Z(0.81)>Th(0.27)
2026-02-15 02:03:37,085 [INFO] [Shadow] Strategy11_Trend_ZScore (觀察中) 固定量交易: -1.6673171692946354e-05
2026-02-15 02:03:37,087 [INFO]  [DB] 交易已儲存: CLOSE 1.6673171692946354e-05 BTCUSDT | PnL: -0.00
2026-02-15 02:03:37,088 [INFO] 本週期結束，等待下一次收盤...
2026-02-15 02:03:40,051 [WARNING] 停止運行
